case,repeat,train_n,candidate,partition,evaluation_mass_with_estimable_gap,mass_weighted_absolute_gap,mass_weighted_c2_width
D2_noise0.00,0,1000,hellinger__baseline32__a2,fixed,1.0,0.06438743157418522,0.291628998840444
D2_noise0.00,0,1000,kl__baseline32__a2,fixed,1.0,0.04902467914099593,0.2896524005697414
D2_noise0.00,0,1000,chisq__baseline32__a2,fixed,0.9999999999999997,0.04459107954558702,0.2919316433294357
D2_noise0.00,0,1000,js__baseline32__a2,fixed,1.0000000000000002,0.036818575670205224,0.29111731919829703
D2_noise0.00,0,1000,hellinger__baseline32__a1,fixed,0.9999999999999999,0.05504149333977061,0.2965277058282383
D2_noise0.00,0,1000,hellinger__baseline32__a3,fixed,1.0,0.05561881074116166,0.28097689000639414
D2_noise0.00,0,1000,hellinger__baseline32__a4,fixed,1.0,0.05820687072616218,0.2870972359134909
D2_noise0.00,0,1000,hellinger__wide64__a1,fixed,1.0,0.0699938236590317,0.26600537723046025
D2_noise0.00,0,1000,hellinger__wide64__a2,fixed,1.0000000000000002,0.051212626069240194,0.2738581880377632
D2_noise0.00,0,1000,hellinger__wide64__a3,fixed,0.9999999999999999,0.06484873306926976,0.27074772236715094
D2_noise0.00,0,1000,hellinger__wide64__a4,fixed,1.0,0.09079947492739476,0.26250666583886406
D2_noise0.00,0,1000,hellinger__deep64__a1,fixed,0.9999999999999999,0.0441232072228394,0.28421986331516735
D2_noise0.00,0,1000,hellinger__deep64__a2,fixed,0.9999999999999998,0.03207942330459452,0.28148702759606886
D2_noise0.00,0,1000,hellinger__deep64__a3,fixed,1.0,0.04795859476450361,0.2820419101526166
D2_noise0.00,0,1000,hellinger__deep64__a4,fixed,1.0000000000000002,0.05422336799036217,0.27729523944831297
D2_noise0.00,0,1000,hellinger__residual64__a1,fixed,1.0,0.0519542763959993,0.2869332266822108
D2_noise0.00,0,1000,hellinger__residual64__a2,fixed,0.9999999999999998,0.07515708285841911,0.27899214827540203
D2_noise0.00,0,1000,hellinger__residual64__a3,fixed,0.9999999999999999,0.10561368698030975,0.2752449902154857
D2_noise0.00,0,1000,hellinger__residual64__a4,fixed,0.9999999999999999,0.09148858059557398,0.28253643966543174
D2_noise0.00,0,1000,hellinger__bottleneck8_residual64__a1,fixed,1.0,0.05724260635026972,0.2925672243826035
D2_noise0.00,0,1000,hellinger__bottleneck8_residual64__a2,fixed,1.0,0.044309945683437636,0.29132539249220607
D2_noise0.00,0,1000,hellinger__bottleneck8_residual64__a3,fixed,0.9999999999999999,0.04949944716057247,0.291380574660043
D2_noise0.00,0,1000,hellinger__bottleneck8_residual64__a4,fixed,1.0,0.057183877718542,0.29069364970985745
D2_noise0.00,1,1000,hellinger__baseline32__a2,fixed,1.0,0.12889591384662694,0.28515541857257704
D2_noise0.00,1,1000,kl__baseline32__a2,fixed,1.0,0.06256641844218795,0.2936712702084651
D2_noise0.00,1,1000,chisq__baseline32__a2,fixed,1.0000000000000002,0.07167995061359775,0.295660759152743
D2_noise0.00,1,1000,js__baseline32__a2,fixed,1.0,0.0660000035022257,0.2954137111653148
D2_noise0.00,1,1000,hellinger__baseline32__a1,fixed,0.9999999999999999,0.14758708710068713,0.3003466537640623
D2_noise0.00,1,1000,hellinger__baseline32__a3,fixed,0.9999999999999998,0.12385208121474436,0.28482082604367814
D2_noise0.00,1,1000,hellinger__baseline32__a4,fixed,1.0,0.12051390489474956,0.28579331523333096
D2_noise0.00,1,1000,hellinger__wide64__a1,fixed,0.9999499999999998,0.13338415478395288,0.29156013531247377
D2_noise0.00,1,1000,hellinger__wide64__a2,fixed,0.9999999999999999,0.13150327945657558,0.29181190460350076
D2_noise0.00,1,1000,hellinger__wide64__a3,fixed,1.0,0.1375659196761245,0.29038507703466526
D2_noise0.00,1,1000,hellinger__wide64__a4,fixed,1.0,0.13409946767624448,0.29027910379099353
D2_noise0.00,1,1000,hellinger__deep64__a1,fixed,1.0,0.13496382289700368,0.2828485550865295
D2_noise0.00,1,1000,hellinger__deep64__a2,fixed,1.0,0.15582746398980288,0.300475662623425
D2_noise0.00,1,1000,hellinger__deep64__a3,fixed,1.0,0.14395646619730806,0.2971159362221119
D2_noise0.00,1,1000,hellinger__deep64__a4,fixed,1.0,0.13348498347096127,0.2954357946345614
D2_noise0.00,1,1000,hellinger__residual64__a1,fixed,0.9999999999999999,0.14267928979277644,0.2992660122113565
D2_noise0.00,1,1000,hellinger__residual64__a2,fixed,1.0,0.13328360005768802,0.2938406848144601
D2_noise0.00,1,1000,hellinger__residual64__a3,fixed,1.0,0.13182945487741557,0.28784306313021757
D2_noise0.00,1,1000,hellinger__residual64__a4,fixed,0.9999999999999998,0.1316650223639664,0.29677053831149053
D2_noise0.00,1,1000,hellinger__bottleneck8_residual64__a1,fixed,0.9999999999999999,0.1417252637626453,0.2932818289916459
D2_noise0.00,1,1000,hellinger__bottleneck8_residual64__a2,fixed,1.0,0.12816052969564318,0.28419278758829924
D2_noise0.00,1,1000,hellinger__bottleneck8_residual64__a3,fixed,1.0000000000000002,0.15840401264532813,0.2240544204146701
D2_noise0.00,1,1000,hellinger__bottleneck8_residual64__a4,fixed,0.9999999999999999,0.046290300636167896,0.16806046260089236
D2_noise0.00,2,1000,hellinger__baseline32__a2,fixed,1.0,0.04791614910157117,0.2944739416059245
D2_noise0.00,2,1000,kl__baseline32__a2,fixed,0.9999999999999999,0.02481477689433609,0.28437162796526977
D2_noise0.00,2,1000,chisq__baseline32__a2,fixed,1.0,0.04608756245680373,0.2766790394911533
D2_noise0.00,2,1000,js__baseline32__a2,fixed,1.0,0.031671300336522726,0.2815647258755579
D2_noise0.00,2,1000,hellinger__baseline32__a1,fixed,1.0000000000000002,0.03479814933540081,0.29031919389341465
D2_noise0.00,2,1000,hellinger__baseline32__a3,fixed,1.0,0.03589554855988826,0.2874152726828263
D2_noise0.00,2,1000,hellinger__baseline32__a4,fixed,1.0,0.03631150960297714,0.28781052704239335
D2_noise0.00,2,1000,hellinger__wide64__a1,fixed,1.0000000000000002,0.04391087590035735,0.29008237019938166
D2_noise0.00,2,1000,hellinger__wide64__a2,fixed,1.0000000000000002,0.05897452989170124,0.28943033304220805
D2_noise0.00,2,1000,hellinger__wide64__a3,fixed,1.0000000000000002,0.05146382276669091,0.2919426700499791
D2_noise0.00,2,1000,hellinger__wide64__a4,fixed,0.9999999999999999,0.052289114624149535,0.28508672172188
D2_noise0.00,2,1000,hellinger__deep64__a1,fixed,1.0,0.05349927209301636,0.2801214111652781
D2_noise0.00,2,1000,hellinger__deep64__a2,fixed,0.9999999999999999,0.06242613811136557,0.28516620834062123
D2_noise0.00,2,1000,hellinger__deep64__a3,fixed,1.0,0.05495562956799913,0.28311922224653585
D2_noise0.00,2,1000,hellinger__deep64__a4,fixed,1.0000000000000002,0.058875093935495414,0.27947421321122584
D2_noise0.00,2,1000,hellinger__residual64__a1,fixed,1.0,0.059295530613348836,0.28940424021429867
D2_noise0.00,2,1000,hellinger__residual64__a2,fixed,1.0,0.04538090836926084,0.2861365653665426
D2_noise0.00,2,1000,hellinger__residual64__a3,fixed,1.0,0.07217089860487312,0.2751372898884289
D2_noise0.00,2,1000,hellinger__residual64__a4,fixed,1.0,0.05293620456398562,0.283930928788313
D2_noise0.00,2,1000,hellinger__bottleneck8_residual64__a1,fixed,1.0,0.0632593343585742,0.29116819170920777
D2_noise0.00,2,1000,hellinger__bottleneck8_residual64__a2,fixed,1.0,0.061864893680003766,0.28953374367449847
D2_noise0.00,2,1000,hellinger__bottleneck8_residual64__a3,fixed,1.0,0.05025728387251281,0.2940375603163449
D2_noise0.00,2,1000,hellinger__bottleneck8_residual64__a4,fixed,0.9999999999999999,0.04515454610712235,0.28669876536886946
D2_noise0.00,3,1000,hellinger__baseline32__a2,fixed,1.0,0.07308838128219695,0.28030943492305427
D2_noise0.00,3,1000,kl__baseline32__a2,fixed,1.0000000000000002,0.09398140713036011,0.2740294249896394
D2_noise0.00,3,1000,chisq__baseline32__a2,fixed,1.0,0.0403516591160734,0.2865719011578645
D2_noise0.00,3,1000,js__baseline32__a2,fixed,0.9999999999999999,0.0462880041908128,0.28897254761670027
D2_noise0.00,3,1000,hellinger__baseline32__a1,fixed,1.0,0.0815573633589101,0.28622329718955974
D2_noise0.00,3,1000,hellinger__baseline32__a3,fixed,1.0,0.08119793267425132,0.28024263084552387
D2_noise0.00,3,1000,hellinger__baseline32__a4,fixed,1.0,0.08950783431818378,0.28485880062521207
D2_noise0.00,3,1000,hellinger__wide64__a1,fixed,1.0,0.15742922246906293,0.3064297543757496
D2_noise0.00,3,1000,hellinger__wide64__a2,fixed,1.0000000000000002,0.1542485194803655,0.30292585786278975
D2_noise0.00,3,1000,hellinger__wide64__a3,fixed,1.0,0.14556377233302215,0.29819037249989233
D2_noise0.00,3,1000,hellinger__wide64__a4,fixed,1.0,0.14486927356788065,0.2987830361195407
D2_noise0.00,3,1000,hellinger__deep64__a1,fixed,1.0,0.1609460764675965,0.3047620865689005
D2_noise0.00,3,1000,hellinger__deep64__a2,fixed,1.0,0.06594766892609394,0.28226660845484086
D2_noise0.00,3,1000,hellinger__deep64__a3,fixed,1.0000000000000002,0.05479588638276969,0.28938155002818144
D2_noise0.00,3,1000,hellinger__deep64__a4,fixed,1.0,0.054162171141283647,0.2852787107577854
D2_noise0.00,3,1000,hellinger__residual64__a1,fixed,0.9999999999999999,0.1384492698166691,0.29448648115914344
D2_noise0.00,3,1000,hellinger__residual64__a2,fixed,1.0000000000000002,0.13329523187102968,0.29235469294033867
D2_noise0.00,3,1000,hellinger__residual64__a3,fixed,1.0,0.13743676229409887,0.2963837832802148
D2_noise0.00,3,1000,hellinger__residual64__a4,fixed,1.0,0.15004993702491992,0.3013591965644644
D2_noise0.00,3,1000,hellinger__bottleneck8_residual64__a1,fixed,1.0,0.06089220159858909,0.28840071584768623
D2_noise0.00,3,1000,hellinger__bottleneck8_residual64__a2,fixed,1.0000000000000002,0.05602884564341268,0.2875345976826622
D2_noise0.00,3,1000,hellinger__bottleneck8_residual64__a3,fixed,1.0,0.05419721096369957,0.2885185134179719
D2_noise0.00,3,1000,hellinger__bottleneck8_residual64__a4,fixed,0.9999999999999999,0.05458280813593234,0.29039653673359794
D2_noise0.00,4,1000,hellinger__baseline32__a2,fixed,1.0,0.065159944380881,0.2856768017436238
D2_noise0.00,4,1000,kl__baseline32__a2,fixed,1.0,0.05436741834512134,0.2925046490876216
D2_noise0.00,4,1000,chisq__baseline32__a2,fixed,1.0,0.06045518811615034,0.29357993289474543
D2_noise0.00,4,1000,js__baseline32__a2,fixed,0.9999999999999999,0.060656880987817,0.29508995611059097
D2_noise0.00,4,1000,hellinger__baseline32__a1,fixed,1.0,0.06287802028839025,0.2833939186152414
D2_noise0.00,4,1000,hellinger__baseline32__a3,fixed,1.0,0.06225655251198477,0.28396397569346665
D2_noise0.00,4,1000,hellinger__baseline32__a4,fixed,1.0,0.0607477662854039,0.28405262944988346
D2_noise0.00,4,1000,hellinger__wide64__a1,fixed,1.0000000000000002,0.07022366709220951,0.27851818738258627
D2_noise0.00,4,1000,hellinger__wide64__a2,fixed,1.0,0.06856694683883209,0.2809224461331314
D2_noise0.00,4,1000,hellinger__wide64__a3,fixed,1.0,0.061377808850214655,0.2789796522608371
D2_noise0.00,4,1000,hellinger__wide64__a4,fixed,0.9999999999999999,0.06643406715119586,0.27734107493016186
D2_noise0.00,4,1000,hellinger__deep64__a1,fixed,1.0,0.082031108758191,0.27243196350695054
D2_noise0.00,4,1000,hellinger__deep64__a2,fixed,0.9999999999999999,0.06850041190262572,0.2969338263151162
D2_noise0.00,4,1000,hellinger__deep64__a3,fixed,1.0,0.051806580327338585,0.2892565289265131
D2_noise0.00,4,1000,hellinger__deep64__a4,fixed,0.9999999999999998,0.06033934627229468,0.29299162358298525
D2_noise0.00,4,1000,hellinger__residual64__a1,fixed,1.0,0.07783245560375252,0.27271993633785185
D2_noise0.00,4,1000,hellinger__residual64__a2,fixed,0.9999999999999999,0.10797694187749039,0.28214978965264054
D2_noise0.00,4,1000,hellinger__residual64__a3,fixed,0.9999999999999999,0.10962095941948959,0.28428523715152426
D2_noise0.00,4,1000,hellinger__residual64__a4,fixed,0.9999999999999999,0.11272413327278588,0.2826482449953028
D2_noise0.00,4,1000,hellinger__bottleneck8_residual64__a1,fixed,1.0,0.05539056126682701,0.2886868554381402
D2_noise0.00,4,1000,hellinger__bottleneck8_residual64__a2,fixed,1.0000000000000002,0.05857527646055043,0.2872310260034208
D2_noise0.00,4,1000,hellinger__bottleneck8_residual64__a3,fixed,1.0,0.05331204533846332,0.2849333719918549
D2_noise0.00,4,1000,hellinger__bottleneck8_residual64__a4,fixed,1.0,0.06027754417194926,0.2838087599056008
D2_noise0.00,5,1000,hellinger__baseline32__a2,fixed,1.0,0.10344545323488245,0.28422689946345675
D2_noise0.00,5,1000,kl__baseline32__a2,fixed,0.9999999999999999,0.05400928463716276,0.2744553398857656
D2_noise0.00,5,1000,chisq__baseline32__a2,fixed,1.0,0.050233942175775134,0.2795344489934415
D2_noise0.00,5,1000,js__baseline32__a2,fixed,1.0000000000000002,0.04426764208818744,0.27611616881451756
D2_noise0.00,5,1000,hellinger__baseline32__a1,fixed,0.9999999999999999,0.13109005848262803,0.2918009680059721
D2_noise0.00,5,1000,hellinger__baseline32__a3,fixed,1.0,0.09295753942263178,0.2792857474637088
D2_noise0.00,5,1000,hellinger__baseline32__a4,fixed,1.0,0.08321456322982075,0.27946883467974853
D2_noise0.00,5,1000,hellinger__wide64__a1,fixed,1.0,0.15234806388855665,0.3083219656652043
D2_noise0.00,5,1000,hellinger__wide64__a2,fixed,1.0,0.1508946606729403,0.3026295377524459
D2_noise0.00,5,1000,hellinger__wide64__a3,fixed,0.9999999999999998,0.15655248831882596,0.30279348896251235
D2_noise0.00,5,1000,hellinger__wide64__a4,fixed,1.0,0.15107650748680224,0.3024647978902835
D2_noise0.00,5,1000,hellinger__deep64__a1,fixed,1.0000000000000002,0.12488571406871538,0.3044520844986331
D2_noise0.00,5,1000,hellinger__deep64__a2,fixed,1.0,0.10752215039877837,0.3001849724610792
D2_noise0.00,5,1000,hellinger__deep64__a3,fixed,1.0,0.11323986369530603,0.2987699113204539
D2_noise0.00,5,1000,hellinger__deep64__a4,fixed,1.0,0.09573112101906152,0.29479677366738843
D2_noise0.00,5,1000,hellinger__residual64__a1,fixed,1.0,0.118593729847945,0.2987631209100629
D2_noise0.00,5,1000,hellinger__residual64__a2,fixed,0.9999999999999999,0.11977430970474293,0.2943945187299413
D2_noise0.00,5,1000,hellinger__residual64__a3,fixed,1.0,0.12441878076051281,0.2987008193463704
D2_noise0.00,5,1000,hellinger__residual64__a4,fixed,1.0000000000000002,0.13984411291046234,0.2978433632320269
D2_noise0.00,5,1000,hellinger__bottleneck8_residual64__a1,fixed,0.9999999999999999,0.04535416441162646,0.2780009400089176
D2_noise0.00,5,1000,hellinger__bottleneck8_residual64__a2,fixed,1.0,0.06195445160206484,0.2696696894542246
D2_noise0.00,5,1000,hellinger__bottleneck8_residual64__a3,fixed,1.0000000000000002,0.04395245831213515,0.2789265757566239
D2_noise0.00,5,1000,hellinger__bottleneck8_residual64__a4,fixed,1.0000000000000002,0.0507070263919428,0.27532921431644103
D2_noise0.00,6,1000,hellinger__baseline32__a2,fixed,1.0,0.15111619141189397,0.29753351570922704
D2_noise0.00,6,1000,kl__baseline32__a2,fixed,1.0,0.05087026792340685,0.2870452977564738
D2_noise0.00,6,1000,chisq__baseline32__a2,fixed,1.0,0.0520698457476096,0.2809022392695417
D2_noise0.00,6,1000,js__baseline32__a2,fixed,0.9999999999999998,0.036391561168706205,0.2876232462092953
D2_noise0.00,6,1000,hellinger__baseline32__a1,fixed,0.9999999999999998,0.09392236181716081,0.2775241254342962
D2_noise0.00,6,1000,hellinger__baseline32__a3,fixed,1.0000000000000002,0.1357856681929616,0.29216394123349226
D2_noise0.00,6,1000,hellinger__baseline32__a4,fixed,1.0,0.08884698605350534,0.2717363603660171
D2_noise0.00,6,1000,hellinger__wide64__a1,fixed,0.9999999999999999,0.06880651513713622,0.26964861279985197
D2_noise0.00,6,1000,hellinger__wide64__a2,fixed,0.9999999999999999,0.0885385607165095,0.2703138320296311
D2_noise0.00,6,1000,hellinger__wide64__a3,fixed,1.0,0.13218909000415396,0.29665447785611243
D2_noise0.00,6,1000,hellinger__wide64__a4,fixed,1.0,0.09014757247125965,0.27182038972188594
D2_noise0.00,6,1000,hellinger__deep64__a1,fixed,1.0,0.16623515127284869,0.3068643862196069
D2_noise0.00,6,1000,hellinger__deep64__a2,fixed,1.0,0.14134122906575328,0.29440834459418835
D2_noise0.00,6,1000,hellinger__deep64__a3,fixed,0.9999999999999999,0.1475882475111626,0.2962780787280994
D2_noise0.00,6,1000,hellinger__deep64__a4,fixed,1.0,0.16686782032397598,0.3038638679941294
D2_noise0.00,6,1000,hellinger__residual64__a1,fixed,1.0,0.12652943207391068,0.2879213442746706
D2_noise0.00,6,1000,hellinger__residual64__a2,fixed,1.0,0.0913060023218809,0.2694689606474582
D2_noise0.00,6,1000,hellinger__residual64__a3,fixed,0.9999999999999999,0.118646920857017,0.2857656336671285
D2_noise0.00,6,1000,hellinger__residual64__a4,fixed,0.9999999999999998,0.10094197622027115,0.2774602680178972
D2_noise0.00,6,1000,hellinger__bottleneck8_residual64__a1,fixed,1.0,0.11424380580034016,0.30092888719703986
D2_noise0.00,6,1000,hellinger__bottleneck8_residual64__a2,fixed,1.0000000000000002,0.09458264471808955,0.2983259019895387
D2_noise0.00,6,1000,hellinger__bottleneck8_residual64__a3,fixed,1.0,0.07841837574282355,0.2969548435781457
D2_noise0.00,6,1000,hellinger__bottleneck8_residual64__a4,fixed,1.0,0.07638749237689306,0.2851357331988169
D2_noise0.00,7,1000,hellinger__baseline32__a2,fixed,0.9999999999999998,0.0507206662688556,0.27573346034071056
D2_noise0.00,7,1000,kl__baseline32__a2,fixed,0.9999999999999999,0.05341569082514626,0.2788341478408562
D2_noise0.00,7,1000,chisq__baseline32__a2,fixed,1.0,0.06367217956150438,0.2678643936423868
D2_noise0.00,7,1000,js__baseline32__a2,fixed,1.0,0.048485186173722376,0.2785835203041502
D2_noise0.00,7,1000,hellinger__baseline32__a1,fixed,1.0000000000000002,0.05843949803899112,0.2773279732430089
D2_noise0.00,7,1000,hellinger__baseline32__a3,fixed,1.0000000000000002,0.053244388872254654,0.284371033020006
D2_noise0.00,7,1000,hellinger__baseline32__a4,fixed,1.0,0.051602882614097935,0.27627976282221933
D2_noise0.00,7,1000,hellinger__wide64__a1,fixed,0.9999999999999999,0.06450152671623911,0.2828873322529202
D2_noise0.00,7,1000,hellinger__wide64__a2,fixed,1.0,0.06268688982088393,0.2846918699380339
D2_noise0.00,7,1000,hellinger__wide64__a3,fixed,1.0,0.0648525675168709,0.2823452848957078
D2_noise0.00,7,1000,hellinger__wide64__a4,fixed,1.0,0.06319686275599191,0.27809459845490764
D2_noise0.00,7,1000,hellinger__deep64__a1,fixed,1.0,0.04670191475749176,0.2857913040424221
D2_noise0.00,7,1000,hellinger__deep64__a2,fixed,0.9999999999999999,0.04340664398980076,0.29011545768473984
D2_noise0.00,7,1000,hellinger__deep64__a3,fixed,0.9999999999999999,0.0659976299792658,0.28441441035248144
D2_noise0.00,7,1000,hellinger__deep64__a4,fixed,0.9999999999999998,0.055379811403458316,0.2934371840740086
D2_noise0.00,7,1000,hellinger__residual64__a1,fixed,1.0,0.057369338687519054,0.27475495496556496
D2_noise0.00,7,1000,hellinger__residual64__a2,fixed,1.0,0.059300440534948165,0.2820474644458177
D2_noise0.00,7,1000,hellinger__residual64__a3,fixed,1.0,0.05671760464716051,0.2764495919429707
D2_noise0.00,7,1000,hellinger__residual64__a4,fixed,1.0000000000000002,0.0635725813651403,0.27748978419833864
D2_noise0.00,7,1000,hellinger__bottleneck8_residual64__a1,fixed,0.9999999999999998,0.0722205535895748,0.2761480568370421
D2_noise0.00,7,1000,hellinger__bottleneck8_residual64__a2,fixed,1.0,0.05818226610017107,0.28561906782840113
D2_noise0.00,7,1000,hellinger__bottleneck8_residual64__a3,fixed,0.9999999999999999,0.06151872527024397,0.2875680166695619
D2_noise0.00,7,1000,hellinger__bottleneck8_residual64__a4,fixed,1.0000000000000002,0.052372857753144056,0.2859197769537041
D2_noise0.00,8,1000,hellinger__baseline32__a2,fixed,1.0,0.041121585001941324,0.2819869625475184
D2_noise0.00,8,1000,kl__baseline32__a2,fixed,1.0000000000000002,0.04074393212958092,0.28117015906147447
D2_noise0.00,8,1000,chisq__baseline32__a2,fixed,1.0,0.03650828050217656,0.2840070648352458
D2_noise0.00,8,1000,js__baseline32__a2,fixed,0.9999999999999998,0.04054791349358664,0.28162662851025644
D2_noise0.00,8,1000,hellinger__baseline32__a1,fixed,1.0,0.0315689069719351,0.2779565237859878
D2_noise0.00,8,1000,hellinger__baseline32__a3,fixed,1.0000000000000002,0.07921144497796674,0.2786658709729939
D2_noise0.00,8,1000,hellinger__baseline32__a4,fixed,0.9999999999999999,0.0439386256267427,0.28406074651008056
D2_noise0.00,8,1000,hellinger__wide64__a1,fixed,1.0,0.1568000647644878,0.29123376696812786
D2_noise0.00,8,1000,hellinger__wide64__a2,fixed,1.0,0.17490698033437607,0.29981008659961295
D2_noise0.00,8,1000,hellinger__wide64__a3,fixed,1.0,0.16866441325555606,0.2968152777021068
D2_noise0.00,8,1000,hellinger__wide64__a4,fixed,1.0000000000000002,0.14031548123342305,0.2860280908888616
D2_noise0.00,8,1000,hellinger__deep64__a1,fixed,1.0000000000000002,0.11002204100287642,0.2670692468709429
D2_noise0.00,8,1000,hellinger__deep64__a2,fixed,1.0,0.03628048801272202,0.28121086350651536
D2_noise0.00,8,1000,hellinger__deep64__a3,fixed,1.0,0.044915461204048074,0.2817704236526529
D2_noise0.00,8,1000,hellinger__deep64__a4,fixed,1.0,0.04460137197843308,0.27783866723181516
D2_noise0.00,8,1000,hellinger__residual64__a1,fixed,1.0,0.13972013603871664,0.2858518076590827
D2_noise0.00,8,1000,hellinger__residual64__a2,fixed,0.9999999999999998,0.1458087185981847,0.2948502910852685
D2_noise0.00,8,1000,hellinger__residual64__a3,fixed,1.0,0.17131608040127605,0.30077748503054447
D2_noise0.00,8,1000,hellinger__residual64__a4,fixed,1.0000000000000002,0.1895545761943726,0.3045239577333148
D2_noise0.00,8,1000,hellinger__bottleneck8_residual64__a1,fixed,0.9999999999999999,0.048629766770633215,0.281743070189631
D2_noise0.00,8,1000,hellinger__bottleneck8_residual64__a2,fixed,1.0,0.05543666018969362,0.280386128971257
D2_noise0.00,8,1000,hellinger__bottleneck8_residual64__a3,fixed,1.0,0.03447410603788299,0.27967076945319014
D2_noise0.00,8,1000,hellinger__bottleneck8_residual64__a4,fixed,0.9999999999999998,0.042629732415320115,0.2802900903706693
D2_noise0.00,9,1000,hellinger__baseline32__a2,fixed,1.0,0.051318400309057446,0.29305892204163647
D2_noise0.00,9,1000,kl__baseline32__a2,fixed,1.0,0.03532749592271818,0.28818869273153125
D2_noise0.00,9,1000,chisq__baseline32__a2,fixed,1.0,0.04718716701543517,0.28896784350880617
D2_noise0.00,9,1000,js__baseline32__a2,fixed,1.0,0.04124344866568376,0.2892575069673324
D2_noise0.00,9,1000,hellinger__baseline32__a1,fixed,0.9999999999999997,0.06418738663571535,0.2919649669773225
D2_noise0.00,9,1000,hellinger__baseline32__a3,fixed,1.0,0.04432780209489354,0.28941723912640976
D2_noise0.00,9,1000,hellinger__baseline32__a4,fixed,1.0,0.03707240369833514,0.2907387015748166
D2_noise0.00,9,1000,hellinger__wide64__a1,fixed,1.0000000000000002,0.04737729945504985,0.28872985158063796
D2_noise0.00,9,1000,hellinger__wide64__a2,fixed,1.0,0.07196646033259316,0.2909999759202304
D2_noise0.00,9,1000,hellinger__wide64__a3,fixed,0.9999999999999999,0.060197166490577055,0.2876939858916432
D2_noise0.00,9,1000,hellinger__wide64__a4,fixed,1.0,0.07358394370861121,0.2892180078133241
D2_noise0.00,9,1000,hellinger__deep64__a1,fixed,0.9999999999999999,0.09357774497104748,0.29121877734539464
D2_noise0.00,9,1000,hellinger__deep64__a2,fixed,1.0,0.07799369972583223,0.2801779392063198
D2_noise0.00,9,1000,hellinger__deep64__a3,fixed,1.0,0.0859125050184038,0.29137903614188615
D2_noise0.00,9,1000,hellinger__deep64__a4,fixed,1.0,0.07603268997439397,0.2767622474329078
D2_noise0.00,9,1000,hellinger__residual64__a1,fixed,0.9999999999999999,0.08755422572680054,0.2853786390762607
D2_noise0.00,9,1000,hellinger__residual64__a2,fixed,0.9999999999999999,0.08436136789033188,0.28317534730561955
D2_noise0.00,9,1000,hellinger__residual64__a3,fixed,1.0,0.07175822023748643,0.2855914577255519
D2_noise0.00,9,1000,hellinger__residual64__a4,fixed,1.0,0.08589345144151164,0.2889016798089162
D2_noise0.00,9,1000,hellinger__bottleneck8_residual64__a1,fixed,1.0,0.07196758097872714,0.2971723318678009
D2_noise0.00,9,1000,hellinger__bottleneck8_residual64__a2,fixed,1.0,0.08604020652061765,0.2974194972592386
D2_noise0.00,9,1000,hellinger__bottleneck8_residual64__a3,fixed,1.0,0.08048645604734926,0.3013745913431737
D2_noise0.00,9,1000,hellinger__bottleneck8_residual64__a4,fixed,1.0000000000000002,0.07178180375078759,0.30139807701371446
D20_noise0.10,0,1000,hellinger__baseline32__a2,fixed,1.0,0.14291533731417083,0.3168289201330596
D20_noise0.10,0,1000,kl__baseline32__a2,fixed,1.0000000000000002,0.07707305032016692,0.3168672576604748
D20_noise0.10,0,1000,chisq__baseline32__a2,fixed,0.9999999999999999,0.033733515228322755,0.3113768414231916
D20_noise0.10,0,1000,js__baseline32__a2,fixed,1.0,0.0513297414516079,0.31071341266856284
D20_noise0.10,0,1000,hellinger__baseline32__a1,fixed,1.0,0.1177887847808562,0.3110443306469038
D20_noise0.10,0,1000,hellinger__baseline32__a3,fixed,1.0,0.14190036921675353,0.3151476888883229
D20_noise0.10,0,1000,hellinger__baseline32__a4,fixed,1.0,0.13104047364212387,0.30755571711868923
D20_noise0.10,0,1000,hellinger__wide64__a1,fixed,1.0,0.0807402182377138,0.3011863208368225
D20_noise0.10,0,1000,hellinger__wide64__a2,fixed,0.9999999999999998,0.07964584020349973,0.300348944421379
D20_noise0.10,0,1000,hellinger__wide64__a3,fixed,1.0000000000000002,0.08997814783763781,0.2980600974828167
D20_noise0.10,0,1000,hellinger__wide64__a4,fixed,1.0,0.12485547717034823,0.3018530062242303
D20_noise0.10,0,1000,hellinger__deep64__a1,fixed,1.0000000000000002,0.06314297065855885,0.3027544082539393
D20_noise0.10,0,1000,hellinger__deep64__a2,fixed,1.0,0.05751613772470823,0.2970232882642133
D20_noise0.10,0,1000,hellinger__deep64__a3,fixed,1.0,0.05610586004883928,0.29878078776220446
D20_noise0.10,0,1000,hellinger__deep64__a4,fixed,1.0000000000000002,0.05572572551755222,0.2981054238852354
D20_noise0.10,0,1000,hellinger__residual64__a1,fixed,1.0,0.12452327987399636,0.30028290436427224
D20_noise0.10,0,1000,hellinger__residual64__a2,fixed,1.0,0.13243828609190467,0.30255059561893566
D20_noise0.10,0,1000,hellinger__residual64__a3,fixed,0.9999999999999999,0.1329212033220685,0.3024907769551026
D20_noise0.10,0,1000,hellinger__residual64__a4,fixed,0.9999999999999999,0.12323213467414243,0.3013408503626732
D20_noise0.10,0,1000,hellinger__bottleneck8_residual64__a1,fixed,1.0,0.06667218305882612,0.3023553044818466
D20_noise0.10,0,1000,hellinger__bottleneck8_residual64__a2,fixed,0.9999999999999998,0.07407845247985678,0.30188210611744726
D20_noise0.10,0,1000,hellinger__bottleneck8_residual64__a3,fixed,1.0,0.08068105870395578,0.3050159981494572
D20_noise0.10,0,1000,hellinger__bottleneck8_residual64__a4,fixed,1.0000000000000002,0.08717374796244239,0.3057540588776722
D20_noise0.10,1,1000,hellinger__baseline32__a2,fixed,1.0,0.099245401991611,0.31155130830788574
D20_noise0.10,1,1000,kl__baseline32__a2,fixed,1.0,0.05869177012096267,0.3001817397286949
D20_noise0.10,1,1000,chisq__baseline32__a2,fixed,0.9999999999999998,0.03795204814452409,0.3018380743218607
D20_noise0.10,1,1000,js__baseline32__a2,fixed,0.9999999999999999,0.04704707728853926,0.3064290528370709
D20_noise0.10,1,1000,hellinger__baseline32__a1,fixed,1.0,0.06464716239791109,0.2985726782203674
D20_noise0.10,1,1000,hellinger__baseline32__a3,fixed,1.0,0.09456918729128984,0.3035172435348278
D20_noise0.10,1,1000,hellinger__baseline32__a4,fixed,1.0000000000000002,0.08364712600786457,0.3113411388011143
D20_noise0.10,1,1000,hellinger__wide64__a1,fixed,0.9999999999999999,0.08408456797165556,0.3110216013489729
D20_noise0.10,1,1000,hellinger__wide64__a2,fixed,1.0000000000000002,0.09105223001768648,0.3152452903182045
D20_noise0.10,1,1000,hellinger__wide64__a3,fixed,1.0,0.08985544727152377,0.31578600172494886
D20_noise0.10,1,1000,hellinger__wide64__a4,fixed,1.0,0.09842326759166717,0.31885928378410405
D20_noise0.10,1,1000,hellinger__deep64__a1,fixed,1.0,0.11095542616912715,0.31363841705122797
D20_noise0.10,1,1000,hellinger__deep64__a2,fixed,1.0000000000000002,0.09654668920514702,0.3127752388064502
D20_noise0.10,1,1000,hellinger__deep64__a3,fixed,0.9999999999999999,0.10883158515799113,0.31231086044259465
D20_noise0.10,1,1000,hellinger__deep64__a4,fixed,0.9999999999999999,0.07700256767925877,0.30991377880328524
D20_noise0.10,1,1000,hellinger__residual64__a1,fixed,0.9999999999999999,0.08724969031184532,0.3105571033759242
D20_noise0.10,1,1000,hellinger__residual64__a2,fixed,1.0,0.07674892855499808,0.30895202888776513
D20_noise0.10,1,1000,hellinger__residual64__a3,fixed,1.0,0.07860663835549342,0.30735588494811117
D20_noise0.10,1,1000,hellinger__residual64__a4,fixed,0.9999999999999998,0.09370966040470803,0.3125347637833409
D20_noise0.10,1,1000,hellinger__bottleneck8_residual64__a1,fixed,1.0,0.05753987529973383,0.29827510059303974
D20_noise0.10,1,1000,hellinger__bottleneck8_residual64__a2,fixed,0.9999999999999999,0.06240802178841046,0.29971922134740775
D20_noise0.10,1,1000,hellinger__bottleneck8_residual64__a3,fixed,0.9999999999999998,0.06566107297758836,0.2998339207602239
D20_noise0.10,1,1000,hellinger__bottleneck8_residual64__a4,fixed,0.9999999999999999,0.07265359305661938,0.30014070899363116
D20_noise0.10,2,1000,hellinger__baseline32__a2,fixed,1.0000000000000002,0.14236879621124537,0.2947519437936325
D20_noise0.10,2,1000,kl__baseline32__a2,fixed,1.0,0.08776450347251875,0.3038832651196398
D20_noise0.10,2,1000,chisq__baseline32__a2,fixed,1.0000000000000002,0.05912052481727911,0.2996910219063761
D20_noise0.10,2,1000,js__baseline32__a2,fixed,1.0,0.06971473201581709,0.30224780669914997
D20_noise0.10,2,1000,hellinger__baseline32__a1,fixed,1.0,0.1316256582143032,0.2964551280691692
D20_noise0.10,2,1000,hellinger__baseline32__a3,fixed,1.0,0.14226420659721184,0.2946858945250458
D20_noise0.10,2,1000,hellinger__baseline32__a4,fixed,0.9999999999999999,0.14201721643238563,0.28885805608194265
D20_noise0.10,2,1000,hellinger__wide64__a1,fixed,1.0,0.18159667499499194,0.3077327740844711
D20_noise0.10,2,1000,hellinger__wide64__a2,fixed,1.0,0.1678424001036432,0.30166311034079507
D20_noise0.10,2,1000,hellinger__wide64__a3,fixed,1.0,0.15802226989869916,0.2976363723665256
D20_noise0.10,2,1000,hellinger__wide64__a4,fixed,1.0,0.1516146850106615,0.29403116850269534
D20_noise0.10,2,1000,hellinger__deep64__a1,fixed,0.9999999999999999,0.16190115028560328,0.29690033656818443
D20_noise0.10,2,1000,hellinger__deep64__a2,fixed,0.9999999999999999,0.1726662043838523,0.2988326602308477
D20_noise0.10,2,1000,hellinger__deep64__a3,fixed,1.0,0.14771686450418992,0.2916335044572336
D20_noise0.10,2,1000,hellinger__deep64__a4,fixed,1.0,0.1581758456038432,0.29051047484617626
D20_noise0.10,2,1000,hellinger__residual64__a1,fixed,0.9999999999999999,0.1602322015421742,0.295981964962296
D20_noise0.10,2,1000,hellinger__residual64__a2,fixed,0.9999999999999998,0.15229330826015716,0.29659997906298224
D20_noise0.10,2,1000,hellinger__residual64__a3,fixed,1.0,0.143104571465562,0.296439080410332
D20_noise0.10,2,1000,hellinger__residual64__a4,fixed,0.9999999999999999,0.14343901842077905,0.29560116461958186
D20_noise0.10,2,1000,hellinger__bottleneck8_residual64__a1,fixed,1.0,0.12783514103533578,0.2839073622769556
D20_noise0.10,2,1000,hellinger__bottleneck8_residual64__a2,fixed,0.9999999999999999,0.11945892527534892,0.2836617063166944
D20_noise0.10,2,1000,hellinger__bottleneck8_residual64__a3,fixed,1.0000000000000002,0.10081597763597289,0.2825569761958002
D20_noise0.10,2,1000,hellinger__bottleneck8_residual64__a4,fixed,0.9999999999999999,0.0851795546622035,0.28178228276578543
D20_noise0.10,3,1000,hellinger__baseline32__a2,fixed,0.9999999999999999,0.089609505600834,0.27998548003950413
D20_noise0.10,3,1000,kl__baseline32__a2,fixed,1.0000000000000002,0.05458231487010912,0.2913200268466588
D20_noise0.10,3,1000,chisq__baseline32__a2,fixed,1.0,0.049174705538011794,0.3028379344948269
D20_noise0.10,3,1000,js__baseline32__a2,fixed,1.0,0.0481426973067673,0.2984539906802832
D20_noise0.10,3,1000,hellinger__baseline32__a1,fixed,0.9999999999999999,0.08383500273310171,0.2859459296588186
D20_noise0.10,3,1000,hellinger__baseline32__a3,fixed,1.0,0.09583989236919996,0.2775671349531509
D20_noise0.10,3,1000,hellinger__baseline32__a4,fixed,1.0,0.09298201916640576,0.2775182629830832
D20_noise0.10,3,1000,hellinger__wide64__a1,fixed,1.0000000000000002,0.1370127955990031,0.3110159536744282
D20_noise0.10,3,1000,hellinger__wide64__a2,fixed,0.9999999999999999,0.07550576266734214,0.30293947690308015
D20_noise0.10,3,1000,hellinger__wide64__a3,fixed,1.0,0.07498729789704044,0.30131691884444356
D20_noise0.10,3,1000,hellinger__wide64__a4,fixed,1.0,0.07713475884732515,0.2996980418974178
D20_noise0.10,3,1000,hellinger__deep64__a1,fixed,1.0,0.09306745619767094,0.26104290060467
D20_noise0.10,3,1000,hellinger__deep64__a2,fixed,0.9999999999999999,0.06999895537633456,0.2764092167010445
D20_noise0.10,3,1000,hellinger__deep64__a3,fixed,0.9999999999999999,0.06677909406097088,0.27926395537325577
D20_noise0.10,3,1000,hellinger__deep64__a4,fixed,1.0,0.054127323547485603,0.2712688825153643
D20_noise0.10,3,1000,hellinger__residual64__a1,fixed,1.0,0.12720106679375784,0.3026889217453025
D20_noise0.10,3,1000,hellinger__residual64__a2,fixed,1.0,0.1097596378367032,0.2954878865701552
D20_noise0.10,3,1000,hellinger__residual64__a3,fixed,1.0,0.09557388873102404,0.2961070065405738
D20_noise0.10,3,1000,hellinger__residual64__a4,fixed,1.0,0.09178791406529006,0.2992122401368729
D20_noise0.10,3,1000,hellinger__bottleneck8_residual64__a1,fixed,1.0,0.1258789892425788,0.297326059293324
D20_noise0.10,3,1000,hellinger__bottleneck8_residual64__a2,fixed,1.0,0.06926199271960927,0.2842611663544358
D20_noise0.10,3,1000,hellinger__bottleneck8_residual64__a3,fixed,1.0,0.06670800619879091,0.2817747952000458
D20_noise0.10,3,1000,hellinger__bottleneck8_residual64__a4,fixed,1.0,0.06320713982351613,0.28169852311835764
D20_noise0.10,4,1000,hellinger__baseline32__a2,fixed,1.0,0.13048454528677497,0.300929231400254
D20_noise0.10,4,1000,kl__baseline32__a2,fixed,0.9999999999999999,0.06968637902517791,0.3043124032356801
D20_noise0.10,4,1000,chisq__baseline32__a2,fixed,1.0,0.055772499491539576,0.31234723065470266
D20_noise0.10,4,1000,js__baseline32__a2,fixed,1.0,0.06901616439235095,0.3120244770528489
D20_noise0.10,4,1000,hellinger__baseline32__a1,fixed,0.9999999999999999,0.10678170530935523,0.28775809890374004
D20_noise0.10,4,1000,hellinger__baseline32__a3,fixed,1.0,0.11976444597060466,0.29878561157692446
D20_noise0.10,4,1000,hellinger__baseline32__a4,fixed,1.0000000000000002,0.12941540923219957,0.2990502438671377
D20_noise0.10,4,1000,hellinger__wide64__a1,fixed,1.0,0.15067212898021454,0.31279520479963513
D20_noise0.10,4,1000,hellinger__wide64__a2,fixed,1.0,0.11509988126135416,0.2999259556415045
D20_noise0.10,4,1000,hellinger__wide64__a3,fixed,1.0,0.13317424370260228,0.30688743646334177
D20_noise0.10,4,1000,hellinger__wide64__a4,fixed,1.0000000000000002,0.13341259458165522,0.30355244505382234
D20_noise0.10,4,1000,hellinger__deep64__a1,fixed,1.0,0.09478755459847879,0.2852805392832508
D20_noise0.10,4,1000,hellinger__deep64__a2,fixed,1.0,0.10058470664806761,0.29722733969932064
D20_noise0.10,4,1000,hellinger__deep64__a3,fixed,0.9999999999999999,0.09758561179713686,0.29010492770187857
D20_noise0.10,4,1000,hellinger__deep64__a4,fixed,0.9999999999999999,0.07832015493746046,0.28630041526934036
D20_noise0.10,4,1000,hellinger__residual64__a1,fixed,1.0,0.12377364676293955,0.29895391104499675
D20_noise0.10,4,1000,hellinger__residual64__a2,fixed,0.9999999999999999,0.08137740457841497,0.29586581289425545
D20_noise0.10,4,1000,hellinger__residual64__a3,fixed,1.0,0.07389605933353648,0.2898318771949224
D20_noise0.10,4,1000,hellinger__residual64__a4,fixed,1.0,0.07416615345773804,0.2901461739168269
D20_noise0.10,4,1000,hellinger__bottleneck8_residual64__a1,fixed,1.0000000000000002,0.12523533158750821,0.2916928207356096
D20_noise0.10,4,1000,hellinger__bottleneck8_residual64__a2,fixed,1.0000000000000002,0.07882635768435779,0.2912386511390044
D20_noise0.10,4,1000,hellinger__bottleneck8_residual64__a3,fixed,1.0000000000000002,0.0743179691203029,0.29469528642949305
D20_noise0.10,4,1000,hellinger__bottleneck8_residual64__a4,fixed,1.0000000000000002,0.0636685201894413,0.29285431872707124
D20_noise0.10,5,1000,hellinger__baseline32__a2,fixed,1.0,0.11810829315565,0.30881359547603565
D20_noise0.10,5,1000,kl__baseline32__a2,fixed,1.0,0.0933695154576373,0.30825821163593436
D20_noise0.10,5,1000,chisq__baseline32__a2,fixed,0.9999999999999998,0.08629918163972217,0.31435208533946535
D20_noise0.10,5,1000,js__baseline32__a2,fixed,1.0000000000000002,0.08860486275686301,0.31408594394452455
D20_noise0.10,5,1000,hellinger__baseline32__a1,fixed,0.9999999999999998,0.1449487139719217,0.3162668252442927
D20_noise0.10,5,1000,hellinger__baseline32__a3,fixed,1.0,0.10672496925030858,0.30348366160948614
D20_noise0.10,5,1000,hellinger__baseline32__a4,fixed,1.0,0.0980946921233052,0.30036714985599866
D20_noise0.10,5,1000,hellinger__wide64__a1,fixed,1.0,0.17274895890368114,0.31212311309725105
D20_noise0.10,5,1000,hellinger__wide64__a2,fixed,1.0,0.1561392803221913,0.3063809936380716
D20_noise0.10,5,1000,hellinger__wide64__a3,fixed,0.9999999999999999,0.15288247649794834,0.31212443098777687
D20_noise0.10,5,1000,hellinger__wide64__a4,fixed,1.0,0.14271817636334913,0.3068318627168087
D20_noise0.10,5,1000,hellinger__deep64__a1,fixed,0.9999999999999999,0.1564043040120593,0.3093620027669804
D20_noise0.10,5,1000,hellinger__deep64__a2,fixed,1.0,0.10045393795092931,0.2835393319854044
D20_noise0.10,5,1000,hellinger__deep64__a3,fixed,1.0,0.11373772808808182,0.28958682249318246
D20_noise0.10,5,1000,hellinger__deep64__a4,fixed,0.9999999999999999,0.10910829831739666,0.28929202097657863
D20_noise0.10,5,1000,hellinger__residual64__a1,fixed,0.9999999999999998,0.17688911380610498,0.318470919082399
D20_noise0.10,5,1000,hellinger__residual64__a2,fixed,1.0,0.17072053928148034,0.31427586556200426
D20_noise0.10,5,1000,hellinger__residual64__a3,fixed,1.0,0.1609515207008264,0.3121986922430445
D20_noise0.10,5,1000,hellinger__residual64__a4,fixed,1.0,0.160419288330789,0.3119110553345539
D20_noise0.10,5,1000,hellinger__bottleneck8_residual64__a1,fixed,1.0,0.10829216660567996,0.2963544503018203
D20_noise0.10,5,1000,hellinger__bottleneck8_residual64__a2,fixed,0.9999999999999999,0.11155476319654963,0.29800661996749017
D20_noise0.10,5,1000,hellinger__bottleneck8_residual64__a3,fixed,1.0,0.10157476811859088,0.29339704879813316
D20_noise0.10,5,1000,hellinger__bottleneck8_residual64__a4,fixed,0.9999999999999999,0.0903549311296588,0.29311052276706145
D20_noise0.10,6,1000,hellinger__baseline32__a2,fixed,1.0,0.10213698273983994,0.29809961172230637
D20_noise0.10,6,1000,kl__baseline32__a2,fixed,1.0,0.04680356568058322,0.29201647077523385
D20_noise0.10,6,1000,chisq__baseline32__a2,fixed,1.0000000000000002,0.052696049770297584,0.2982138504022
D20_noise0.10,6,1000,js__baseline32__a2,fixed,1.0,0.05148462791663662,0.2979143148810986
D20_noise0.10,6,1000,hellinger__baseline32__a1,fixed,1.0000000000000002,0.10673561196640004,0.2996232114706898
D20_noise0.10,6,1000,hellinger__baseline32__a3,fixed,1.0,0.08798409133018269,0.2960373086792684
D20_noise0.10,6,1000,hellinger__baseline32__a4,fixed,1.0,0.08398558419579659,0.2953893029768279
D20_noise0.10,6,1000,hellinger__wide64__a1,fixed,1.0,0.16496842976294293,0.31587129644395145
D20_noise0.10,6,1000,hellinger__wide64__a2,fixed,1.0000000000000002,0.147194894201575,0.30767788797078327
D20_noise0.10,6,1000,hellinger__wide64__a3,fixed,0.9999999999999998,0.15228954934235087,0.3108300608889461
D20_noise0.10,6,1000,hellinger__wide64__a4,fixed,0.9999999999999999,0.14275975941362606,0.3053569178637242
D20_noise0.10,6,1000,hellinger__deep64__a1,fixed,0.9999999999999998,0.1199335459681273,0.297995228102062
D20_noise0.10,6,1000,hellinger__deep64__a2,fixed,0.9999999999999999,0.10711074289163772,0.294145496001822
D20_noise0.10,6,1000,hellinger__deep64__a3,fixed,1.0,0.1103392727608458,0.29353538805387197
D20_noise0.10,6,1000,hellinger__deep64__a4,fixed,1.0,0.10822159063335321,0.2907731350709356
D20_noise0.10,6,1000,hellinger__residual64__a1,fixed,0.9999999999999998,0.15745627871320278,0.3102332436309841
D20_noise0.10,6,1000,hellinger__residual64__a2,fixed,0.9999999999999998,0.16110678292297195,0.30999035033716976
D20_noise0.10,6,1000,hellinger__residual64__a3,fixed,1.0000000000000002,0.14715629962251486,0.3068818254579153
D20_noise0.10,6,1000,hellinger__residual64__a4,fixed,1.0,0.14452205828835574,0.30752477486022867
D20_noise0.10,6,1000,hellinger__bottleneck8_residual64__a1,fixed,1.0000000000000002,0.10031353455606333,0.28248722380266655
D20_noise0.10,6,1000,hellinger__bottleneck8_residual64__a2,fixed,1.0,0.08757400671617106,0.28355786586682474
D20_noise0.10,6,1000,hellinger__bottleneck8_residual64__a3,fixed,1.0,0.08039535154637659,0.2808112494128726
D20_noise0.10,6,1000,hellinger__bottleneck8_residual64__a4,fixed,1.0,0.08402404169779538,0.28044862202015286
D20_noise0.10,7,1000,hellinger__baseline32__a2,fixed,1.0,0.0794641816042903,0.2943744845763817
D20_noise0.10,7,1000,kl__baseline32__a2,fixed,1.0,0.07809437011854173,0.30643774438489524
D20_noise0.10,7,1000,chisq__baseline32__a2,fixed,0.9999999999999999,0.05606064079061296,0.29829047177600604
D20_noise0.10,7,1000,js__baseline32__a2,fixed,0.9999999999999999,0.05205918128693925,0.29841248168165596
D20_noise0.10,7,1000,hellinger__baseline32__a1,fixed,1.0,0.08342082217493214,0.2952256311181072
D20_noise0.10,7,1000,hellinger__baseline32__a3,fixed,0.9999999999999999,0.08212122216727209,0.2979576344344604
D20_noise0.10,7,1000,hellinger__baseline32__a4,fixed,0.9999999999999999,0.08269518335355099,0.30433534279230456
D20_noise0.10,7,1000,hellinger__wide64__a1,fixed,1.0,0.10042334256871216,0.3068707492683177
D20_noise0.10,7,1000,hellinger__wide64__a2,fixed,0.9999999999999999,0.0938450558965866,0.30059369364230304
D20_noise0.10,7,1000,hellinger__wide64__a3,fixed,1.0,0.09112193964291719,0.30180944869134857
D20_noise0.10,7,1000,hellinger__wide64__a4,fixed,1.0000000000000002,0.10786641684057573,0.30649941271619013
D20_noise0.10,7,1000,hellinger__deep64__a1,fixed,1.0,0.10845935732408683,0.30758484148258347
D20_noise0.10,7,1000,hellinger__deep64__a2,fixed,1.0,0.12685484049671683,0.3093801894097835
D20_noise0.10,7,1000,hellinger__deep64__a3,fixed,0.9999999999999999,0.10571558954270292,0.30443551298198196
D20_noise0.10,7,1000,hellinger__deep64__a4,fixed,1.0,0.08373460298919094,0.2917310784837261
D20_noise0.10,7,1000,hellinger__residual64__a1,fixed,0.9999999999999999,0.08677368420271768,0.3007287891314418
D20_noise0.10,7,1000,hellinger__residual64__a2,fixed,1.0,0.09730321876965484,0.30001860008538234
D20_noise0.10,7,1000,hellinger__residual64__a3,fixed,1.0000000000000002,0.09883360569213719,0.30188039199124067
D20_noise0.10,7,1000,hellinger__residual64__a4,fixed,1.0000000000000002,0.13014709609431974,0.3089012672591691
D20_noise0.10,7,1000,hellinger__bottleneck8_residual64__a1,fixed,1.0000000000000002,0.0625007497072911,0.2948835533629562
D20_noise0.10,7,1000,hellinger__bottleneck8_residual64__a2,fixed,0.9999999999999999,0.0695112869367259,0.29516131757561764
D20_noise0.10,7,1000,hellinger__bottleneck8_residual64__a3,fixed,0.9999999999999999,0.0652835310571717,0.29456970978153507
D20_noise0.10,7,1000,hellinger__bottleneck8_residual64__a4,fixed,1.0000000000000002,0.06218475180756436,0.2910903707454837
D20_noise0.10,8,1000,hellinger__baseline32__a2,fixed,0.9999999999999999,0.10391748838865973,0.30882800415874734
D20_noise0.10,8,1000,kl__baseline32__a2,fixed,1.0,0.07888483135148985,0.296506430460202
D20_noise0.10,8,1000,chisq__baseline32__a2,fixed,1.0,0.07944626757395098,0.3182561873244893
D20_noise0.10,8,1000,js__baseline32__a2,fixed,1.0,0.06184436479611307,0.3087264611071553
D20_noise0.10,8,1000,hellinger__baseline32__a1,fixed,1.0000000000000002,0.08890038364812361,0.30043031955123006
D20_noise0.10,8,1000,hellinger__baseline32__a3,fixed,0.9999999999999999,0.10489374533524465,0.3162330163867552
D20_noise0.10,8,1000,hellinger__baseline32__a4,fixed,1.0,0.08133499131860285,0.30764489209154205
D20_noise0.10,8,1000,hellinger__wide64__a1,fixed,1.0,0.10076038456508596,0.31049724563947
D20_noise0.10,8,1000,hellinger__wide64__a2,fixed,1.0,0.09073177441833878,0.3089830777541767
D20_noise0.10,8,1000,hellinger__wide64__a3,fixed,1.0,0.09127291904137946,0.3079027631591584
D20_noise0.10,8,1000,hellinger__wide64__a4,fixed,0.9999999999999999,0.09098153813323126,0.30368598665567065
D20_noise0.10,8,1000,hellinger__deep64__a1,fixed,1.0,0.12863145244279645,0.2730843300964928
D20_noise0.10,8,1000,hellinger__deep64__a2,fixed,1.0000000000000002,0.1043124858493389,0.2819717422819541
D20_noise0.10,8,1000,hellinger__deep64__a3,fixed,0.9999999999999998,0.11329142859542832,0.313149945448361
D20_noise0.10,8,1000,hellinger__deep64__a4,fixed,1.0,0.11400206577988266,0.3135160842046229
D20_noise0.10,8,1000,hellinger__residual64__a1,fixed,1.0000000000000002,0.10868016041031246,0.31150640782175054
D20_noise0.10,8,1000,hellinger__residual64__a2,fixed,0.9999999999999999,0.09070668440997685,0.3052496086754715
D20_noise0.10,8,1000,hellinger__residual64__a3,fixed,0.9999999999999999,0.0956857213237101,0.30638881927607703
D20_noise0.10,8,1000,hellinger__residual64__a4,fixed,1.0,0.07860592380126279,0.30243060257800286
D20_noise0.10,8,1000,hellinger__bottleneck8_residual64__a1,fixed,1.0,0.10330507466610488,0.3032032792855163
D20_noise0.10,8,1000,hellinger__bottleneck8_residual64__a2,fixed,0.9999999999999999,0.1003769891479496,0.30600887329911336
D20_noise0.10,8,1000,hellinger__bottleneck8_residual64__a3,fixed,1.0000000000000002,0.10380931295937282,0.30973411604975476
D20_noise0.10,8,1000,hellinger__bottleneck8_residual64__a4,fixed,1.0,0.08654695779398303,0.3059917564192044
D20_noise0.10,9,1000,hellinger__baseline32__a2,fixed,0.9999999999999999,0.12011732781166834,0.30228988450118277
D20_noise0.10,9,1000,kl__baseline32__a2,fixed,1.0,0.11152638991754074,0.29293738260035124
D20_noise0.10,9,1000,chisq__baseline32__a2,fixed,1.0,0.057469620811510386,0.29176312506918145
D20_noise0.10,9,1000,js__baseline32__a2,fixed,1.0,0.04962182806838737,0.2873889549726584
D20_noise0.10,9,1000,hellinger__baseline32__a1,fixed,1.0,0.1296091901214544,0.30519439632017176
D20_noise0.10,9,1000,hellinger__baseline32__a3,fixed,0.9999999999999999,0.12217093305409517,0.3042856974350672
D20_noise0.10,9,1000,hellinger__baseline32__a4,fixed,0.9999999999999998,0.11689323647600951,0.29883471583822807
D20_noise0.10,9,1000,hellinger__wide64__a1,fixed,1.0,0.09840031481318148,0.2936430843303362
D20_noise0.10,9,1000,hellinger__wide64__a2,fixed,1.0,0.09804616713225708,0.28591943336197506
D20_noise0.10,9,1000,hellinger__wide64__a3,fixed,0.9999999999999999,0.09176406516486545,0.28274861869143364
D20_noise0.10,9,1000,hellinger__wide64__a4,fixed,1.0000000000000002,0.07963935351626618,0.2796267424262607
D20_noise0.10,9,1000,hellinger__deep64__a1,fixed,1.0,0.04842017702114002,0.2794696556367072
D20_noise0.10,9,1000,hellinger__deep64__a2,fixed,1.0000000000000002,0.03757368826037774,0.27970980920805577
D20_noise0.10,9,1000,hellinger__deep64__a3,fixed,1.0000000000000002,0.04227299817993233,0.2723126080183687
D20_noise0.10,9,1000,hellinger__deep64__a4,fixed,1.0,0.08442077739327886,0.2891691249058184
D20_noise0.10,9,1000,hellinger__residual64__a1,fixed,1.0,0.04624851690166079,0.2714170438813302
D20_noise0.10,9,1000,hellinger__residual64__a2,fixed,1.0,0.08953432691753326,0.27310395235844986
D20_noise0.10,9,1000,hellinger__residual64__a3,fixed,0.9999999999999999,0.09035594493162258,0.27671780289981
D20_noise0.10,9,1000,hellinger__residual64__a4,fixed,1.0,0.08010162573719128,0.27503834221698426
D20_noise0.10,9,1000,hellinger__bottleneck8_residual64__a1,fixed,1.0,0.05752586143510973,0.27996294792886006
D20_noise0.10,9,1000,hellinger__bottleneck8_residual64__a2,fixed,1.0,0.05789868779305608,0.2823442316358761
D20_noise0.10,9,1000,hellinger__bottleneck8_residual64__a3,fixed,1.0,0.05202825853875525,0.28735400139588957
D20_noise0.10,9,1000,hellinger__bottleneck8_residual64__a4,fixed,1.0,0.06576679181241266,0.2917080859337931
D40_noise0.10,0,1000,hellinger__baseline32__a2,fixed,1.0,0.17386281986444194,0.31274561979236615
D40_noise0.10,0,1000,kl__baseline32__a2,fixed,1.0,0.14796614970715452,0.3011056440219366
D40_noise0.10,0,1000,chisq__baseline32__a2,fixed,1.0000000000000002,0.11217259740534029,0.2907834596038533
D40_noise0.10,0,1000,js__baseline32__a2,fixed,1.0,0.121075373363905,0.29602405296130363
D40_noise0.10,0,1000,hellinger__baseline32__a1,fixed,1.0,0.17324108918226655,0.31542393275296676
D40_noise0.10,0,1000,hellinger__baseline32__a3,fixed,0.9999999999999998,0.17396903983665812,0.31613657879065354
D40_noise0.10,0,1000,hellinger__baseline32__a4,fixed,1.0,0.1704960098583377,0.31484618664191805
D40_noise0.10,0,1000,hellinger__wide64__a1,fixed,0.9999999999999998,0.16822340016762813,0.32107944673338973
D40_noise0.10,0,1000,hellinger__wide64__a2,fixed,1.0000000000000002,0.1631431361334219,0.3151469100951981
D40_noise0.10,0,1000,hellinger__wide64__a3,fixed,1.0,0.1600288778214395,0.3104398913800535
D40_noise0.10,0,1000,hellinger__wide64__a4,fixed,1.0000000000000002,0.16723562439096723,0.30997419487662875
D40_noise0.10,0,1000,hellinger__deep64__a1,fixed,1.0000000000000002,0.11602236074629087,0.30940916503535354
D40_noise0.10,0,1000,hellinger__deep64__a2,fixed,1.0000000000000002,0.14450432876195027,0.3193015521358519
D40_noise0.10,0,1000,hellinger__deep64__a3,fixed,1.0,0.1216906350030747,0.31554921273404274
D40_noise0.10,0,1000,hellinger__deep64__a4,fixed,1.0000000000000002,0.13827805540684665,0.31455714081872826
D40_noise0.10,0,1000,hellinger__residual64__a1,fixed,1.0000000000000002,0.12414732605718519,0.2938499979136169
D40_noise0.10,0,1000,hellinger__residual64__a2,fixed,0.9999999999999998,0.08811884517871495,0.2914319820576217
D40_noise0.10,0,1000,hellinger__residual64__a3,fixed,0.9999999999999998,0.10957756714098568,0.2966649347589835
D40_noise0.10,0,1000,hellinger__residual64__a4,fixed,0.9999999999999999,0.11996003220386961,0.295600532110775
D40_noise0.10,0,1000,hellinger__bottleneck8_residual64__a1,fixed,1.0000000000000002,0.08778011171271657,0.30364111696426554
D40_noise0.10,0,1000,hellinger__bottleneck8_residual64__a2,fixed,1.0000000000000002,0.07438738542815483,0.2995645295589478
D40_noise0.10,0,1000,hellinger__bottleneck8_residual64__a3,fixed,1.0,0.07246421930906469,0.29998039024647044
D40_noise0.10,0,1000,hellinger__bottleneck8_residual64__a4,fixed,1.0,0.08676587155645228,0.30259841046798813
D40_noise0.10,1,1000,hellinger__baseline32__a2,fixed,1.0,0.07794107978916791,0.292264876175037
D40_noise0.10,1,1000,kl__baseline32__a2,fixed,0.9999999999999999,0.05878721442358133,0.2895001692549319
D40_noise0.10,1,1000,chisq__baseline32__a2,fixed,1.0,0.08534226125221803,0.31375872873780747
D40_noise0.10,1,1000,js__baseline32__a2,fixed,1.0000000000000002,0.04845411880254462,0.3007495423296859
D40_noise0.10,1,1000,hellinger__baseline32__a1,fixed,1.0000000000000002,0.10094668632116477,0.30422505483925055
D40_noise0.10,1,1000,hellinger__baseline32__a3,fixed,1.0,0.09605555143201784,0.2941986901689998
D40_noise0.10,1,1000,hellinger__baseline32__a4,fixed,1.0000000000000002,0.07783426556953356,0.28394860538894595
D40_noise0.10,1,1000,hellinger__wide64__a1,fixed,1.0,0.12928649177023094,0.3096516663412853
D40_noise0.10,1,1000,hellinger__wide64__a2,fixed,1.0,0.1325114888975314,0.303929593582439
D40_noise0.10,1,1000,hellinger__wide64__a3,fixed,0.9999999999999999,0.12119348782163139,0.30155209962873875
D40_noise0.10,1,1000,hellinger__wide64__a4,fixed,1.0000000000000002,0.11948344136885494,0.2947288776502991
D40_noise0.10,1,1000,hellinger__deep64__a1,fixed,1.0,0.049571105311299074,0.29324080309399153
D40_noise0.10,1,1000,hellinger__deep64__a2,fixed,1.0,0.03126585354397931,0.2905258615661952
D40_noise0.10,1,1000,hellinger__deep64__a3,fixed,1.0,0.06011904884032944,0.3021073277015654
D40_noise0.10,1,1000,hellinger__deep64__a4,fixed,1.0,0.08942507928022825,0.3006424479117298
D40_noise0.10,1,1000,hellinger__residual64__a1,fixed,1.0,0.11284670679750679,0.29528562598029723
D40_noise0.10,1,1000,hellinger__residual64__a2,fixed,1.0,0.10135836939240918,0.2877166353567668
D40_noise0.10,1,1000,hellinger__residual64__a3,fixed,0.9999999999999999,0.08571179601561087,0.28205535878295496
D40_noise0.10,1,1000,hellinger__residual64__a4,fixed,1.0,0.07300476967698784,0.2779228661137096
D40_noise0.10,1,1000,hellinger__bottleneck8_residual64__a1,fixed,0.9999999999999998,0.05843986385279867,0.2763189638709751
D40_noise0.10,1,1000,hellinger__bottleneck8_residual64__a2,fixed,0.9999999999999999,0.05374333113711654,0.2751044094291217
D40_noise0.10,1,1000,hellinger__bottleneck8_residual64__a3,fixed,1.0,0.04744206729509426,0.2734368787115268
D40_noise0.10,1,1000,hellinger__bottleneck8_residual64__a4,fixed,1.0,0.04102778916965913,0.2740413192804894
D40_noise0.10,2,1000,hellinger__baseline32__a2,fixed,1.0,0.10079876233114776,0.3125342652359631
D40_noise0.10,2,1000,kl__baseline32__a2,fixed,1.0,0.09863478641146857,0.3136012915408657
D40_noise0.10,2,1000,chisq__baseline32__a2,fixed,0.9999999999999998,0.06300064210330818,0.30048031049904467
D40_noise0.10,2,1000,js__baseline32__a2,fixed,1.0,0.0896421672505077,0.28311602681848674
D40_noise0.10,2,1000,hellinger__baseline32__a1,fixed,1.0,0.12181637798465036,0.31521710849935025
D40_noise0.10,2,1000,hellinger__baseline32__a3,fixed,0.9999999999999999,0.11925351197190188,0.3162715383086173
D40_noise0.10,2,1000,hellinger__baseline32__a4,fixed,1.0,0.09508517981027402,0.3116161635104339
D40_noise0.10,2,1000,hellinger__wide64__a1,fixed,1.0,0.12927391063504098,0.31576043074051185
D40_noise0.10,2,1000,hellinger__wide64__a2,fixed,1.0000000000000002,0.11446395414190118,0.3096130673327849
D40_noise0.10,2,1000,hellinger__wide64__a3,fixed,1.0,0.10830396621350899,0.30986877964119697
D40_noise0.10,2,1000,hellinger__wide64__a4,fixed,0.9999999999999999,0.10416429828773491,0.30336211411245223
D40_noise0.10,2,1000,hellinger__deep64__a1,fixed,0.9999999999999998,0.10306237469685452,0.31768779432002336
D40_noise0.10,2,1000,hellinger__deep64__a2,fixed,1.0000000000000002,0.12317936692404066,0.32645607477836935
D40_noise0.10,2,1000,hellinger__deep64__a3,fixed,1.0000000000000002,0.1316090929592681,0.32696775426779395
D40_noise0.10,2,1000,hellinger__deep64__a4,fixed,0.9999999999999999,0.10320622425223758,0.3188249568404852
D40_noise0.10,2,1000,hellinger__residual64__a1,fixed,1.0,0.14571975088972158,0.3246178965555515
D40_noise0.10,2,1000,hellinger__residual64__a2,fixed,1.0000000000000002,0.12599151284368068,0.31474556484495886
D40_noise0.10,2,1000,hellinger__residual64__a3,fixed,0.9999999999999999,0.12971446363656974,0.31456085438197084
D40_noise0.10,2,1000,hellinger__residual64__a4,fixed,1.0000000000000002,0.11894566746023427,0.3139714925760167
D40_noise0.10,2,1000,hellinger__bottleneck8_residual64__a1,fixed,1.0,0.06780484128139162,0.29204405360982916
D40_noise0.10,2,1000,hellinger__bottleneck8_residual64__a2,fixed,0.9999999999999998,0.06158470287734032,0.29822849611557595
D40_noise0.10,2,1000,hellinger__bottleneck8_residual64__a3,fixed,1.0,0.06972472971509676,0.3017200269572511
D40_noise0.10,2,1000,hellinger__bottleneck8_residual64__a4,fixed,1.0,0.06849405439302007,0.3006907200732983
D40_noise0.10,3,1000,hellinger__baseline32__a2,fixed,1.0000000000000002,0.07896832561636116,0.29338738682634846
D40_noise0.10,3,1000,kl__baseline32__a2,fixed,1.0,0.06498766418674116,0.3037649607835999
D40_noise0.10,3,1000,chisq__baseline32__a2,fixed,1.0,0.05894395165729008,0.3038572222169051
D40_noise0.10,3,1000,js__baseline32__a2,fixed,0.9999999999999999,0.06066423451381818,0.29777140261872587
D40_noise0.10,3,1000,hellinger__baseline32__a1,fixed,1.0000000000000002,0.09710465085921559,0.29478792577917834
D40_noise0.10,3,1000,hellinger__baseline32__a3,fixed,0.9999999999999998,0.06825639013627864,0.28297285706937964
D40_noise0.10,3,1000,hellinger__baseline32__a4,fixed,1.0,0.05848662910315468,0.2820394893234977
D40_noise0.10,3,1000,hellinger__wide64__a1,fixed,1.0,0.1557418881343488,0.32116455455061815
D40_noise0.10,3,1000,hellinger__wide64__a2,fixed,0.9999999999999999,0.14486065414261737,0.3167272285622809
D40_noise0.10,3,1000,hellinger__wide64__a3,fixed,0.9999999999999999,0.14848890151763672,0.31269198338053705
D40_noise0.10,3,1000,hellinger__wide64__a4,fixed,0.9999999999999999,0.13043173931866595,0.3104292577038115
D40_noise0.10,3,1000,hellinger__deep64__a1,fixed,1.0,0.08335455136430424,0.25278500687597766
D40_noise0.10,3,1000,hellinger__deep64__a2,fixed,1.0,0.12409726484244582,0.2989633945178339
D40_noise0.10,3,1000,hellinger__deep64__a3,fixed,1.0,0.1012984809693504,0.2982991065800289
D40_noise0.10,3,1000,hellinger__deep64__a4,fixed,0.9999999999999999,0.1058286981359958,0.30830416965268154
D40_noise0.10,3,1000,hellinger__residual64__a1,fixed,1.0000000000000002,0.11887548299333177,0.29835310039674556
D40_noise0.10,3,1000,hellinger__residual64__a2,fixed,0.9999999999999999,0.09520009260729094,0.292270564835938
D40_noise0.10,3,1000,hellinger__residual64__a3,fixed,1.0,0.08443068717472871,0.2918159850430252
D40_noise0.10,3,1000,hellinger__residual64__a4,fixed,1.0,0.07004295892899551,0.29217550716652985
D40_noise0.10,3,1000,hellinger__bottleneck8_residual64__a1,fixed,0.9999999999999999,0.061453884355017654,0.3030557806249356
D40_noise0.10,3,1000,hellinger__bottleneck8_residual64__a2,fixed,1.0000000000000002,0.0584517979642607,0.2993278797495997
D40_noise0.10,3,1000,hellinger__bottleneck8_residual64__a3,fixed,0.9999999999999998,0.06287430286737028,0.3006135101361048
D40_noise0.10,3,1000,hellinger__bottleneck8_residual64__a4,fixed,1.0,0.051399423195806544,0.2966843111357761
D40_noise0.10,4,1000,hellinger__baseline32__a2,fixed,1.0,0.0999001061735969,0.2911670993816241
D40_noise0.10,4,1000,kl__baseline32__a2,fixed,0.9999999999999999,0.08278746197967152,0.2987368238610053
D40_noise0.10,4,1000,chisq__baseline32__a2,fixed,0.9999999999999998,0.08947301906432063,0.3140933930138553
D40_noise0.10,4,1000,js__baseline32__a2,fixed,1.0,0.06317258574737156,0.3016772426393474
D40_noise0.10,4,1000,hellinger__baseline32__a1,fixed,1.0,0.1101110744421442,0.30091884252635015
D40_noise0.10,4,1000,hellinger__baseline32__a3,fixed,1.0,0.09651278576877577,0.2941165405113593
D40_noise0.10,4,1000,hellinger__baseline32__a4,fixed,1.0,0.07691976490677126,0.2875335900720583
D40_noise0.10,4,1000,hellinger__wide64__a1,fixed,1.0,0.12052712454002218,0.2990104138523392
D40_noise0.10,4,1000,hellinger__wide64__a2,fixed,0.9999999999999999,0.07678941338755817,0.28879662721628896
D40_noise0.10,4,1000,hellinger__wide64__a3,fixed,1.0,0.06312596448496635,0.27944708318878236
D40_noise0.10,4,1000,hellinger__wide64__a4,fixed,1.0,0.06645536848684253,0.28089556184375297
D40_noise0.10,4,1000,hellinger__deep64__a1,fixed,1.0,0.09108569911793778,0.25993843514351667
D40_noise0.10,4,1000,hellinger__deep64__a2,fixed,1.0000000000000002,0.09617180621451174,0.2682367090734597
D40_noise0.10,4,1000,hellinger__deep64__a3,fixed,0.9999999999999998,0.09378704124152029,0.2725873845448369
D40_noise0.10,4,1000,hellinger__deep64__a4,fixed,1.0,0.09080928323095504,0.263190231291162
D40_noise0.10,4,1000,hellinger__residual64__a1,fixed,1.0,0.08709197528498955,0.28564815509062313
D40_noise0.10,4,1000,hellinger__residual64__a2,fixed,1.0,0.06362415056044214,0.2811910872987465
D40_noise0.10,4,1000,hellinger__residual64__a3,fixed,1.0,0.05264817721051854,0.2802091552851948
D40_noise0.10,4,1000,hellinger__residual64__a4,fixed,1.0000000000000002,0.03754029952784342,0.28027339377018123
D40_noise0.10,4,1000,hellinger__bottleneck8_residual64__a1,fixed,1.0,0.0747020623705242,0.29676144681082134
D40_noise0.10,4,1000,hellinger__bottleneck8_residual64__a2,fixed,1.0,0.06050423642426703,0.28075661086005893
D40_noise0.10,4,1000,hellinger__bottleneck8_residual64__a3,fixed,1.0,0.06903852332526648,0.28270854151858565
D40_noise0.10,4,1000,hellinger__bottleneck8_residual64__a4,fixed,0.9999999999999999,0.08215015489940097,0.2876780623575223
D40_noise0.10,5,1000,hellinger__baseline32__a2,fixed,1.0,0.13826271128575196,0.31112210541469265
D40_noise0.10,5,1000,kl__baseline32__a2,fixed,1.0000000000000002,0.10484475489294015,0.30545504570965776
D40_noise0.10,5,1000,chisq__baseline32__a2,fixed,1.0,0.06887114064174751,0.30546900953785877
D40_noise0.10,5,1000,js__baseline32__a2,fixed,1.0,0.08871167968731894,0.30511991270494737
D40_noise0.10,5,1000,hellinger__baseline32__a1,fixed,1.0000000000000002,0.15956305493339423,0.31915179506051516
D40_noise0.10,5,1000,hellinger__baseline32__a3,fixed,0.9999999999999999,0.09533920944638696,0.3039311884016843
D40_noise0.10,5,1000,hellinger__baseline32__a4,fixed,1.0,0.13904207419911294,0.30973424343163447
D40_noise0.10,5,1000,hellinger__wide64__a1,fixed,1.0,0.1451863995784587,0.3087476609140552
D40_noise0.10,5,1000,hellinger__wide64__a2,fixed,1.0,0.14599399214913758,0.30554213172609923
D40_noise0.10,5,1000,hellinger__wide64__a3,fixed,1.0,0.11684708949434888,0.3013211271847448
D40_noise0.10,5,1000,hellinger__wide64__a4,fixed,1.0,0.1010200959472316,0.3007998456713139
D40_noise0.10,5,1000,hellinger__deep64__a1,fixed,0.9999999999999999,0.11800800879161051,0.2988071556852209
D40_noise0.10,5,1000,hellinger__deep64__a2,fixed,0.9999999999999999,0.12055601256331974,0.2971872071419129
D40_noise0.10,5,1000,hellinger__deep64__a3,fixed,0.9999999999999999,0.0845969018413015,0.3016701830515006
D40_noise0.10,5,1000,hellinger__deep64__a4,fixed,1.0,0.06824851768103139,0.29845080590996087
D40_noise0.10,5,1000,hellinger__residual64__a1,fixed,1.0,0.134563397743906,0.3103615532883786
D40_noise0.10,5,1000,hellinger__residual64__a2,fixed,1.0,0.11938029467684898,0.3062461228303745
D40_noise0.10,5,1000,hellinger__residual64__a3,fixed,1.0,0.09742636640048864,0.3030645961293789
D40_noise0.10,5,1000,hellinger__residual64__a4,fixed,1.0,0.12158174129739388,0.3064160810326914
D40_noise0.10,5,1000,hellinger__bottleneck8_residual64__a1,fixed,0.9999999999999999,0.08117707125082499,0.30501289667414977
D40_noise0.10,5,1000,hellinger__bottleneck8_residual64__a2,fixed,0.9999999999999999,0.07411743506823495,0.3057264714199637
D40_noise0.10,5,1000,hellinger__bottleneck8_residual64__a3,fixed,1.0,0.07040431723955932,0.3055655245228519
D40_noise0.10,5,1000,hellinger__bottleneck8_residual64__a4,fixed,0.9999999999999999,0.07493765700815455,0.30624178291977217
D40_noise0.10,6,1000,hellinger__baseline32__a2,fixed,1.0000000000000002,0.11913064060055457,0.3045392548881766
D40_noise0.10,6,1000,kl__baseline32__a2,fixed,1.0,0.11713975900485789,0.3198580360379634
D40_noise0.10,6,1000,chisq__baseline32__a2,fixed,1.0,0.06364096264578223,0.3097461327905937
D40_noise0.10,6,1000,js__baseline32__a2,fixed,1.0,0.05153546644975462,0.2967503860963465
D40_noise0.10,6,1000,hellinger__baseline32__a1,fixed,1.0,0.12261370932688076,0.30391266050634635
D40_noise0.10,6,1000,hellinger__baseline32__a3,fixed,1.0,0.1053460974334684,0.29939729613093
D40_noise0.10,6,1000,hellinger__baseline32__a4,fixed,0.9999999999999999,0.1075179654566964,0.3002977013444845
D40_noise0.10,6,1000,hellinger__wide64__a1,fixed,1.0000000000000002,0.13773307149573585,0.3207748788230204
D40_noise0.10,6,1000,hellinger__wide64__a2,fixed,0.9999999999999999,0.11297720441281295,0.31270656007303604
D40_noise0.10,6,1000,hellinger__wide64__a3,fixed,0.9999999999999997,0.09767133375287956,0.3086999413130753
D40_noise0.10,6,1000,hellinger__wide64__a4,fixed,0.9999999999999999,0.10802620262149003,0.3131465196801898
D40_noise0.10,6,1000,hellinger__deep64__a1,fixed,0.9999999999999999,0.1371220235612912,0.3177366892443658
D40_noise0.10,6,1000,hellinger__deep64__a2,fixed,1.0000000000000002,0.11155862974835498,0.3114118487349085
D40_noise0.10,6,1000,hellinger__deep64__a3,fixed,0.9999999999999999,0.15412078298709106,0.3171726854388725
D40_noise0.10,6,1000,hellinger__deep64__a4,fixed,1.0,0.10568051565810938,0.3076093248312995
D40_noise0.10,6,1000,hellinger__residual64__a1,fixed,0.9999999999999998,0.12038370809403583,0.31183409167663984
D40_noise0.10,6,1000,hellinger__residual64__a2,fixed,0.9999999999999999,0.1138986068104938,0.3122334157446256
D40_noise0.10,6,1000,hellinger__residual64__a3,fixed,0.9999999999999998,0.13555880719968008,0.317904609529822
D40_noise0.10,6,1000,hellinger__residual64__a4,fixed,1.0,0.1270498949257641,0.3170646572145115
D40_noise0.10,6,1000,hellinger__bottleneck8_residual64__a1,fixed,1.0,0.05532332451589176,0.29468818542937847
D40_noise0.10,6,1000,hellinger__bottleneck8_residual64__a2,fixed,0.9999999999999998,0.06417974055781889,0.2940742800091262
D40_noise0.10,6,1000,hellinger__bottleneck8_residual64__a3,fixed,1.0,0.05250612294456872,0.29175357953720255
D40_noise0.10,6,1000,hellinger__bottleneck8_residual64__a4,fixed,1.0,0.049653330726696844,0.293955387760146
D40_noise0.10,7,1000,hellinger__baseline32__a2,fixed,1.0,0.0698552312161279,0.2723576494563236
D40_noise0.10,7,1000,kl__baseline32__a2,fixed,1.0,0.059386785146102815,0.26662533673681177
D40_noise0.10,7,1000,chisq__baseline32__a2,fixed,1.0,0.04085373909527698,0.26940148867555624
D40_noise0.10,7,1000,js__baseline32__a2,fixed,1.0,0.0467963329878783,0.2680305003299875
D40_noise0.10,7,1000,hellinger__baseline32__a1,fixed,1.0000000000000002,0.0703973935449112,0.2812896582031545
D40_noise0.10,7,1000,hellinger__baseline32__a3,fixed,1.0,0.07478857837389204,0.26643714098207505
D40_noise0.10,7,1000,hellinger__baseline32__a4,fixed,1.0,0.07744390801177702,0.26969413239744316
D40_noise0.10,7,1000,hellinger__wide64__a1,fixed,1.0,0.087640436197032,0.28074010684511647
D40_noise0.10,7,1000,hellinger__wide64__a2,fixed,1.0,0.1022304729791481,0.27850239629442763
D40_noise0.10,7,1000,hellinger__wide64__a3,fixed,1.0,0.09043807620648733,0.27903421162633857
D40_noise0.10,7,1000,hellinger__wide64__a4,fixed,1.0,0.0959338291178541,0.2786428185029929
D40_noise0.10,7,1000,hellinger__deep64__a1,fixed,1.0,0.12032246257862324,0.2842735093972152
D40_noise0.10,7,1000,hellinger__deep64__a2,fixed,0.9999999999999999,0.12928125151788644,0.28602512313221384
D40_noise0.10,7,1000,hellinger__deep64__a3,fixed,1.0,0.12550424221715828,0.28040881801435086
D40_noise0.10,7,1000,hellinger__deep64__a4,fixed,1.0,0.09964315320322363,0.279751437188787
D40_noise0.10,7,1000,hellinger__residual64__a1,fixed,0.9999999999999999,0.12098017707058994,0.29090059575923977
D40_noise0.10,7,1000,hellinger__residual64__a2,fixed,1.0,0.12110864905248345,0.28904035662723365
D40_noise0.10,7,1000,hellinger__residual64__a3,fixed,0.9999999999999998,0.07461967965161254,0.28029664661658804
D40_noise0.10,7,1000,hellinger__residual64__a4,fixed,1.0,0.07269154038397632,0.2776645520949771
D40_noise0.10,7,1000,hellinger__bottleneck8_residual64__a1,fixed,0.9999999999999998,0.06321656540802632,0.28270334723475893
D40_noise0.10,7,1000,hellinger__bottleneck8_residual64__a2,fixed,1.0,0.06771475174840019,0.2855451474153661
D40_noise0.10,7,1000,hellinger__bottleneck8_residual64__a3,fixed,1.0,0.1123310575150757,0.27503225081125443
D40_noise0.10,7,1000,hellinger__bottleneck8_residual64__a4,fixed,1.0,0.05906850745600384,0.28502126994777127
D40_noise0.10,8,1000,hellinger__baseline32__a2,fixed,0.9999999999999998,0.10682800103808177,0.30933295682464884
D40_noise0.10,8,1000,kl__baseline32__a2,fixed,0.9999999999999999,0.09769314178060996,0.2960020610197656
D40_noise0.10,8,1000,chisq__baseline32__a2,fixed,0.9999999999999999,0.09563905325502615,0.2870628443089672
D40_noise0.10,8,1000,js__baseline32__a2,fixed,1.0000000000000002,0.10038299619697442,0.29346469610763765
D40_noise0.10,8,1000,hellinger__baseline32__a1,fixed,1.0,0.11146327315385814,0.30782558581725494
D40_noise0.10,8,1000,hellinger__baseline32__a3,fixed,1.0,0.10747044905086485,0.30533712877336366
D40_noise0.10,8,1000,hellinger__baseline32__a4,fixed,0.9999999999999999,0.0889644213355726,0.29537497903014076
D40_noise0.10,8,1000,hellinger__wide64__a1,fixed,1.0,0.13295637417339215,0.31028864686507474
D40_noise0.10,8,1000,hellinger__wide64__a2,fixed,1.0,0.10939293448453187,0.3120484878830851
D40_noise0.10,8,1000,hellinger__wide64__a3,fixed,1.0,0.10569572557456428,0.3083550159917986
D40_noise0.10,8,1000,hellinger__wide64__a4,fixed,0.9999999999999998,0.09102456211427637,0.3141709816010142
D40_noise0.10,8,1000,hellinger__deep64__a1,fixed,0.9999999999999999,0.10467296232726771,0.3105229852861752
D40_noise0.10,8,1000,hellinger__deep64__a2,fixed,1.0,0.07981793654372088,0.306316456696361
D40_noise0.10,8,1000,hellinger__deep64__a3,fixed,1.0,0.09626325860121891,0.3090902545935504
D40_noise0.10,8,1000,hellinger__deep64__a4,fixed,0.9999999999999999,0.07563465847779162,0.3038227109066795
D40_noise0.10,8,1000,hellinger__residual64__a1,fixed,1.0,0.1186218926757066,0.3111281783133485
D40_noise0.10,8,1000,hellinger__residual64__a2,fixed,1.0000000000000002,0.09226551326532285,0.30535020977966104
D40_noise0.10,8,1000,hellinger__residual64__a3,fixed,0.9999999999999999,0.07441467207975452,0.29505209738426974
D40_noise0.10,8,1000,hellinger__residual64__a4,fixed,1.0,0.07334764611113052,0.29749875280084137
D40_noise0.10,8,1000,hellinger__bottleneck8_residual64__a1,fixed,1.0,0.07803727319742712,0.3026463672509028
D40_noise0.10,8,1000,hellinger__bottleneck8_residual64__a2,fixed,0.9999999999999998,0.0696447215335029,0.3003553668047894
D40_noise0.10,8,1000,hellinger__bottleneck8_residual64__a3,fixed,1.0000000000000002,0.07813106777187487,0.3026924168622901
D40_noise0.10,8,1000,hellinger__bottleneck8_residual64__a4,fixed,0.9999999999999999,0.06761187805101879,0.30026158361002186
D40_noise0.10,9,1000,hellinger__baseline32__a2,fixed,1.0000000000000002,0.0969022653455697,0.30116716730963566
D40_noise0.10,9,1000,kl__baseline32__a2,fixed,0.9999999999999999,0.105518552500249,0.31205201318575293
D40_noise0.10,9,1000,chisq__baseline32__a2,fixed,1.0000000000000002,0.10218768567791887,0.31435087240267356
D40_noise0.10,9,1000,js__baseline32__a2,fixed,1.0,0.08673922085807623,0.30619465184572797
D40_noise0.10,9,1000,hellinger__baseline32__a1,fixed,1.0,0.09590217478327714,0.29365629832059287
D40_noise0.10,9,1000,hellinger__baseline32__a3,fixed,0.9999999999999999,0.12030469999972615,0.2964614903850273
D40_noise0.10,9,1000,hellinger__baseline32__a4,fixed,0.9999999999999999,0.11404348159693274,0.2936789445296551
D40_noise0.10,9,1000,hellinger__wide64__a1,fixed,1.0000000000000002,0.11828921568863053,0.30844164669317
D40_noise0.10,9,1000,hellinger__wide64__a2,fixed,1.0,0.1064838089311942,0.30163871843565565
D40_noise0.10,9,1000,hellinger__wide64__a3,fixed,0.9999999999999998,0.1150949928769893,0.29525079756909367
D40_noise0.10,9,1000,hellinger__wide64__a4,fixed,1.0,0.10388662022860663,0.2885412357614046
D40_noise0.10,9,1000,hellinger__deep64__a1,fixed,0.9999999999999998,0.13277009104004647,0.3006768321410939
D40_noise0.10,9,1000,hellinger__deep64__a2,fixed,1.0,0.09822070256914633,0.2864681113445345
D40_noise0.10,9,1000,hellinger__deep64__a3,fixed,1.0,0.10704299965118065,0.2884142672686039
D40_noise0.10,9,1000,hellinger__deep64__a4,fixed,0.9999999999999999,0.11501430093803798,0.2906367629181498
D40_noise0.10,9,1000,hellinger__residual64__a1,fixed,1.0,0.10580878087971593,0.3001999257681833
D40_noise0.10,9,1000,hellinger__residual64__a2,fixed,1.0,0.120057260542154,0.305278103479941
D40_noise0.10,9,1000,hellinger__residual64__a3,fixed,0.9999999999999999,0.09165578861867174,0.29948832280434223
D40_noise0.10,9,1000,hellinger__residual64__a4,fixed,1.0,0.10856371863597511,0.2952528717501115
D40_noise0.10,9,1000,hellinger__bottleneck8_residual64__a1,fixed,0.9999999999999999,0.06216770969620666,0.2898063182990423
D40_noise0.10,9,1000,hellinger__bottleneck8_residual64__a2,fixed,0.9999999999999999,0.06901258392348243,0.2924798879380522
D40_noise0.10,9,1000,hellinger__bottleneck8_residual64__a3,fixed,0.9999999999999999,0.06519247075751103,0.29512177724326866
D40_noise0.10,9,1000,hellinger__bottleneck8_residual64__a4,fixed,1.0000000000000002,0.05291951395550416,0.2947661007093871
D40_noise0.30,0,1000,hellinger__baseline32__a2,fixed,0.9999999999999999,0.09256387946936474,0.28082477047143645
D40_noise0.30,0,1000,kl__baseline32__a2,fixed,1.0000000000000002,0.08389077629975018,0.2810616722763948
D40_noise0.30,0,1000,chisq__baseline32__a2,fixed,0.9999999999999999,0.0727936100335051,0.27389852757955074
D40_noise0.30,0,1000,js__baseline32__a2,fixed,1.0,0.07513199890531688,0.2875113866696868
D40_noise0.30,0,1000,hellinger__baseline32__a1,fixed,1.0,0.09026037809492576,0.2907750501638272
D40_noise0.30,0,1000,hellinger__baseline32__a3,fixed,0.9999999999999999,0.10096300091099772,0.29859249790834014
D40_noise0.30,0,1000,hellinger__baseline32__a4,fixed,0.9999999999999999,0.10904696512443787,0.3032293005137501
D40_noise0.30,0,1000,hellinger__wide64__a1,fixed,0.9999999999999998,0.08852231290022547,0.29967326215254003
D40_noise0.30,0,1000,hellinger__wide64__a2,fixed,1.0,0.09181970309925432,0.2989627026674644
D40_noise0.30,0,1000,hellinger__wide64__a3,fixed,1.0,0.1057594447758277,0.30769951529420864
D40_noise0.30,0,1000,hellinger__wide64__a4,fixed,1.0,0.1067495017198807,0.3071252249380385
D40_noise0.30,0,1000,hellinger__deep64__a1,fixed,1.0000000000000002,0.14248211148027867,0.31176587171661
D40_noise0.30,0,1000,hellinger__deep64__a2,fixed,0.9999999999999999,0.1392936708816157,0.30289578247954335
D40_noise0.30,0,1000,hellinger__deep64__a3,fixed,1.0,0.13332267483834093,0.29277019009537214
D40_noise0.30,0,1000,hellinger__deep64__a4,fixed,0.9999999999999999,0.13536831455724646,0.2876011623629333
D40_noise0.30,0,1000,hellinger__residual64__a1,fixed,1.0,0.12386810191079689,0.3075551527800863
D40_noise0.30,0,1000,hellinger__residual64__a2,fixed,0.9999999999999999,0.14488815317832004,0.3173210275737272
D40_noise0.30,0,1000,hellinger__residual64__a3,fixed,1.0,0.14649336931458096,0.3173253575824529
D40_noise0.30,0,1000,hellinger__residual64__a4,fixed,0.9999999999999999,0.142784425634411,0.3132355984063176
D40_noise0.30,0,1000,hellinger__bottleneck8_residual64__a1,fixed,1.0,0.11290000392709673,0.3005249807951028
D40_noise0.30,0,1000,hellinger__bottleneck8_residual64__a2,fixed,1.0,0.06645942034048427,0.30906685382852445
D40_noise0.30,0,1000,hellinger__bottleneck8_residual64__a3,fixed,0.9999999999999999,0.0781868494869722,0.3158814328334144
D40_noise0.30,0,1000,hellinger__bottleneck8_residual64__a4,fixed,1.0,0.10181386263512626,0.3211769324080787
D40_noise0.30,1,1000,hellinger__baseline32__a2,fixed,1.0,0.14748249350760123,0.28766890318994903
D40_noise0.30,1,1000,kl__baseline32__a2,fixed,0.9999999999999999,0.1307466369594028,0.2750600209642716
D40_noise0.30,1,1000,chisq__baseline32__a2,fixed,1.0,0.11840129218882406,0.2657158850797163
D40_noise0.30,1,1000,js__baseline32__a2,fixed,1.0,0.12232031734251864,0.2866811899603912
D40_noise0.30,1,1000,hellinger__baseline32__a1,fixed,1.0,0.15134541025228165,0.29154368203671344
D40_noise0.30,1,1000,hellinger__baseline32__a3,fixed,1.0,0.13894739129267616,0.28879631165435926
D40_noise0.30,1,1000,hellinger__baseline32__a4,fixed,0.9999999999999999,0.1361571028064678,0.2825048347413401
D40_noise0.30,1,1000,hellinger__wide64__a1,fixed,1.0000000000000002,0.14764141357601798,0.30875041609749865
D40_noise0.30,1,1000,hellinger__wide64__a2,fixed,1.0,0.15765504513189246,0.31757977282321154
D40_noise0.30,1,1000,hellinger__wide64__a3,fixed,1.0,0.14894328318838,0.30439435788745095
D40_noise0.30,1,1000,hellinger__wide64__a4,fixed,1.0,0.1390428919538167,0.29689283463050536
D40_noise0.30,1,1000,hellinger__deep64__a1,fixed,1.0000000000000002,0.18408181611960817,0.3344373808644433
D40_noise0.30,1,1000,hellinger__deep64__a2,fixed,1.0,0.15160103455853416,0.29456529142929005
D40_noise0.30,1,1000,hellinger__deep64__a3,fixed,0.99995,0.16078149644165543,0.2968093295208797
D40_noise0.30,1,1000,hellinger__deep64__a4,fixed,1.0,0.14872428826662187,0.3013707777588766
D40_noise0.30,1,1000,hellinger__residual64__a1,fixed,1.0000000000000002,0.19030613662736842,0.32801817402768313
D40_noise0.30,1,1000,hellinger__residual64__a2,fixed,1.0,0.16420992616318475,0.31810607896096305
D40_noise0.30,1,1000,hellinger__residual64__a3,fixed,1.0,0.1582190274707843,0.31500004494379347
D40_noise0.30,1,1000,hellinger__residual64__a4,fixed,1.0,0.15070095125891506,0.3136764425663502
D40_noise0.30,1,1000,hellinger__bottleneck8_residual64__a1,fixed,1.0,0.07102873197139199,0.2989440346381303
D40_noise0.30,1,1000,hellinger__bottleneck8_residual64__a2,fixed,0.9999999999999999,0.07174561903312283,0.3059593447076749
D40_noise0.30,1,1000,hellinger__bottleneck8_residual64__a3,fixed,1.0000000000000002,0.08682537950480691,0.3084328510996382
D40_noise0.30,1,1000,hellinger__bottleneck8_residual64__a4,fixed,1.0,0.07995344999888614,0.3065774856270066
D40_noise0.30,2,1000,hellinger__baseline32__a2,fixed,1.0,0.11821712798714408,0.295728879071591
D40_noise0.30,2,1000,kl__baseline32__a2,fixed,1.0,0.1078996122192515,0.28869339030035407
D40_noise0.30,2,1000,chisq__baseline32__a2,fixed,0.9999999999999999,0.10064255716700356,0.2630178591074743
D40_noise0.30,2,1000,js__baseline32__a2,fixed,1.0,0.11378839148053999,0.28371326222866733
D40_noise0.30,2,1000,hellinger__baseline32__a1,fixed,1.0,0.1093811089937307,0.2958797527357386
D40_noise0.30,2,1000,hellinger__baseline32__a3,fixed,1.0000000000000002,0.11050706360785081,0.2870238743651576
D40_noise0.30,2,1000,hellinger__baseline32__a4,fixed,1.0,0.10253496179230832,0.2925267411309543
D40_noise0.30,2,1000,hellinger__wide64__a1,fixed,0.9999999999999998,0.11588026648422724,0.30726808544967554
D40_noise0.30,2,1000,hellinger__wide64__a2,fixed,1.0,0.11242631206218655,0.30518282058351703
D40_noise0.30,2,1000,hellinger__wide64__a3,fixed,0.9999999999999998,0.11130576911400561,0.30139800121789834
D40_noise0.30,2,1000,hellinger__wide64__a4,fixed,1.0,0.11076947870187037,0.2997866319535382
D40_noise0.30,2,1000,hellinger__deep64__a1,fixed,1.0,0.07938253125451532,0.24123295128627695
D40_noise0.30,2,1000,hellinger__deep64__a2,fixed,0.9999999999999999,0.15299851633624326,0.2966460294681263
D40_noise0.30,2,1000,hellinger__deep64__a3,fixed,0.9999999999999999,0.1540971981505954,0.29265386611882566
D40_noise0.30,2,1000,hellinger__deep64__a4,fixed,1.0000000000000002,0.15113498361621422,0.2880102471409654
D40_noise0.30,2,1000,hellinger__residual64__a1,fixed,1.0,0.1256650923832098,0.3082173529908201
D40_noise0.30,2,1000,hellinger__residual64__a2,fixed,1.0,0.11069761012645639,0.2987298687148491
D40_noise0.30,2,1000,hellinger__residual64__a3,fixed,1.0,0.10390579154618863,0.2985840716380405
D40_noise0.30,2,1000,hellinger__residual64__a4,fixed,1.0,0.11217461330310727,0.30231122799952415
D40_noise0.30,2,1000,hellinger__bottleneck8_residual64__a1,fixed,1.0,0.11355934390707831,0.2972999874872351
D40_noise0.30,2,1000,hellinger__bottleneck8_residual64__a2,fixed,1.0,0.12107460043877193,0.2980666564847864
D40_noise0.30,2,1000,hellinger__bottleneck8_residual64__a3,fixed,1.0000000000000002,0.11019103696708654,0.2999263442684253
D40_noise0.30,2,1000,hellinger__bottleneck8_residual64__a4,fixed,1.0,0.10189443895935173,0.3006871799359875
D40_noise0.30,3,1000,hellinger__baseline32__a2,fixed,1.0,0.13915519256037043,0.3164647495138256
D40_noise0.30,3,1000,kl__baseline32__a2,fixed,1.0,0.11105794014181536,0.30368924723809976
D40_noise0.30,3,1000,chisq__baseline32__a2,fixed,0.9999500000000001,0.09610116086467321,0.28137889923159387
D40_noise0.30,3,1000,js__baseline32__a2,fixed,1.0,0.10563111841766618,0.29660536635015444
D40_noise0.30,3,1000,hellinger__baseline32__a1,fixed,1.0,0.14738154652499885,0.32414122267986667
D40_noise0.30,3,1000,hellinger__baseline32__a3,fixed,1.0,0.14136762942778783,0.31317757687530967
D40_noise0.30,3,1000,hellinger__baseline32__a4,fixed,1.0,0.1418553183254134,0.3133692242972338
D40_noise0.30,3,1000,hellinger__wide64__a1,fixed,1.0000000000000002,0.14625928681838773,0.3268542086113195
D40_noise0.30,3,1000,hellinger__wide64__a2,fixed,0.9999999999999999,0.11788661140540331,0.3108798480842122
D40_noise0.30,3,1000,hellinger__wide64__a3,fixed,1.0,0.11530014187258246,0.3049118334665658
D40_noise0.30,3,1000,hellinger__wide64__a4,fixed,1.0,0.10481500304059255,0.30006935867052864
D40_noise0.30,3,1000,hellinger__deep64__a1,fixed,1.0,0.13700324391040655,0.30258123388957625
D40_noise0.30,3,1000,hellinger__deep64__a2,fixed,1.0000000000000002,0.13665217672922117,0.3073131151197167
D40_noise0.30,3,1000,hellinger__deep64__a3,fixed,1.0000000000000002,0.13624828087567042,0.30117057302996997
D40_noise0.30,3,1000,hellinger__deep64__a4,fixed,1.0,0.13137892267171117,0.2993837788985536
D40_noise0.30,3,1000,hellinger__residual64__a1,fixed,0.9999999999999999,0.14606187801640655,0.3118614691877251
D40_noise0.30,3,1000,hellinger__residual64__a2,fixed,1.0000000000000002,0.1288519617557805,0.30777585395176876
D40_noise0.30,3,1000,hellinger__residual64__a3,fixed,1.0,0.11685861160862501,0.3044133465562553
D40_noise0.30,3,1000,hellinger__residual64__a4,fixed,1.0000000000000002,0.11929694361369864,0.30549747559006146
D40_noise0.30,3,1000,hellinger__bottleneck8_residual64__a1,fixed,1.0,0.10053035758780914,0.29673346689818647
D40_noise0.30,3,1000,hellinger__bottleneck8_residual64__a2,fixed,1.0,0.07535355640731174,0.2920557907863075
D40_noise0.30,3,1000,hellinger__bottleneck8_residual64__a3,fixed,1.0,0.07474562473006678,0.2898963508110241
D40_noise0.30,3,1000,hellinger__bottleneck8_residual64__a4,fixed,1.0,0.06865057365625193,0.2905468800325051
D40_noise0.30,4,1000,hellinger__baseline32__a2,fixed,1.0,0.17499309943557256,0.32696671802972166
D40_noise0.30,4,1000,kl__baseline32__a2,fixed,1.0,0.14240611163332093,0.31672302829631716
D40_noise0.30,4,1000,chisq__baseline32__a2,fixed,0.99995,0.10686189818534565,0.29005124818174677
D40_noise0.30,4,1000,js__baseline32__a2,fixed,0.9999499999999999,0.11290251524148304,0.29330184906683937
D40_noise0.30,4,1000,hellinger__baseline32__a1,fixed,1.0,0.20213547709503318,0.3391354420741619
D40_noise0.30,4,1000,hellinger__baseline32__a3,fixed,1.0,0.16143374668404548,0.32162665253883604
D40_noise0.30,4,1000,hellinger__baseline32__a4,fixed,1.0,0.15133042808729327,0.3167501462838149
D40_noise0.30,4,1000,hellinger__wide64__a1,fixed,1.0000000000000002,0.16805655147792567,0.32959444421351514
D40_noise0.30,4,1000,hellinger__wide64__a2,fixed,0.9999999999999999,0.17105852808223931,0.33014448552146747
D40_noise0.30,4,1000,hellinger__wide64__a3,fixed,1.0,0.15633684771222284,0.3264411117199013
D40_noise0.30,4,1000,hellinger__wide64__a4,fixed,1.0000000000000002,0.1659566758096388,0.32950695453495593
D40_noise0.30,4,1000,hellinger__deep64__a1,fixed,1.0,0.13600802781918553,0.29048618502766504
D40_noise0.30,4,1000,hellinger__deep64__a2,fixed,1.0,0.10051840590955707,0.27484670925713595
D40_noise0.30,4,1000,hellinger__deep64__a3,fixed,1.0,0.07949137035476042,0.2633063601214037
D40_noise0.30,4,1000,hellinger__deep64__a4,fixed,0.9999999999999997,0.08576290405072629,0.2706091950686017
D40_noise0.30,4,1000,hellinger__residual64__a1,fixed,0.9999999999999999,0.16572677972489597,0.32155214728996206
D40_noise0.30,4,1000,hellinger__residual64__a2,fixed,1.0,0.15677808249647607,0.3179532188002268
D40_noise0.30,4,1000,hellinger__residual64__a3,fixed,1.0,0.14870973550180677,0.3152150815784647
D40_noise0.30,4,1000,hellinger__residual64__a4,fixed,0.9999999999999999,0.15922847527303927,0.31872519961322093
D40_noise0.30,4,1000,hellinger__bottleneck8_residual64__a1,fixed,1.0,0.09170480312724298,0.3070865102667492
D40_noise0.30,4,1000,hellinger__bottleneck8_residual64__a2,fixed,1.0,0.06895713930255395,0.3061024944793711
D40_noise0.30,4,1000,hellinger__bottleneck8_residual64__a3,fixed,1.0,0.05994048601904616,0.3047117431112407
D40_noise0.30,4,1000,hellinger__bottleneck8_residual64__a4,fixed,1.0,0.05662631582145956,0.30839316773155645
D40_noise0.30,5,1000,hellinger__baseline32__a2,fixed,1.0,0.12016798189869184,0.2959295679790053
D40_noise0.30,5,1000,kl__baseline32__a2,fixed,1.0,0.11511637827288816,0.280017237950893
D40_noise0.30,5,1000,chisq__baseline32__a2,fixed,1.0,0.10744210521548261,0.27513285448753455
D40_noise0.30,5,1000,js__baseline32__a2,fixed,1.0,0.1125803997836638,0.27769664991688153
D40_noise0.30,5,1000,hellinger__baseline32__a1,fixed,1.0,0.11561761376024501,0.2871496203256153
D40_noise0.30,5,1000,hellinger__baseline32__a3,fixed,0.9999999999999999,0.12058223552243441,0.2872602391001357
D40_noise0.30,5,1000,hellinger__baseline32__a4,fixed,1.0,0.12090220823323865,0.285492977180504
D40_noise0.30,5,1000,hellinger__wide64__a1,fixed,1.0,0.12930250527334583,0.3014730882572675
D40_noise0.30,5,1000,hellinger__wide64__a2,fixed,1.0,0.12842831443959757,0.3014833931950727
D40_noise0.30,5,1000,hellinger__wide64__a3,fixed,1.0000000000000002,0.11506711651696373,0.2993713713260708
D40_noise0.30,5,1000,hellinger__wide64__a4,fixed,1.0,0.11472093761562398,0.300416970911828
D40_noise0.30,5,1000,hellinger__deep64__a1,fixed,0.9999999999999999,0.16595035022440416,0.30569758986836065
D40_noise0.30,5,1000,hellinger__deep64__a2,fixed,1.0,0.17348795252961197,0.3027277947764613
D40_noise0.30,5,1000,hellinger__deep64__a3,fixed,1.0,0.16990443979177358,0.3160850692668555
D40_noise0.30,5,1000,hellinger__deep64__a4,fixed,1.0000000000000002,0.17376998336959643,0.31098099656760814
D40_noise0.30,5,1000,hellinger__residual64__a1,fixed,0.9998999999999998,0.11854143531566316,0.29575132192264764
D40_noise0.30,5,1000,hellinger__residual64__a2,fixed,0.9999999999999999,0.10560478894680464,0.2964248901907843
D40_noise0.30,5,1000,hellinger__residual64__a3,fixed,0.9999999999999999,0.103085086165414,0.2909313556263062
D40_noise0.30,5,1000,hellinger__residual64__a4,fixed,0.99995,0.1012336492878764,0.2906094626592803
D40_noise0.30,5,1000,hellinger__bottleneck8_residual64__a1,fixed,1.0,0.09843018162492455,0.3144251364461206
D40_noise0.30,5,1000,hellinger__bottleneck8_residual64__a2,fixed,1.0,0.08510467692621194,0.3083939709890562
D40_noise0.30,5,1000,hellinger__bottleneck8_residual64__a3,fixed,1.0,0.07661989021941812,0.30559225181268307
D40_noise0.30,5,1000,hellinger__bottleneck8_residual64__a4,fixed,0.9999999999999999,0.07584048694382417,0.30447963928885635
D40_noise0.30,6,1000,hellinger__baseline32__a2,fixed,0.9999999999999999,0.1444571785355374,0.32872440311738943
D40_noise0.30,6,1000,kl__baseline32__a2,fixed,1.0,0.1254930130094694,0.31855638858415447
D40_noise0.30,6,1000,chisq__baseline32__a2,fixed,0.9999999999999999,0.09334577103693754,0.299904143568366
D40_noise0.30,6,1000,js__baseline32__a2,fixed,1.0,0.10026236906200131,0.3029577185938795
D40_noise0.30,6,1000,hellinger__baseline32__a1,fixed,0.9999999999999998,0.14468102161131963,0.3306689631968635
D40_noise0.30,6,1000,hellinger__baseline32__a3,fixed,1.0,0.13352526682442403,0.32509509390136343
D40_noise0.30,6,1000,hellinger__baseline32__a4,fixed,1.0,0.12193886202640515,0.3190829936233437
D40_noise0.30,6,1000,hellinger__wide64__a1,fixed,1.0,0.13660092156712092,0.3231653498655202
D40_noise0.30,6,1000,hellinger__wide64__a2,fixed,1.0,0.1517293744931493,0.3251983781587169
D40_noise0.30,6,1000,hellinger__wide64__a3,fixed,0.9999999999999998,0.14208297461239702,0.3177092078528978
D40_noise0.30,6,1000,hellinger__wide64__a4,fixed,1.0,0.1472162849039939,0.3204803627112573
D40_noise0.30,6,1000,hellinger__deep64__a1,fixed,1.0,0.16691578859289838,0.3299381943719914
D40_noise0.30,6,1000,hellinger__deep64__a2,fixed,1.0,0.18136700846581047,0.3338612442417701
D40_noise0.30,6,1000,hellinger__deep64__a3,fixed,1.0,0.10497692536503807,0.26364256406893094
D40_noise0.30,6,1000,hellinger__deep64__a4,fixed,1.0,0.0910199272356607,0.26185326611843673
D40_noise0.30,6,1000,hellinger__residual64__a1,fixed,0.9999999999999998,0.17225451350127804,0.32810213823594864
D40_noise0.30,6,1000,hellinger__residual64__a2,fixed,1.0,0.15710216103783395,0.32241788666975657
D40_noise0.30,6,1000,hellinger__residual64__a3,fixed,1.0,0.15119209700837294,0.3191489280803406
D40_noise0.30,6,1000,hellinger__residual64__a4,fixed,1.0,0.14609930915377975,0.31685211212632836
D40_noise0.30,6,1000,hellinger__bottleneck8_residual64__a1,fixed,0.9999999999999999,0.09344751491153953,0.3146562239341013
D40_noise0.30,6,1000,hellinger__bottleneck8_residual64__a2,fixed,1.0,0.09761919263675993,0.3124961622176301
D40_noise0.30,6,1000,hellinger__bottleneck8_residual64__a3,fixed,0.9999999999999999,0.09112081642185525,0.31348103935812077
D40_noise0.30,6,1000,hellinger__bottleneck8_residual64__a4,fixed,1.0,0.0833520535112964,0.3126165071964906
D40_noise0.30,7,1000,hellinger__baseline32__a2,fixed,1.0000000000000002,0.09868565721926478,0.28398687569034603
D40_noise0.30,7,1000,kl__baseline32__a2,fixed,1.0,0.09415988140911108,0.2813854352570325
D40_noise0.30,7,1000,chisq__baseline32__a2,fixed,1.0,0.08648631222260315,0.2710471935120665
D40_noise0.30,7,1000,js__baseline32__a2,fixed,1.0,0.08476186982845056,0.26509130442328355
D40_noise0.30,7,1000,hellinger__baseline32__a1,fixed,0.9999,0.09380403742173318,0.2773944765869066
D40_noise0.30,7,1000,hellinger__baseline32__a3,fixed,1.0,0.07449682424947099,0.26767310463241506
D40_noise0.30,7,1000,hellinger__baseline32__a4,fixed,0.9999999999999999,0.0634132257646569,0.2623546942822513
D40_noise0.30,7,1000,hellinger__wide64__a1,fixed,0.9999499999999999,0.14640592158513316,0.32263183241087395
D40_noise0.30,7,1000,hellinger__wide64__a2,fixed,1.0,0.14879114630491103,0.3217930248875672
D40_noise0.30,7,1000,hellinger__wide64__a3,fixed,1.0,0.13259496520484768,0.30946551696478464
D40_noise0.30,7,1000,hellinger__wide64__a4,fixed,0.9999999999999999,0.13403282006595424,0.3094264742224116
D40_noise0.30,7,1000,hellinger__deep64__a1,fixed,0.9999999999999999,0.15847169453914545,0.2899376154797595
D40_noise0.30,7,1000,hellinger__deep64__a2,fixed,1.0,0.16129524511941604,0.3134929930768713
D40_noise0.30,7,1000,hellinger__deep64__a3,fixed,1.0,0.15940200127780804,0.31432468295329025
D40_noise0.30,7,1000,hellinger__deep64__a4,fixed,1.0,0.1604506143459219,0.30749049790653804
D40_noise0.30,7,1000,hellinger__residual64__a1,fixed,0.9999999999999999,0.16750355749813373,0.3315370315430299
D40_noise0.30,7,1000,hellinger__residual64__a2,fixed,1.0,0.1583662056887801,0.3299630426888218
D40_noise0.30,7,1000,hellinger__residual64__a3,fixed,0.9999999999999999,0.14019690434391713,0.3225899912124994
D40_noise0.30,7,1000,hellinger__residual64__a4,fixed,1.0,0.13792884591400817,0.3207399672647712
D40_noise0.30,7,1000,hellinger__bottleneck8_residual64__a1,fixed,0.9999999999999999,0.09136528779574385,0.30632716176568486
D40_noise0.30,7,1000,hellinger__bottleneck8_residual64__a2,fixed,1.0000000000000002,0.07880135891323155,0.3004970738855116
D40_noise0.30,7,1000,hellinger__bottleneck8_residual64__a3,fixed,1.0,0.0649222872630646,0.29762851552900177
D40_noise0.30,7,1000,hellinger__bottleneck8_residual64__a4,fixed,1.0,0.07210701563306239,0.30094829326399547
D40_noise0.30,8,1000,hellinger__baseline32__a2,fixed,1.0,0.11735028562904491,0.3026229377384975
D40_noise0.30,8,1000,kl__baseline32__a2,fixed,0.9999999999999999,0.09647016920859702,0.29422092313431075
D40_noise0.30,8,1000,chisq__baseline32__a2,fixed,0.9999999999999998,0.08149564800261852,0.2914559397259594
D40_noise0.30,8,1000,js__baseline32__a2,fixed,0.9999999999999999,0.08784658660948025,0.29192660932584336
D40_noise0.30,8,1000,hellinger__baseline32__a1,fixed,1.0,0.13182587798079648,0.3139540797664739
D40_noise0.30,8,1000,hellinger__baseline32__a3,fixed,1.0,0.10818484441516461,0.30189592672079735
D40_noise0.30,8,1000,hellinger__baseline32__a4,fixed,1.0,0.09221227215687235,0.29316956440159897
D40_noise0.30,8,1000,hellinger__wide64__a1,fixed,0.9999999999999998,0.10811451977882003,0.30604811339221905
D40_noise0.30,8,1000,hellinger__wide64__a2,fixed,0.9999500000000001,0.11082951927925318,0.3030646471972489
D40_noise0.30,8,1000,hellinger__wide64__a3,fixed,0.99995,0.10558444382323197,0.30020003435839643
D40_noise0.30,8,1000,hellinger__wide64__a4,fixed,1.0,0.09921378270296267,0.29606884144990087
D40_noise0.30,8,1000,hellinger__deep64__a1,fixed,1.0,0.12191119221519785,0.30700186922073924
D40_noise0.30,8,1000,hellinger__deep64__a2,fixed,1.0,0.11102225385793578,0.3060691835084639
D40_noise0.30,8,1000,hellinger__deep64__a3,fixed,0.9999499999999999,0.10436636148171624,0.3000509698718634
D40_noise0.30,8,1000,hellinger__deep64__a4,fixed,0.9999999999999999,0.11374226957104051,0.30115449215908635
D40_noise0.30,8,1000,hellinger__residual64__a1,fixed,1.0,0.137975212935512,0.3101137717033569
D40_noise0.30,8,1000,hellinger__residual64__a2,fixed,1.0,0.11824787389832009,0.30033560376500434
D40_noise0.30,8,1000,hellinger__residual64__a3,fixed,0.9999999999999999,0.10976656831344336,0.3029662823063281
D40_noise0.30,8,1000,hellinger__residual64__a4,fixed,0.9999999999999999,0.11827998991980741,0.3030942251777225
D40_noise0.30,8,1000,hellinger__bottleneck8_residual64__a1,fixed,1.0,0.08971112448348569,0.29372892959203567
D40_noise0.30,8,1000,hellinger__bottleneck8_residual64__a2,fixed,0.9999999999999999,0.0816725044437371,0.2926493476115172
D40_noise0.30,8,1000,hellinger__bottleneck8_residual64__a3,fixed,1.0,0.08354424829756851,0.289666766266461
D40_noise0.30,8,1000,hellinger__bottleneck8_residual64__a4,fixed,0.9999999999999999,0.09175014565883043,0.2905830422804097
D40_noise0.30,9,1000,hellinger__baseline32__a2,fixed,0.9999999999999999,0.09984776860202824,0.30711212789502923
D40_noise0.30,9,1000,kl__baseline32__a2,fixed,1.0000000000000002,0.07901563506532418,0.30350494404215256
D40_noise0.30,9,1000,chisq__baseline32__a2,fixed,1.0,0.08412729361906914,0.30198592153419185
D40_noise0.30,9,1000,js__baseline32__a2,fixed,0.9999999999999999,0.0951133255126817,0.31148500668735396
D40_noise0.30,9,1000,hellinger__baseline32__a1,fixed,1.0,0.13114170285478466,0.31657202725530526
D40_noise0.30,9,1000,hellinger__baseline32__a3,fixed,1.0,0.08949737759501987,0.3025004554379368
D40_noise0.30,9,1000,hellinger__baseline32__a4,fixed,1.0000000000000002,0.07489407426785798,0.30278449428693777
D40_noise0.30,9,1000,hellinger__wide64__a1,fixed,1.0,0.17882544410885737,0.33495086686668013
D40_noise0.30,9,1000,hellinger__wide64__a2,fixed,1.0,0.15529829937858103,0.3291239831769941
D40_noise0.30,9,1000,hellinger__wide64__a3,fixed,0.9999999999999999,0.13141410843134257,0.3238621728435994
D40_noise0.30,9,1000,hellinger__wide64__a4,fixed,1.0000000000000002,0.1223507125987164,0.3197070996553668
D40_noise0.30,9,1000,hellinger__deep64__a1,fixed,1.0,0.10083294255522354,0.3079270495786513
D40_noise0.30,9,1000,hellinger__deep64__a2,fixed,1.0,0.09732005867584245,0.3009887861152795
D40_noise0.30,9,1000,hellinger__deep64__a3,fixed,1.0,0.0960337115261492,0.2939408677703247
D40_noise0.30,9,1000,hellinger__deep64__a4,fixed,1.0,0.09055406120372915,0.2925744424029478
D40_noise0.30,9,1000,hellinger__residual64__a1,fixed,1.0000000000000002,0.11932037723802177,0.3194746291007743
D40_noise0.30,9,1000,hellinger__residual64__a2,fixed,1.0000000000000002,0.11821036924093238,0.3165498101766353
D40_noise0.30,9,1000,hellinger__residual64__a3,fixed,1.0000000000000002,0.12054343504086121,0.31811345583298956
D40_noise0.30,9,1000,hellinger__residual64__a4,fixed,1.0,0.1302294943241051,0.3188609628114143
D40_noise0.30,9,1000,hellinger__bottleneck8_residual64__a1,fixed,1.0000000000000002,0.12437923166989887,0.32186884168557084
D40_noise0.30,9,1000,hellinger__bottleneck8_residual64__a2,fixed,0.9999999999999999,0.12623215108077068,0.3222456527665709
D40_noise0.30,9,1000,hellinger__bottleneck8_residual64__a3,fixed,0.9999999999999999,0.10784355972146527,0.31859944436588195
D40_noise0.30,9,1000,hellinger__bottleneck8_residual64__a4,fixed,1.0000000000000002,0.11443223397921869,0.3205463867026717
D100_noise0.30,0,1000,hellinger__baseline32__a2,fixed,1.0,0.11162304766322521,0.31929143590416886
D100_noise0.30,0,1000,kl__baseline32__a2,fixed,1.0,0.10767061656256437,0.32073787460202074
D100_noise0.30,0,1000,chisq__baseline32__a2,fixed,0.9999999999999998,0.09448819982700091,0.3107945724856018
D100_noise0.30,0,1000,js__baseline32__a2,fixed,1.0,0.10292382169911143,0.3181601248377164
D100_noise0.30,0,1000,hellinger__baseline32__a1,fixed,1.0,0.12664879454490793,0.33009560182510295
D100_noise0.30,0,1000,hellinger__baseline32__a3,fixed,0.9999999999999999,0.1148729074552219,0.31820777713153425
D100_noise0.30,0,1000,hellinger__baseline32__a4,fixed,1.0000000000000002,0.1186339394529351,0.3145331010921216
D100_noise0.30,0,1000,hellinger__wide64__a1,fixed,0.99995,0.08964651237820856,0.31637850366590337
D100_noise0.30,0,1000,hellinger__wide64__a2,fixed,1.0,0.12958682299541008,0.3288376101797722
D100_noise0.30,0,1000,hellinger__wide64__a3,fixed,1.0,0.13271315616831023,0.32367929149005026
D100_noise0.30,0,1000,hellinger__wide64__a4,fixed,1.0,0.12143213589527375,0.3190194089003567
D100_noise0.30,0,1000,hellinger__deep64__a1,fixed,1.0,0.1235505709562531,0.2654014116420361
D100_noise0.30,0,1000,hellinger__deep64__a2,fixed,0.9999999999999999,0.1209410244751858,0.2819000605328731
D100_noise0.30,0,1000,hellinger__deep64__a3,fixed,1.0,0.14260183977022278,0.2988274061877479
D100_noise0.30,0,1000,hellinger__deep64__a4,fixed,1.0,0.17302517732774905,0.31920311595914486
D100_noise0.30,0,1000,hellinger__residual64__a1,fixed,1.0,0.1664792701843983,0.3341877889897599
D100_noise0.30,0,1000,hellinger__residual64__a2,fixed,1.0,0.1389374294365348,0.3259056895053486
D100_noise0.30,0,1000,hellinger__residual64__a3,fixed,1.0000000000000002,0.13061725818692896,0.3175596086472811
D100_noise0.30,0,1000,hellinger__residual64__a4,fixed,1.0,0.1230535358810157,0.3201843408059298
D100_noise0.30,0,1000,hellinger__bottleneck8_residual64__a1,fixed,0.9999999999999999,0.07385218461177935,0.2961596943820358
D100_noise0.30,0,1000,hellinger__bottleneck8_residual64__a2,fixed,1.0,0.0849082871745107,0.30048118560140963
D100_noise0.30,0,1000,hellinger__bottleneck8_residual64__a3,fixed,1.0,0.07162646391683226,0.3014402514437476
D100_noise0.30,0,1000,hellinger__bottleneck8_residual64__a4,fixed,1.0,0.0738159224469637,0.3020489749059816
D100_noise0.30,1,1000,hellinger__baseline32__a2,fixed,1.0000000000000002,0.10355256216877759,0.2342796101387377
D100_noise0.30,1,1000,kl__baseline32__a2,fixed,1.0,0.10631065954433362,0.2327118029059589
D100_noise0.30,1,1000,chisq__baseline32__a2,fixed,0.9999999999999999,0.10758746434764348,0.2365824387531441
D100_noise0.30,1,1000,js__baseline32__a2,fixed,0.9999500000000001,0.09763559711353204,0.24620587330509489
D100_noise0.30,1,1000,hellinger__baseline32__a1,fixed,0.9999000000000001,0.10132833050621222,0.22566691982315615
D100_noise0.30,1,1000,hellinger__baseline32__a3,fixed,1.0,0.11648980752334125,0.24012695681843943
D100_noise0.30,1,1000,hellinger__baseline32__a4,fixed,0.9999999999999999,0.11724506767389822,0.25041119228370773
D100_noise0.30,1,1000,hellinger__wide64__a1,fixed,0.9999999999999998,0.07950923044194742,0.25000210741666634
D100_noise0.30,1,1000,hellinger__wide64__a2,fixed,1.0,0.10329955080575697,0.26158656902366934
D100_noise0.30,1,1000,hellinger__wide64__a3,fixed,0.9999999999999998,0.11131212339705589,0.26389640656435737
D100_noise0.30,1,1000,hellinger__wide64__a4,fixed,0.9999999999999998,0.13204237194763233,0.2595361518115429
D100_noise0.30,1,1000,hellinger__deep64__a1,fixed,0.9999999999999999,0.10906425452530767,0.14822918455113185
D100_noise0.30,1,1000,hellinger__deep64__a2,fixed,0.9999999999999999,0.16827749626120245,0.16998501273799352
D100_noise0.30,1,1000,hellinger__deep64__a3,fixed,0.99995,0.1371015917689129,0.2067135781598818
D100_noise0.30,1,1000,hellinger__deep64__a4,fixed,1.0,0.1425048897159743,0.20722425608938344
D100_noise0.30,1,1000,hellinger__residual64__a1,fixed,0.9999999999999999,0.1290562885807308,0.2782107905235432
D100_noise0.30,1,1000,hellinger__residual64__a2,fixed,1.0,0.13363182050257202,0.27163612508315754
D100_noise0.30,1,1000,hellinger__residual64__a3,fixed,0.9999999999999998,0.1359312896840832,0.28030023769844364
D100_noise0.30,1,1000,hellinger__residual64__a4,fixed,0.9999999999999999,0.1303387108825834,0.2864484208041307
D100_noise0.30,1,1000,hellinger__bottleneck8_residual64__a1,fixed,0.9999999999999999,0.10645845077061004,0.264837828749578
D100_noise0.30,1,1000,hellinger__bottleneck8_residual64__a2,fixed,0.9999999999999998,0.10879456488902627,0.26767823264073337
D100_noise0.30,1,1000,hellinger__bottleneck8_residual64__a3,fixed,0.9999999999999999,0.10090730743093754,0.26047731137653307
D100_noise0.30,1,1000,hellinger__bottleneck8_residual64__a4,fixed,0.9999999999999999,0.09913909876081965,0.26229083820107185
D100_noise0.30,2,1000,hellinger__baseline32__a2,fixed,1.0,0.09816920948257135,0.3023173294968687
D100_noise0.30,2,1000,kl__baseline32__a2,fixed,0.9998500000000001,0.09564227621972389,0.30405896008324834
D100_noise0.30,2,1000,chisq__baseline32__a2,fixed,1.0,0.09241304884736298,0.28929149318948216
D100_noise0.30,2,1000,js__baseline32__a2,fixed,0.9999999999999999,0.09998291044378134,0.2956400966083489
D100_noise0.30,2,1000,hellinger__baseline32__a1,fixed,0.9999499999999999,0.08854944820009225,0.30317214062737574
D100_noise0.30,2,1000,hellinger__baseline32__a3,fixed,0.9999999999999999,0.118695211192064,0.29341038599995567
D100_noise0.30,2,1000,hellinger__baseline32__a4,fixed,1.0000000000000002,0.12682689590706744,0.2933529853042875
D100_noise0.30,2,1000,hellinger__wide64__a1,fixed,0.9998999999999999,0.11519120167563858,0.29010540795636924
D100_noise0.30,2,1000,hellinger__wide64__a2,fixed,0.9999999999999999,0.1173949622533771,0.29637805160718067
D100_noise0.30,2,1000,hellinger__wide64__a3,fixed,1.0,0.13016053835298064,0.28637274733948037
D100_noise0.30,2,1000,hellinger__wide64__a4,fixed,0.9999999999999998,0.13302633871241434,0.29211177421429213
D100_noise0.30,2,1000,hellinger__deep64__a1,fixed,0.99995,0.19229187904197825,0.2847608743396387
D100_noise0.30,2,1000,hellinger__deep64__a2,fixed,1.0,0.16209348952765934,0.27979598421926094
D100_noise0.30,2,1000,hellinger__deep64__a3,fixed,1.0,0.1962253801556405,0.27527017134146226
D100_noise0.30,2,1000,hellinger__deep64__a4,fixed,0.9999999999999999,0.23227483745977076,0.2735665507029663
D100_noise0.30,2,1000,hellinger__residual64__a1,fixed,1.0,0.14267294371339811,0.3052508551104072
D100_noise0.30,2,1000,hellinger__residual64__a2,fixed,1.0,0.1582345900418366,0.31308032917039236
D100_noise0.30,2,1000,hellinger__residual64__a3,fixed,1.0,0.14984439793440932,0.3059110309420411
D100_noise0.30,2,1000,hellinger__residual64__a4,fixed,1.0000000000000002,0.15127547286485188,0.3112364815708497
D100_noise0.30,2,1000,hellinger__bottleneck8_residual64__a1,fixed,1.0,0.16439803231376987,0.3129462408389352
D100_noise0.30,2,1000,hellinger__bottleneck8_residual64__a2,fixed,1.0,0.1463875071605491,0.31239001116752857
D100_noise0.30,2,1000,hellinger__bottleneck8_residual64__a3,fixed,1.0,0.1446958485089593,0.2994959845514677
D100_noise0.30,2,1000,hellinger__bottleneck8_residual64__a4,fixed,0.9999999999999999,0.1348308936774141,0.29670266521111305
D100_noise0.30,3,1000,hellinger__baseline32__a2,fixed,0.9999999999999999,0.09102698027543482,0.2806327769915865
D100_noise0.30,3,1000,kl__baseline32__a2,fixed,0.9999999999999999,0.08912970299669563,0.27818324932107263
D100_noise0.30,3,1000,chisq__baseline32__a2,fixed,1.0000000000000002,0.08431827157562348,0.2692793787962419
D100_noise0.30,3,1000,js__baseline32__a2,fixed,1.0,0.0806986620462933,0.27946213106613116
D100_noise0.30,3,1000,hellinger__baseline32__a1,fixed,0.9999999999999999,0.06620756156926194,0.2737396511399287
D100_noise0.30,3,1000,hellinger__baseline32__a3,fixed,0.9999999999999999,0.10842015664076422,0.2861241241109443
D100_noise0.30,3,1000,hellinger__baseline32__a4,fixed,1.0000000000000002,0.12100453350431523,0.2916763004158466
D100_noise0.30,3,1000,hellinger__wide64__a1,fixed,1.0,0.08475426303487717,0.271837332087115
D100_noise0.30,3,1000,hellinger__wide64__a2,fixed,0.9999999999999999,0.07555830086080237,0.28280254174034336
D100_noise0.30,3,1000,hellinger__wide64__a3,fixed,0.9999500000000001,0.09181298767130892,0.2909031103616546
D100_noise0.30,3,1000,hellinger__wide64__a4,fixed,0.9999999999999999,0.1113169404842101,0.29984963067485676
D100_noise0.30,3,1000,hellinger__deep64__a1,fixed,1.0,0.1785789363908945,0.2914382993277378
D100_noise0.30,3,1000,hellinger__deep64__a2,fixed,1.0,0.1562758495428793,0.2899490973604738
D100_noise0.30,3,1000,hellinger__deep64__a3,fixed,1.0,0.15986399094871348,0.3072142183263246
D100_noise0.30,3,1000,hellinger__deep64__a4,fixed,0.9998000000000001,0.1630658971913887,0.3158085739345146
D100_noise0.30,3,1000,hellinger__residual64__a1,fixed,1.0,0.21610419522006868,0.339660176515169
D100_noise0.30,3,1000,hellinger__residual64__a2,fixed,1.0,0.18317551699694568,0.3294090453387433
D100_noise0.30,3,1000,hellinger__residual64__a3,fixed,1.0,0.1799308983082685,0.33326685161417574
D100_noise0.30,3,1000,hellinger__residual64__a4,fixed,1.0,0.1792204828449551,0.3322143204817443
D100_noise0.30,3,1000,hellinger__bottleneck8_residual64__a1,fixed,1.0,0.12417558442643979,0.3056648632627537
D100_noise0.30,3,1000,hellinger__bottleneck8_residual64__a2,fixed,0.9999999999999999,0.12509642792696674,0.3082352601084568
D100_noise0.30,3,1000,hellinger__bottleneck8_residual64__a3,fixed,0.9999999999999998,0.13683326029994067,0.31226998228960895
D100_noise0.30,3,1000,hellinger__bottleneck8_residual64__a4,fixed,1.0000000000000002,0.11850317813348805,0.3131121300078836
D100_noise0.30,4,1000,hellinger__baseline32__a2,fixed,0.99995,0.06010653082898234,0.2549423522069623
D100_noise0.30,4,1000,kl__baseline32__a2,fixed,1.0,0.06958081219137326,0.26256978305411444
D100_noise0.30,4,1000,chisq__baseline32__a2,fixed,1.0,0.08522044594253751,0.26607295235588163
D100_noise0.30,4,1000,js__baseline32__a2,fixed,1.0,0.07602329545869654,0.2683713070374035
D100_noise0.30,4,1000,hellinger__baseline32__a1,fixed,1.0,0.0752159244759625,0.25110345595114775
D100_noise0.30,4,1000,hellinger__baseline32__a3,fixed,0.9999500000000002,0.07946591145060318,0.2711702866456522
D100_noise0.30,4,1000,hellinger__baseline32__a4,fixed,1.0,0.09332137806283482,0.2751005610265669
D100_noise0.30,4,1000,hellinger__wide64__a1,fixed,1.0,0.07488180343526488,0.26093893488923875
D100_noise0.30,4,1000,hellinger__wide64__a2,fixed,0.9999999999999999,0.09717069592967831,0.2657605478097198
D100_noise0.30,4,1000,hellinger__wide64__a3,fixed,0.9999999999999999,0.10348309721166907,0.2772289089921156
D100_noise0.30,4,1000,hellinger__wide64__a4,fixed,1.0,0.09322609632648796,0.28239409813301547
D100_noise0.30,4,1000,hellinger__deep64__a1,fixed,1.0,0.09296966955041713,0.270479349170092
D100_noise0.30,4,1000,hellinger__deep64__a2,fixed,0.9999999999999999,0.11564094804582166,0.2630549422949409
D100_noise0.30,4,1000,hellinger__deep64__a3,fixed,1.0000000000000002,0.11333080760463991,0.26661330327813515
D100_noise0.30,4,1000,hellinger__deep64__a4,fixed,1.0,0.11131706695724165,0.2562177193278599
D100_noise0.30,4,1000,hellinger__residual64__a1,fixed,1.0,0.11458269520684107,0.2883192926172836
D100_noise0.30,4,1000,hellinger__residual64__a2,fixed,1.0,0.12142432937619752,0.29644498566141486
D100_noise0.30,4,1000,hellinger__residual64__a3,fixed,1.0,0.12585624596551903,0.3035008487174165
D100_noise0.30,4,1000,hellinger__residual64__a4,fixed,0.9999999999999999,0.12376428602947832,0.3072594559731308
D100_noise0.30,4,1000,hellinger__bottleneck8_residual64__a1,fixed,1.0,0.09245162187868843,0.2960417433839444
D100_noise0.30,4,1000,hellinger__bottleneck8_residual64__a2,fixed,1.0,0.06448564043268812,0.2949028656106147
D100_noise0.30,4,1000,hellinger__bottleneck8_residual64__a3,fixed,1.0,0.06120748061262908,0.29167880094641624
D100_noise0.30,4,1000,hellinger__bottleneck8_residual64__a4,fixed,1.0,0.06457226766567535,0.2928330248435274
D100_noise0.30,5,1000,hellinger__baseline32__a2,fixed,0.9999999999999999,0.08758494741621714,0.2838596687317657
D100_noise0.30,5,1000,kl__baseline32__a2,fixed,1.0,0.08938598861552319,0.29101546846668885
D100_noise0.30,5,1000,chisq__baseline32__a2,fixed,0.9999999999999999,0.08016687396179799,0.2846554035349001
D100_noise0.30,5,1000,js__baseline32__a2,fixed,1.0,0.07954941424608214,0.2781164626235039
D100_noise0.30,5,1000,hellinger__baseline32__a1,fixed,1.0,0.09175234562951652,0.27583213648806676
D100_noise0.30,5,1000,hellinger__baseline32__a3,fixed,0.9999999999999999,0.09089098088520162,0.29247766863285163
D100_noise0.30,5,1000,hellinger__baseline32__a4,fixed,1.0000000000000002,0.08936555178723442,0.2909748840971694
D100_noise0.30,5,1000,hellinger__wide64__a1,fixed,1.0000000000000002,0.07087763228352983,0.27725383934021763
D100_noise0.30,5,1000,hellinger__wide64__a2,fixed,0.9999999999999999,0.08584448059718408,0.28263038425233217
D100_noise0.30,5,1000,hellinger__wide64__a3,fixed,1.0,0.1122613027235598,0.29333439443321385
D100_noise0.30,5,1000,hellinger__wide64__a4,fixed,0.9999999999999999,0.11166535259178326,0.29481052782267975
D100_noise0.30,5,1000,hellinger__deep64__a1,fixed,0.9998999999999999,0.10696019256893391,0.30208394547901496
D100_noise0.30,5,1000,hellinger__deep64__a2,fixed,1.0,0.1281153507184083,0.2837610640183101
D100_noise0.30,5,1000,hellinger__deep64__a3,fixed,1.0000000000000002,0.13801365564258342,0.30442257642180726
D100_noise0.30,5,1000,hellinger__deep64__a4,fixed,0.9998500000000001,0.14022240741445577,0.3069345644733711
D100_noise0.30,5,1000,hellinger__residual64__a1,fixed,1.0,0.12988488484108635,0.30036071636396905
D100_noise0.30,5,1000,hellinger__residual64__a2,fixed,0.9999999999999998,0.12796192738893478,0.3077982484147491
D100_noise0.30,5,1000,hellinger__residual64__a3,fixed,0.9999999999999999,0.12069985705257569,0.3018591726635233
D100_noise0.30,5,1000,hellinger__residual64__a4,fixed,0.9999999999999998,0.1263467602752436,0.30546066098895586
D100_noise0.30,5,1000,hellinger__bottleneck8_residual64__a1,fixed,1.0,0.08612322520796863,0.2996908082416219
D100_noise0.30,5,1000,hellinger__bottleneck8_residual64__a2,fixed,1.0,0.06516394621728852,0.29324883154553194
D100_noise0.30,5,1000,hellinger__bottleneck8_residual64__a3,fixed,1.0000000000000002,0.059658689484004546,0.29835219459660883
D100_noise0.30,5,1000,hellinger__bottleneck8_residual64__a4,fixed,0.9999999999999999,0.05257552898165522,0.2967684632684673
D100_noise0.30,6,1000,hellinger__baseline32__a2,fixed,1.0,0.0858733095054905,0.28535706004276046
D100_noise0.30,6,1000,kl__baseline32__a2,fixed,1.0,0.09081613636887118,0.29246874658640326
D100_noise0.30,6,1000,chisq__baseline32__a2,fixed,1.0,0.07880692160739955,0.2690424781448644
D100_noise0.30,6,1000,js__baseline32__a2,fixed,0.9999999999999999,0.07679150794607408,0.2701278421122492
D100_noise0.30,6,1000,hellinger__baseline32__a1,fixed,1.0000000000000002,0.07402770220887199,0.27379581276010273
D100_noise0.30,6,1000,hellinger__baseline32__a3,fixed,1.0,0.10184015045114388,0.29935261732182955
D100_noise0.30,6,1000,hellinger__baseline32__a4,fixed,1.0000000000000002,0.11012402007648968,0.2994157913034503
D100_noise0.30,6,1000,hellinger__wide64__a1,fixed,0.9999999999999999,0.06081279825795249,0.26574835627324317
D100_noise0.30,6,1000,hellinger__wide64__a2,fixed,1.0,0.08210466941953151,0.2845645520147225
D100_noise0.30,6,1000,hellinger__wide64__a3,fixed,0.9999999999999998,0.09184305725984214,0.2858930171293032
D100_noise0.30,6,1000,hellinger__wide64__a4,fixed,1.0,0.10670210862355083,0.28210595721856085
D100_noise0.30,6,1000,hellinger__deep64__a1,fixed,1.0,0.10433976447797029,0.27377992400131274
D100_noise0.30,6,1000,hellinger__deep64__a2,fixed,1.0,0.13845242272998637,0.2943393783761385
D100_noise0.30,6,1000,hellinger__deep64__a3,fixed,1.0,0.12555645050022007,0.27400597564946366
D100_noise0.30,6,1000,hellinger__deep64__a4,fixed,0.9999499999999999,0.15029099793421702,0.27647300319329393
D100_noise0.30,6,1000,hellinger__residual64__a1,fixed,1.0000000000000002,0.11098087928554647,0.2920916434746449
D100_noise0.30,6,1000,hellinger__residual64__a2,fixed,0.9999,0.12488383154679779,0.3055727641641533
D100_noise0.30,6,1000,hellinger__residual64__a3,fixed,1.0,0.12693187329310832,0.3138704193716259
D100_noise0.30,6,1000,hellinger__residual64__a4,fixed,1.0,0.1272568979149204,0.30561423355807615
D100_noise0.30,6,1000,hellinger__bottleneck8_residual64__a1,fixed,0.9999999999999999,0.16105774254122068,0.3227031336712446
D100_noise0.30,6,1000,hellinger__bottleneck8_residual64__a2,fixed,1.0,0.14321907502442935,0.3197102456856703
D100_noise0.30,6,1000,hellinger__bottleneck8_residual64__a3,fixed,0.9999999999999998,0.12969428563420687,0.3164973748557061
D100_noise0.30,6,1000,hellinger__bottleneck8_residual64__a4,fixed,0.9999999999999998,0.11696271299906237,0.3154784271891377
D100_noise0.30,7,1000,hellinger__baseline32__a2,fixed,1.0,0.08674828948922568,0.2625892427484875
D100_noise0.30,7,1000,kl__baseline32__a2,fixed,1.0,0.08462504277547732,0.26462723937257676
D100_noise0.30,7,1000,chisq__baseline32__a2,fixed,1.0,0.08733563922048547,0.25181422435578443
D100_noise0.30,7,1000,js__baseline32__a2,fixed,0.9999999999999999,0.0873167774283582,0.27327802794356754
D100_noise0.30,7,1000,hellinger__baseline32__a1,fixed,1.0,0.08796262237259632,0.2414830590873902
D100_noise0.30,7,1000,hellinger__baseline32__a3,fixed,1.0,0.10621489960737028,0.2779333275975428
D100_noise0.30,7,1000,hellinger__baseline32__a4,fixed,1.0,0.12179538710737359,0.292905285533095
D100_noise0.30,7,1000,hellinger__wide64__a1,fixed,1.0,0.06272625828214459,0.2661987394004846
D100_noise0.30,7,1000,hellinger__wide64__a2,fixed,1.0,0.08807291916044367,0.2803626666157929
D100_noise0.30,7,1000,hellinger__wide64__a3,fixed,1.0,0.10459449845846992,0.2891873013970403
D100_noise0.30,7,1000,hellinger__wide64__a4,fixed,0.9999999999999999,0.11751178519462754,0.29786516365268906
D100_noise0.30,7,1000,hellinger__deep64__a1,fixed,0.9997499999999999,0.116240076231455,0.2753672941698185
D100_noise0.30,7,1000,hellinger__deep64__a2,fixed,1.0,0.17336253790790632,0.3037621868533429
D100_noise0.30,7,1000,hellinger__deep64__a3,fixed,0.9999999999999999,0.1599698275336839,0.29380052668183315
D100_noise0.30,7,1000,hellinger__deep64__a4,fixed,0.9999999999999999,0.16477972730180962,0.30801753924451325
D100_noise0.30,7,1000,hellinger__residual64__a1,fixed,0.9999999999999999,0.14117050707981255,0.311845573767966
D100_noise0.30,7,1000,hellinger__residual64__a2,fixed,1.0,0.12751943983406136,0.3025552972397567
D100_noise0.30,7,1000,hellinger__residual64__a3,fixed,0.9999999999999999,0.13409940774167192,0.3065171950223632
D100_noise0.30,7,1000,hellinger__residual64__a4,fixed,1.0,0.1344711893000406,0.3098236844778294
D100_noise0.30,7,1000,hellinger__bottleneck8_residual64__a1,fixed,1.0,0.1603069467893907,0.31291916347132137
D100_noise0.30,7,1000,hellinger__bottleneck8_residual64__a2,fixed,0.9999999999999998,0.14704633599180106,0.31454172027529836
D100_noise0.30,7,1000,hellinger__bottleneck8_residual64__a3,fixed,0.9999999999999999,0.13692804828472557,0.3125328916023304
D100_noise0.30,7,1000,hellinger__bottleneck8_residual64__a4,fixed,1.0,0.12872951772272223,0.31681506407997484
D100_noise0.30,8,1000,hellinger__baseline32__a2,fixed,1.0,0.10131066832967747,0.2623038197902608
D100_noise0.30,8,1000,kl__baseline32__a2,fixed,1.0,0.10604550964986816,0.2568923157345551
D100_noise0.30,8,1000,chisq__baseline32__a2,fixed,0.99995,0.10160049217681931,0.23656094442767142
D100_noise0.30,8,1000,js__baseline32__a2,fixed,0.9999999999999998,0.09681448621120683,0.2642655593713652
D100_noise0.30,8,1000,hellinger__baseline32__a1,fixed,0.9999999999999999,0.08539079654101929,0.2583464400875333
D100_noise0.30,8,1000,hellinger__baseline32__a3,fixed,1.0,0.1126582585501154,0.2700186193781499
D100_noise0.30,8,1000,hellinger__baseline32__a4,fixed,0.9999999999999999,0.12421568154906673,0.2751573881272716
D100_noise0.30,8,1000,hellinger__wide64__a1,fixed,0.99995,0.09093992600709083,0.25268328144231783
D100_noise0.30,8,1000,hellinger__wide64__a2,fixed,1.0,0.10391401261733817,0.29215345598621806
D100_noise0.30,8,1000,hellinger__wide64__a3,fixed,0.9999999999999999,0.10652246898588814,0.2938064637514412
D100_noise0.30,8,1000,hellinger__wide64__a4,fixed,0.9999999999999999,0.0883239927933346,0.27882771925475075
D100_noise0.30,8,1000,hellinger__deep64__a1,fixed,0.9999999999999999,0.14208749403199025,0.21578062406640908
D100_noise0.30,8,1000,hellinger__deep64__a2,fixed,1.0,0.1459527951886519,0.23799104862148732
D100_noise0.30,8,1000,hellinger__deep64__a3,fixed,1.0,0.1393623502935252,0.2515350914155217
D100_noise0.30,8,1000,hellinger__deep64__a4,fixed,1.0000000000000002,0.1600788481088724,0.26143347456353644
D100_noise0.30,8,1000,hellinger__residual64__a1,fixed,1.0,0.1417244223431208,0.29130814186356707
D100_noise0.30,8,1000,hellinger__residual64__a2,fixed,0.9999999999999999,0.14430009286857146,0.2991071550988644
D100_noise0.30,8,1000,hellinger__residual64__a3,fixed,1.0,0.1540534191816333,0.30622431814253215
D100_noise0.30,8,1000,hellinger__residual64__a4,fixed,0.99995,0.15864653097650744,0.30270539918890216
D100_noise0.30,8,1000,hellinger__bottleneck8_residual64__a1,fixed,1.0,0.17016632332366524,0.32042857414962217
D100_noise0.30,8,1000,hellinger__bottleneck8_residual64__a2,fixed,1.0,0.16923854262507568,0.3182689631041494
D100_noise0.30,8,1000,hellinger__bottleneck8_residual64__a3,fixed,1.0,0.14994955996175338,0.3167263524481501
D100_noise0.30,8,1000,hellinger__bottleneck8_residual64__a4,fixed,1.0,0.1407103130782585,0.3149135836320516
D100_noise0.30,9,1000,hellinger__baseline32__a2,fixed,1.0,0.13457334472446114,0.3118584288896978
D100_noise0.30,9,1000,kl__baseline32__a2,fixed,1.0,0.12976162682749012,0.31569694799171794
D100_noise0.30,9,1000,chisq__baseline32__a2,fixed,1.0,0.09991212380789682,0.2909685770236898
D100_noise0.30,9,1000,js__baseline32__a2,fixed,0.9999999999999999,0.09963055398094021,0.2962960549313799
D100_noise0.30,9,1000,hellinger__baseline32__a1,fixed,1.0000000000000002,0.10171995670329236,0.2953944372753621
D100_noise0.30,9,1000,hellinger__baseline32__a3,fixed,0.9999999999999999,0.12430310767104545,0.30745585382077417
D100_noise0.30,9,1000,hellinger__baseline32__a4,fixed,0.9999999999999998,0.12551895569153568,0.31037464083668503
D100_noise0.30,9,1000,hellinger__wide64__a1,fixed,0.9999999999999998,0.07824354038286768,0.30326061753041
D100_noise0.30,9,1000,hellinger__wide64__a2,fixed,0.9999999999999998,0.09945886052679404,0.3125303460183402
D100_noise0.30,9,1000,hellinger__wide64__a3,fixed,1.0,0.10446582037514204,0.3106593410565006
D100_noise0.30,9,1000,hellinger__wide64__a4,fixed,1.0,0.11284228736668722,0.31337486412170834
D100_noise0.30,9,1000,hellinger__deep64__a1,fixed,1.0,0.056941610089912074,0.17253380209416241
D100_noise0.30,9,1000,hellinger__deep64__a2,fixed,1.0000000000000002,0.044488436564533586,0.17197555053707297
D100_noise0.30,9,1000,hellinger__deep64__a3,fixed,1.0000000000000002,0.04931301036887256,0.1721608645308972
D100_noise0.30,9,1000,hellinger__deep64__a4,fixed,0.9999999999999999,0.045970333440932425,0.17023150748871713
D100_noise0.30,9,1000,hellinger__residual64__a1,fixed,0.9999999999999999,0.23112380489645348,0.35189100273807356
D100_noise0.30,9,1000,hellinger__residual64__a2,fixed,1.0000000000000002,0.12066230078029994,0.3126381917672243
D100_noise0.30,9,1000,hellinger__residual64__a3,fixed,1.0,0.1398216448800822,0.31789735511658535
D100_noise0.30,9,1000,hellinger__residual64__a4,fixed,1.0,0.14191904560473037,0.31996921288131247
D100_noise0.30,9,1000,hellinger__bottleneck8_residual64__a1,fixed,1.0,0.18700544547523423,0.3280604165902478
D100_noise0.30,9,1000,hellinger__bottleneck8_residual64__a2,fixed,1.0,0.16727378240581936,0.32536765345822316
D100_noise0.30,9,1000,hellinger__bottleneck8_residual64__a3,fixed,0.9999999999999999,0.15881341401627688,0.3244709316416443
D100_noise0.30,9,1000,hellinger__bottleneck8_residual64__a4,fixed,1.0000000000000002,0.15061425276894688,0.32385546860902414
