architecture,candidate,case,evaluation_brier,evaluation_mse,loss,output_alpha,repeat,train_n,validation_brier
baseline32,hellinger__baseline32__a2,D2_noise0.00,0.17450058771517507,0.027546453197995445,hellinger,2,0,1000,0.1725455835746995
baseline32,kl__baseline32__a2,D2_noise0.00,0.17451308722340061,0.027261309988198434,kl,2,0,1000,0.17105112795021762
baseline32,chisq__baseline32__a2,D2_noise0.00,0.1738981414373058,0.023872056327966983,chisq,2,0,1000,0.16884421119629406
baseline32,js__baseline32__a2,D2_noise0.00,0.17338477349520062,0.021209475925918025,js,2,0,1000,0.16829518728981843
baseline32,hellinger__baseline32__a1,D2_noise0.00,0.1759180711963631,0.03208250680232098,hellinger,1,0,1000,0.17221394531948253
baseline32,hellinger__baseline32__a3,D2_noise0.00,0.17541613247417848,0.03098334629102053,hellinger,3,0,1000,0.17263720750221634
baseline32,hellinger__baseline32__a4,D2_noise0.00,0.17429652009465113,0.0268757649503929,hellinger,4,0,1000,0.16995969965794666
wide64,hellinger__wide64__a1,D2_noise0.00,0.17831643003624587,0.043369602238725255,hellinger,1,0,1000,0.17578828115761552
wide64,hellinger__wide64__a2,D2_noise0.00,0.17464992353350664,0.029124641559294763,hellinger,2,0,1000,0.17295016739870278
wide64,hellinger__wide64__a3,D2_noise0.00,0.1755794798313736,0.0328487161564644,hellinger,3,0,1000,0.17297893843560824
wide64,hellinger__wide64__a4,D2_noise0.00,0.18097884734857658,0.052870820789801085,hellinger,4,0,1000,0.17810834803459574
deep64,hellinger__deep64__a1,D2_noise0.00,0.17449303925402782,0.02889377299266866,hellinger,1,0,1000,0.1734551867870053
deep64,hellinger__deep64__a2,D2_noise0.00,0.17369501163743273,0.027477902785311942,hellinger,2,0,1000,0.17241754468799872
deep64,hellinger__deep64__a3,D2_noise0.00,0.1724120669646077,0.021503094960643898,hellinger,3,0,1000,0.17068703324087442
deep64,hellinger__deep64__a4,D2_noise0.00,0.17332321722982885,0.02552548405614509,hellinger,4,0,1000,0.1713894528258073
residual64,hellinger__residual64__a1,D2_noise0.00,0.17522704343192275,0.031107180277183136,hellinger,1,0,1000,0.17396146805547474
residual64,hellinger__residual64__a2,D2_noise0.00,0.18970404655462114,0.08687503542216865,hellinger,2,0,1000,0.184486342848448
residual64,hellinger__residual64__a3,D2_noise0.00,0.18942085351784432,0.08550878804806394,hellinger,3,0,1000,0.18437828405140275
residual64,hellinger__residual64__a4,D2_noise0.00,0.19481975034515972,0.10659482702060516,hellinger,4,0,1000,0.18981267840372756
bottleneck8_residual64,hellinger__bottleneck8_residual64__a1,D2_noise0.00,0.17240943404618536,0.016992639364731645,hellinger,1,0,1000,0.16703346176672507
bottleneck8_residual64,hellinger__bottleneck8_residual64__a2,D2_noise0.00,0.17226041288718902,0.017039525991236017,hellinger,2,0,1000,0.1664167616409309
bottleneck8_residual64,hellinger__bottleneck8_residual64__a3,D2_noise0.00,0.17216940572322498,0.016697829006418013,hellinger,3,0,1000,0.1669480406291592
bottleneck8_residual64,hellinger__bottleneck8_residual64__a4,D2_noise0.00,0.1725576745722396,0.01803474581624704,hellinger,4,0,1000,0.16779891061962462
baseline32,hellinger__baseline32__a2,D2_noise0.00,0.20302220805897878,0.1455875469577616,hellinger,2,1,1000,0.19798615165423722
baseline32,kl__baseline32__a2,D2_noise0.00,0.17342614024123634,0.024910865470994595,kl,2,1,1000,0.171142365811014
baseline32,chisq__baseline32__a2,D2_noise0.00,0.17396304204351865,0.02659412157269184,chisq,2,1,1000,0.17120198064508302
baseline32,js__baseline32__a2,D2_noise0.00,0.1738337123870286,0.024839719043353747,js,2,1,1000,0.17041488149885456
baseline32,hellinger__baseline32__a1,D2_noise0.00,0.2035552681517664,0.14772824752501962,hellinger,1,1,1000,0.19927688651431946
baseline32,hellinger__baseline32__a3,D2_noise0.00,0.20233530601301075,0.14313417959337152,hellinger,3,1,1000,0.19701356992229432
baseline32,hellinger__baseline32__a4,D2_noise0.00,0.20022585456509379,0.13517764094984627,hellinger,4,1,1000,0.19567683529532598
wide64,hellinger__wide64__a1,D2_noise0.00,0.20274406700471004,0.14325175989024636,hellinger,1,1,1000,0.1994017545325945
wide64,hellinger__wide64__a2,D2_noise0.00,0.2019505806054379,0.14057165638249605,hellinger,2,1,1000,0.19810094857667568
wide64,hellinger__wide64__a3,D2_noise0.00,0.2019770553883553,0.14042932404803055,hellinger,3,1,1000,0.19760351713459237
wide64,hellinger__wide64__a4,D2_noise0.00,0.2013039611114595,0.1380288384488246,hellinger,4,1,1000,0.19656700571562968
deep64,hellinger__deep64__a1,D2_noise0.00,0.19665485702067542,0.12078741918188732,hellinger,1,1,1000,0.19404072586545784
deep64,hellinger__deep64__a2,D2_noise0.00,0.20136307786658858,0.13978002825012617,hellinger,2,1,1000,0.19653245902011576
deep64,hellinger__deep64__a3,D2_noise0.00,0.20063546052782524,0.13674764585037702,hellinger,3,1,1000,0.1957166942438003
deep64,hellinger__deep64__a4,D2_noise0.00,0.20056273451869955,0.13584973799568884,hellinger,4,1,1000,0.19548011205796145
residual64,hellinger__residual64__a1,D2_noise0.00,0.20557308278066888,0.15491564753675374,hellinger,1,1,1000,0.200618035889194
residual64,hellinger__residual64__a2,D2_noise0.00,0.20423216069883826,0.1495708655553486,hellinger,2,1,1000,0.19942221375963906
residual64,hellinger__residual64__a3,D2_noise0.00,0.20519442780675812,0.15319465032822882,hellinger,3,1,1000,0.2015191929237098
residual64,hellinger__residual64__a4,D2_noise0.00,0.20656557831102895,0.15917469919962657,hellinger,4,1,1000,0.20285275255095392
bottleneck8_residual64,hellinger__bottleneck8_residual64__a1,D2_noise0.00,0.20129204461318856,0.13997338690516323,hellinger,1,1,1000,0.1965277443165363
bottleneck8_residual64,hellinger__bottleneck8_residual64__a2,D2_noise0.00,0.19982410017832902,0.1334630078094455,hellinger,2,1,1000,0.19525194698887824
bottleneck8_residual64,hellinger__bottleneck8_residual64__a3,D2_noise0.00,0.23548997417656942,0.27427941136169787,hellinger,3,1,1000,0.2307340682383643
bottleneck8_residual64,hellinger__bottleneck8_residual64__a4,D2_noise0.00,0.2489939323894645,0.3265273166143291,hellinger,4,1,1000,0.244925667970518
baseline32,hellinger__baseline32__a2,D2_noise0.00,0.17473494034374976,0.030285935721933076,hellinger,2,2,1000,0.1738322675347769
baseline32,kl__baseline32__a2,D2_noise0.00,0.17289836448614382,0.02292801323144691,kl,2,2,1000,0.17118366712550265
baseline32,chisq__baseline32__a2,D2_noise0.00,0.17219873740397715,0.0195129112010147,chisq,2,2,1000,0.17082978290481882
baseline32,js__baseline32__a2,D2_noise0.00,0.17184712048648476,0.01842216128693245,js,2,2,1000,0.1708508349239605
baseline32,hellinger__baseline32__a1,D2_noise0.00,0.17430682897789115,0.027003132672762255,hellinger,1,2,1000,0.1724196644544351
baseline32,hellinger__baseline32__a3,D2_noise0.00,0.1734115424235197,0.0233231885269622,hellinger,3,2,1000,0.17189505138805378
baseline32,hellinger__baseline32__a4,D2_noise0.00,0.17471891922970118,0.028662949289752188,hellinger,4,2,1000,0.1735048920178412
wide64,hellinger__wide64__a1,D2_noise0.00,0.17510757116218262,0.03017348179131577,hellinger,1,2,1000,0.1720531510757064
wide64,hellinger__wide64__a2,D2_noise0.00,0.17570634682820196,0.033891739504026894,hellinger,2,2,1000,0.17449778823783504
wide64,hellinger__wide64__a3,D2_noise0.00,0.1756118317435011,0.03307576721747972,hellinger,3,2,1000,0.1756867323858721
wide64,hellinger__wide64__a4,D2_noise0.00,0.17596963341175942,0.03310734314410717,hellinger,4,2,1000,0.17397072956206489
deep64,hellinger__deep64__a1,D2_noise0.00,0.17871695851261787,0.0435461946952152,hellinger,1,2,1000,0.17593489676080237
deep64,hellinger__deep64__a2,D2_noise0.00,0.17929482536193986,0.04583870875241461,hellinger,2,2,1000,0.17696463480649105
deep64,hellinger__deep64__a3,D2_noise0.00,0.17872674964350105,0.04552974298376933,hellinger,3,2,1000,0.1769202740392603
deep64,hellinger__deep64__a4,D2_noise0.00,0.18064345572626944,0.05212747587636539,hellinger,4,2,1000,0.17793905943261668
residual64,hellinger__residual64__a1,D2_noise0.00,0.17554631936506568,0.03318132531435388,hellinger,1,2,1000,0.17404533430499097
residual64,hellinger__residual64__a2,D2_noise0.00,0.1761930111228052,0.03624584362418404,hellinger,2,2,1000,0.1750571822824772
residual64,hellinger__residual64__a3,D2_noise0.00,0.18172090115475992,0.057566791627274086,hellinger,3,2,1000,0.18025553069809697
residual64,hellinger__residual64__a4,D2_noise0.00,0.17725341852377602,0.04031992676235244,hellinger,4,2,1000,0.17680377020986762
bottleneck8_residual64,hellinger__bottleneck8_residual64__a1,D2_noise0.00,0.17647468127880067,0.03752722794627478,hellinger,1,2,1000,0.17649945546913187
bottleneck8_residual64,hellinger__bottleneck8_residual64__a2,D2_noise0.00,0.1792039651312013,0.04719200507066511,hellinger,2,2,1000,0.1796815281817181
bottleneck8_residual64,hellinger__bottleneck8_residual64__a3,D2_noise0.00,0.17725432555743226,0.03873870465355471,hellinger,3,2,1000,0.17645819411275598
bottleneck8_residual64,hellinger__bottleneck8_residual64__a4,D2_noise0.00,0.17807273813092261,0.04175552157891267,hellinger,4,2,1000,0.1779363806643968
baseline32,hellinger__baseline32__a2,D2_noise0.00,0.19658643956748592,0.11947857601015414,hellinger,2,3,1000,0.20115372189408498
baseline32,kl__baseline32__a2,D2_noise0.00,0.18142046441796256,0.06228942501193948,kl,2,3,1000,0.19137875703587126
baseline32,chisq__baseline32__a2,D2_noise0.00,0.17258884866488294,0.0294254154425053,chisq,2,3,1000,0.1855877745838697
baseline32,js__baseline32__a2,D2_noise0.00,0.1734009420519455,0.032215971789863865,js,2,3,1000,0.18622199736011247
baseline32,hellinger__baseline32__a1,D2_noise0.00,0.1967699375915491,0.1204417512292594,hellinger,1,3,1000,0.20098825127435027
baseline32,hellinger__baseline32__a3,D2_noise0.00,0.19866453748008506,0.1278179381050576,hellinger,3,3,1000,0.20359206821349157
baseline32,hellinger__baseline32__a4,D2_noise0.00,0.19890895601201256,0.12879393133759026,hellinger,4,3,1000,0.20423403669314943
wide64,hellinger__wide64__a1,D2_noise0.00,0.20424454042352067,0.14889193692094307,hellinger,1,3,1000,0.20723463722865149
wide64,hellinger__wide64__a2,D2_noise0.00,0.20415789422125336,0.14848362550172933,hellinger,2,3,1000,0.20673784673548057
wide64,hellinger__wide64__a3,D2_noise0.00,0.20284738767661528,0.14360421585045774,hellinger,3,3,1000,0.2056207526837297
wide64,hellinger__wide64__a4,D2_noise0.00,0.20293875234451433,0.1440358177829676,hellinger,4,3,1000,0.20566628897295902
deep64,hellinger__deep64__a1,D2_noise0.00,0.20247695358055412,0.14295426574951958,hellinger,1,3,1000,0.20700228569776535
deep64,hellinger__deep64__a2,D2_noise0.00,0.1905007762040709,0.09619492815039772,hellinger,2,3,1000,0.19678171673334344
deep64,hellinger__deep64__a3,D2_noise0.00,0.1731723515984753,0.032393818257791376,hellinger,3,3,1000,0.1863372760118957
deep64,hellinger__deep64__a4,D2_noise0.00,0.1728581581456195,0.030693902139106506,hellinger,4,3,1000,0.18510330025056634
residual64,hellinger__residual64__a1,D2_noise0.00,0.20033167889555178,0.13456739807751672,hellinger,1,3,1000,0.20496846060576218
residual64,hellinger__residual64__a2,D2_noise0.00,0.2007339253657794,0.13579918882673644,hellinger,2,3,1000,0.20338699956679912
residual64,hellinger__residual64__a3,D2_noise0.00,0.20230375442990745,0.14185393192261303,hellinger,3,3,1000,0.2044028348147533
residual64,hellinger__residual64__a4,D2_noise0.00,0.20448567671337203,0.1503713129119888,hellinger,4,3,1000,0.20678685622813803
bottleneck8_residual64,hellinger__bottleneck8_residual64__a1,D2_noise0.00,0.16939820017860432,0.018166005312034945,hellinger,1,3,1000,0.18183242656308574
bottleneck8_residual64,hellinger__bottleneck8_residual64__a2,D2_noise0.00,0.16949225073830346,0.01822418661628704,hellinger,2,3,1000,0.18225330908072968
bottleneck8_residual64,hellinger__bottleneck8_residual64__a3,D2_noise0.00,0.1702200483829123,0.02077459143262523,hellinger,3,3,1000,0.1824659898451466
bottleneck8_residual64,hellinger__bottleneck8_residual64__a4,D2_noise0.00,0.17063608517707965,0.022638361801084812,hellinger,4,3,1000,0.18360003019772086
baseline32,hellinger__baseline32__a2,D2_noise0.00,0.17457789917985927,0.029476951377557736,hellinger,2,4,1000,0.1729049694195734
baseline32,kl__baseline32__a2,D2_noise0.00,0.1708576642799287,0.016612783055608003,kl,2,4,1000,0.1691442444455778
baseline32,chisq__baseline32__a2,D2_noise0.00,0.17116233150621166,0.017584448814799616,chisq,2,4,1000,0.1693921690805681
baseline32,js__baseline32__a2,D2_noise0.00,0.17147306794718953,0.018997174225587478,js,2,4,1000,0.16965626689445468
baseline32,hellinger__baseline32__a1,D2_noise0.00,0.17587527767064293,0.03342583212455723,hellinger,1,4,1000,0.1739582310317097
baseline32,hellinger__baseline32__a3,D2_noise0.00,0.17501632251726498,0.031076704143701516,hellinger,3,4,1000,0.17512629906977706
baseline32,hellinger__baseline32__a4,D2_noise0.00,0.17620599425930772,0.035585875198510836,hellinger,4,4,1000,0.1764797996850268
wide64,hellinger__wide64__a1,D2_noise0.00,0.17615187628666665,0.035087089478045924,hellinger,1,4,1000,0.17438937933900772
wide64,hellinger__wide64__a2,D2_noise0.00,0.17657632738261278,0.03661227456022688,hellinger,2,4,1000,0.17457514210384262
wide64,hellinger__wide64__a3,D2_noise0.00,0.17810464873440573,0.04252590327775095,hellinger,3,4,1000,0.17632792811424244
wide64,hellinger__wide64__a4,D2_noise0.00,0.1786758500041129,0.044887397241094515,hellinger,4,4,1000,0.17759567806889287
deep64,hellinger__deep64__a1,D2_noise0.00,0.19059181740225434,0.09490865421431928,hellinger,1,4,1000,0.18820037812464968
deep64,hellinger__deep64__a2,D2_noise0.00,0.1750403355387396,0.03041932850915357,hellinger,2,4,1000,0.1709815484564528
deep64,hellinger__deep64__a3,D2_noise0.00,0.17808331748426426,0.04187149528234842,hellinger,3,4,1000,0.17560125464860854
deep64,hellinger__deep64__a4,D2_noise0.00,0.17464158273161295,0.028746872716265838,hellinger,4,4,1000,0.16985209240767785
residual64,hellinger__residual64__a1,D2_noise0.00,0.1924342369063846,0.10274093111024545,hellinger,1,4,1000,0.18968008763634303
residual64,hellinger__residual64__a2,D2_noise0.00,0.19623940791925348,0.11791758053683402,hellinger,2,4,1000,0.19358097947950076
residual64,hellinger__residual64__a3,D2_noise0.00,0.19611741148906572,0.11711615996428057,hellinger,3,4,1000,0.1939652251594734
residual64,hellinger__residual64__a4,D2_noise0.00,0.19584796085643813,0.11639626685348996,hellinger,4,4,1000,0.1940547193386854
bottleneck8_residual64,hellinger__bottleneck8_residual64__a1,D2_noise0.00,0.17513878545952122,0.03184523819408154,hellinger,1,4,1000,0.171787963981277
bottleneck8_residual64,hellinger__bottleneck8_residual64__a2,D2_noise0.00,0.175102565742433,0.03173561594850404,hellinger,2,4,1000,0.17344123076198367
bottleneck8_residual64,hellinger__bottleneck8_residual64__a3,D2_noise0.00,0.17426086131349716,0.028188434296372772,hellinger,3,4,1000,0.1718409028642067
bottleneck8_residual64,hellinger__bottleneck8_residual64__a4,D2_noise0.00,0.17455357611873795,0.028713034030162236,hellinger,4,4,1000,0.1717415541150752
baseline32,hellinger__baseline32__a2,D2_noise0.00,0.19885543326444097,0.1253766310055549,hellinger,2,5,1000,0.20025375072835355
baseline32,kl__baseline32__a2,D2_noise0.00,0.17258182383218643,0.027082027803655935,kl,2,5,1000,0.17244228557496694
baseline32,chisq__baseline32__a2,D2_noise0.00,0.1705107363256586,0.019969403092372433,chisq,2,5,1000,0.1695913877572568
baseline32,js__baseline32__a2,D2_noise0.00,0.17067913880619326,0.020289911788593473,js,2,5,1000,0.1692417583546434
baseline32,hellinger__baseline32__a1,D2_noise0.00,0.20036507359279834,0.13130550466575233,hellinger,1,5,1000,0.20235914224257623
baseline32,hellinger__baseline32__a3,D2_noise0.00,0.19808962245308337,0.12215179815787772,hellinger,3,5,1000,0.1989442061491632
baseline32,hellinger__baseline32__a4,D2_noise0.00,0.1966036381322343,0.11750003539303225,hellinger,4,5,1000,0.19856881457961315
wide64,hellinger__wide64__a1,D2_noise0.00,0.20526355522414855,0.1511982953509644,hellinger,1,5,1000,0.20824327483669555
wide64,hellinger__wide64__a2,D2_noise0.00,0.20440439145045017,0.14806946208620858,hellinger,2,5,1000,0.2080066818610115
wide64,hellinger__wide64__a3,D2_noise0.00,0.2049417597350469,0.15037135970015078,hellinger,3,5,1000,0.20835339701106848
wide64,hellinger__wide64__a4,D2_noise0.00,0.20416752345886807,0.14776721378982635,hellinger,4,5,1000,0.2077251667304862
deep64,hellinger__deep64__a1,D2_noise0.00,0.20120106720836914,0.13665343582620695,hellinger,1,5,1000,0.20237935137616203
deep64,hellinger__deep64__a2,D2_noise0.00,0.19897238952729845,0.12757724551021457,hellinger,2,5,1000,0.19903563404129382
deep64,hellinger__deep64__a3,D2_noise0.00,0.19917788862467012,0.12854907803007007,hellinger,3,5,1000,0.20046155873451002
deep64,hellinger__deep64__a4,D2_noise0.00,0.19781940887554478,0.12323598583864329,hellinger,4,5,1000,0.1985265316892414
residual64,hellinger__residual64__a1,D2_noise0.00,0.19973059550032884,0.13013912330577726,hellinger,1,5,1000,0.20178042370765922
residual64,hellinger__residual64__a2,D2_noise0.00,0.19987511451429363,0.13084725927507249,hellinger,2,5,1000,0.20242433981270386
residual64,hellinger__residual64__a3,D2_noise0.00,0.2020902742827071,0.13960913037167483,hellinger,3,5,1000,0.20430926995469
residual64,hellinger__residual64__a4,D2_noise0.00,0.20259416640782926,0.14170789290181207,hellinger,4,5,1000,0.20559137310437406
bottleneck8_residual64,hellinger__bottleneck8_residual64__a1,D2_noise0.00,0.1717003016813769,0.02189087862239525,hellinger,1,5,1000,0.17055130217501707
bottleneck8_residual64,hellinger__bottleneck8_residual64__a2,D2_noise0.00,0.1734800575288677,0.02796857667072309,hellinger,2,5,1000,0.1714043237050002
bottleneck8_residual64,hellinger__bottleneck8_residual64__a3,D2_noise0.00,0.17293057214226562,0.02655021416453874,hellinger,3,5,1000,0.17114032569290666
bottleneck8_residual64,hellinger__bottleneck8_residual64__a4,D2_noise0.00,0.17410170679505885,0.030937337034580476,hellinger,4,5,1000,0.173202785308582
baseline32,hellinger__baseline32__a2,D2_noise0.00,0.20137353284964082,0.13779156860568773,hellinger,2,6,1000,0.20468056863067985
baseline32,kl__baseline32__a2,D2_noise0.00,0.17554432691801114,0.03126928151910205,kl,2,6,1000,0.17817894609414536
baseline32,chisq__baseline32__a2,D2_noise0.00,0.17417679187867513,0.025251936560513423,chisq,2,6,1000,0.17867788972670667
baseline32,js__baseline32__a2,D2_noise0.00,0.17486606787979064,0.02848695836093252,js,2,6,1000,0.17820627799315136
baseline32,hellinger__baseline32__a1,D2_noise0.00,0.1836980408489608,0.06682741434812287,hellinger,1,6,1000,0.18477175571027912
baseline32,hellinger__baseline32__a3,D2_noise0.00,0.20023835481282898,0.13278587086898008,hellinger,3,6,1000,0.2041821060867092
baseline32,hellinger__baseline32__a4,D2_noise0.00,0.182994523315887,0.06267970291344391,hellinger,4,6,1000,0.18510589931661886
wide64,hellinger__wide64__a1,D2_noise0.00,0.18672090576339367,0.07763247031427037,hellinger,1,6,1000,0.1900637984595548
wide64,hellinger__wide64__a2,D2_noise0.00,0.18260146025485072,0.06083796877978771,hellinger,2,6,1000,0.18563952910150355
wide64,hellinger__wide64__a3,D2_noise0.00,0.20168145033183935,0.13795001685577477,hellinger,3,6,1000,0.20502332833340997
wide64,hellinger__wide64__a4,D2_noise0.00,0.18401361595816418,0.06663703031343697,hellinger,4,6,1000,0.186890099024085
deep64,hellinger__deep64__a1,D2_noise0.00,0.20508321748900932,0.1535496962833165,hellinger,1,6,1000,0.20727177126269974
deep64,hellinger__deep64__a2,D2_noise0.00,0.2015169034991987,0.13864165216368,hellinger,2,6,1000,0.2047051841812818
deep64,hellinger__deep64__a3,D2_noise0.00,0.1989909466915336,0.1292035139820869,hellinger,3,6,1000,0.2016235038367834
deep64,hellinger__deep64__a4,D2_noise0.00,0.20256702432429075,0.1442415499033504,hellinger,4,6,1000,0.20529967136227187
residual64,hellinger__residual64__a1,D2_noise0.00,0.19826178575672973,0.12575172878982943,hellinger,1,6,1000,0.20047516805909274
residual64,hellinger__residual64__a2,D2_noise0.00,0.19200546978251132,0.09962041941426929,hellinger,2,6,1000,0.19430100138147954
residual64,hellinger__residual64__a3,D2_noise0.00,0.19617336642735625,0.11691092694671135,hellinger,3,6,1000,0.19831052377001507
residual64,hellinger__residual64__a4,D2_noise0.00,0.19353110667817003,0.10619380690907967,hellinger,4,6,1000,0.19550036869947585
bottleneck8_residual64,hellinger__bottleneck8_residual64__a1,D2_noise0.00,0.19783266981277342,0.1251883914049271,hellinger,1,6,1000,0.20017269716259461
bottleneck8_residual64,hellinger__bottleneck8_residual64__a2,D2_noise0.00,0.19590255769240023,0.11743094522650933,hellinger,2,6,1000,0.19925868607318836
bottleneck8_residual64,hellinger__bottleneck8_residual64__a3,D2_noise0.00,0.19514025008010502,0.11354082909474042,hellinger,3,6,1000,0.1980257363886609
bottleneck8_residual64,hellinger__bottleneck8_residual64__a4,D2_noise0.00,0.18318849425947314,0.06282528886545533,hellinger,4,6,1000,0.1870017756465247
baseline32,hellinger__baseline32__a2,D2_noise0.00,0.1739714029547323,0.02862953329882418,hellinger,2,7,1000,0.18777294967376787
baseline32,kl__baseline32__a2,D2_noise0.00,0.17233009441134522,0.021296151473862216,kl,2,7,1000,0.18893204209543632
baseline32,chisq__baseline32__a2,D2_noise0.00,0.174829734349589,0.03169767848501276,chisq,2,7,1000,0.19109469958247216
baseline32,js__baseline32__a2,D2_noise0.00,0.17256278384348725,0.02273186143838636,js,2,7,1000,0.19005202307259245
baseline32,hellinger__baseline32__a1,D2_noise0.00,0.17365634273973968,0.02778199201958935,hellinger,1,7,1000,0.18664287942063146
baseline32,hellinger__baseline32__a3,D2_noise0.00,0.17396854803173672,0.029655107452888588,hellinger,3,7,1000,0.1886721021463854
baseline32,hellinger__baseline32__a4,D2_noise0.00,0.17446964110057853,0.03147472143281427,hellinger,4,7,1000,0.1870483177467026
wide64,hellinger__wide64__a1,D2_noise0.00,0.17378827217819137,0.027641458684034965,hellinger,1,7,1000,0.1865191438865666
wide64,hellinger__wide64__a2,D2_noise0.00,0.17539783770682144,0.03386787455730386,hellinger,2,7,1000,0.18684446335274824
wide64,hellinger__wide64__a3,D2_noise0.00,0.17567724386136918,0.03516038879653662,hellinger,3,7,1000,0.18671938173903602
wide64,hellinger__wide64__a4,D2_noise0.00,0.17554120651182836,0.034878072740224,hellinger,4,7,1000,0.18701545935387093
deep64,hellinger__deep64__a1,D2_noise0.00,0.17513018990928308,0.03193207467454432,hellinger,1,7,1000,0.18745411257883937
deep64,hellinger__deep64__a2,D2_noise0.00,0.17367748233517422,0.026530460435287374,hellinger,2,7,1000,0.18591736199347889
deep64,hellinger__deep64__a3,D2_noise0.00,0.18185696690639502,0.059505986673480345,hellinger,3,7,1000,0.19245590467919926
deep64,hellinger__deep64__a4,D2_noise0.00,0.176632238374403,0.0386338062319352,hellinger,4,7,1000,0.18941267092254602
residual64,hellinger__residual64__a1,D2_noise0.00,0.17434494963915836,0.029966552881967815,hellinger,1,7,1000,0.18741098714993096
residual64,hellinger__residual64__a2,D2_noise0.00,0.1737462066884852,0.02742606104857733,hellinger,2,7,1000,0.18655249941386975
residual64,hellinger__residual64__a3,D2_noise0.00,0.1771872293598778,0.04002827334040133,hellinger,3,7,1000,0.18819674316784835
residual64,hellinger__residual64__a4,D2_noise0.00,0.1760273491091874,0.0350615199720226,hellinger,4,7,1000,0.18725828026905061
bottleneck8_residual64,hellinger__bottleneck8_residual64__a1,D2_noise0.00,0.17269848484848668,0.023320775342102532,hellinger,1,7,1000,0.19048022463388192
bottleneck8_residual64,hellinger__bottleneck8_residual64__a2,D2_noise0.00,0.17173105250781928,0.019721853180815048,hellinger,2,7,1000,0.18909725339267303
bottleneck8_residual64,hellinger__bottleneck8_residual64__a3,D2_noise0.00,0.1720261993047208,0.021009122758243876,hellinger,3,7,1000,0.19083850300687305
bottleneck8_residual64,hellinger__bottleneck8_residual64__a4,D2_noise0.00,0.17133368162264062,0.017681863390234004,hellinger,4,7,1000,0.18950396147430648
baseline32,hellinger__baseline32__a2,D2_noise0.00,0.17754081765514118,0.034948996857955064,hellinger,2,8,1000,0.17037063413269088
baseline32,kl__baseline32__a2,D2_noise0.00,0.17521519375379863,0.024287133311625457,kl,2,8,1000,0.16827049550256862
baseline32,chisq__baseline32__a2,D2_noise0.00,0.17492695901268787,0.023255272392319726,chisq,2,8,1000,0.16766916864302564
baseline32,js__baseline32__a2,D2_noise0.00,0.17493655310278972,0.023644118650043025,js,2,8,1000,0.16769186166025846
baseline32,hellinger__baseline32__a1,D2_noise0.00,0.1774084780661823,0.03429397160238405,hellinger,1,8,1000,0.16969885663676204
baseline32,hellinger__baseline32__a3,D2_noise0.00,0.1954861417016295,0.11061854367983336,hellinger,3,8,1000,0.18885867221641311
baseline32,hellinger__baseline32__a4,D2_noise0.00,0.1770882679886681,0.03251989730722237,hellinger,4,8,1000,0.16950550393106734
wide64,hellinger__wide64__a1,D2_noise0.00,0.2017691470845923,0.13413169983361348,hellinger,1,8,1000,0.19421068764492455
wide64,hellinger__wide64__a2,D2_noise0.00,0.2043863975850403,0.1451325308908994,hellinger,2,8,1000,0.19644331047425806
wide64,hellinger__wide64__a3,D2_noise0.00,0.20317413762129016,0.14011921019499435,hellinger,3,8,1000,0.19522459669385206
wide64,hellinger__wide64__a4,D2_noise0.00,0.2000989781628462,0.12704408084554014,hellinger,4,8,1000,0.19239425698278545
deep64,hellinger__deep64__a1,D2_noise0.00,0.1873811492150285,0.07710709227055389,hellinger,1,8,1000,0.18022680123715473
deep64,hellinger__deep64__a2,D2_noise0.00,0.17736188512837536,0.035134577945258004,hellinger,2,8,1000,0.16968135903342324
deep64,hellinger__deep64__a3,D2_noise0.00,0.17819180760932282,0.038291084189158844,hellinger,3,8,1000,0.17063486981658765
deep64,hellinger__deep64__a4,D2_noise0.00,0.1775889127648887,0.03635791873057016,hellinger,4,8,1000,0.1705230394006454
residual64,hellinger__residual64__a1,D2_noise0.00,0.1996745734489243,0.12490952334484647,hellinger,1,8,1000,0.19192702719837562
residual64,hellinger__residual64__a2,D2_noise0.00,0.20255545098805405,0.1361598672120477,hellinger,2,8,1000,0.19438089021736704
residual64,hellinger__residual64__a3,D2_noise0.00,0.20541630823435564,0.14811310619870907,hellinger,3,8,1000,0.19728108902118832
residual64,hellinger__residual64__a4,D2_noise0.00,0.2088260161603187,0.16259117414747687,hellinger,4,8,1000,0.20110222632081337
bottleneck8_residual64,hellinger__bottleneck8_residual64__a1,D2_noise0.00,0.17940859809460347,0.04437420919964663,hellinger,1,8,1000,0.1717550253350037
bottleneck8_residual64,hellinger__bottleneck8_residual64__a2,D2_noise0.00,0.18040083299779697,0.0493733859823709,hellinger,2,8,1000,0.17240550258612064
bottleneck8_residual64,hellinger__bottleneck8_residual64__a3,D2_noise0.00,0.17866308713195933,0.04182496279505381,hellinger,3,8,1000,0.1705328307573063
bottleneck8_residual64,hellinger__bottleneck8_residual64__a4,D2_noise0.00,0.17977583858547952,0.04645766623420446,hellinger,4,8,1000,0.17190086094851004
baseline32,hellinger__baseline32__a2,D2_noise0.00,0.17650717812665956,0.031027111367819944,hellinger,2,9,1000,0.17417621617630696
baseline32,kl__baseline32__a2,D2_noise0.00,0.1747888105791121,0.02493398520196173,kl,2,9,1000,0.17316116226720144
baseline32,chisq__baseline32__a2,D2_noise0.00,0.17489233099299858,0.02452644560836209,chisq,2,9,1000,0.17317831820572221
baseline32,js__baseline32__a2,D2_noise0.00,0.17452191756969704,0.02420591438332579,js,2,9,1000,0.17389813233167678
baseline32,hellinger__baseline32__a1,D2_noise0.00,0.17718163058239822,0.03528139622497726,hellinger,1,9,1000,0.17641052281925163
baseline32,hellinger__baseline32__a3,D2_noise0.00,0.17646354792195712,0.030703872392955696,hellinger,3,9,1000,0.17402479966416384
baseline32,hellinger__baseline32__a4,D2_noise0.00,0.17715044417461534,0.03434017721907397,hellinger,4,9,1000,0.17523037202470276
wide64,hellinger__wide64__a1,D2_noise0.00,0.1805427930466612,0.04733752832661457,hellinger,1,9,1000,0.18184421958156288
wide64,hellinger__wide64__a2,D2_noise0.00,0.18288780805943614,0.056030334879186225,hellinger,2,9,1000,0.18458696052104037
wide64,hellinger__wide64__a3,D2_noise0.00,0.18132922141030303,0.050117645973938835,hellinger,3,9,1000,0.1821451345267034
wide64,hellinger__wide64__a4,D2_noise0.00,0.18260049531675876,0.05486589750921189,hellinger,4,9,1000,0.18386026131422084
deep64,hellinger__deep64__a1,D2_noise0.00,0.19845270715682478,0.12052738768202287,hellinger,1,9,1000,0.19512679512473124
deep64,hellinger__deep64__a2,D2_noise0.00,0.19585311575731074,0.11010797107251792,hellinger,2,9,1000,0.1928743889393852
deep64,hellinger__deep64__a3,D2_noise0.00,0.18506865089215907,0.06587508459490662,hellinger,3,9,1000,0.18421926293815366
deep64,hellinger__deep64__a4,D2_noise0.00,0.19425973026867738,0.10390262887621482,hellinger,4,9,1000,0.19135488142581264
residual64,hellinger__residual64__a1,D2_noise0.00,0.1895305243798715,0.08323716524546362,hellinger,1,9,1000,0.18682341356755666
residual64,hellinger__residual64__a2,D2_noise0.00,0.1909435079213695,0.08902435084232974,hellinger,2,9,1000,0.18747841896408401
residual64,hellinger__residual64__a3,D2_noise0.00,0.1925629092659518,0.0948350798207557,hellinger,3,9,1000,0.19031529695706106
residual64,hellinger__residual64__a4,D2_noise0.00,0.1928251494547829,0.09574558159042507,hellinger,4,9,1000,0.18974379563626503
bottleneck8_residual64,hellinger__bottleneck8_residual64__a1,D2_noise0.00,0.17477668056599366,0.024336810463914067,hellinger,1,9,1000,0.1740568348213913
bottleneck8_residual64,hellinger__bottleneck8_residual64__a2,D2_noise0.00,0.17573543512344542,0.028702774465227017,hellinger,2,9,1000,0.17549615752403472
bottleneck8_residual64,hellinger__bottleneck8_residual64__a3,D2_noise0.00,0.17600731940531966,0.02990745462507277,hellinger,3,9,1000,0.1761336169695556
bottleneck8_residual64,hellinger__bottleneck8_residual64__a4,D2_noise0.00,0.1747117039878005,0.024839566240887425,hellinger,4,9,1000,0.1741534092392511
baseline32,hellinger__baseline32__a2,D20_noise0.10,0.209836680159625,0.1585618544506316,hellinger,2,0,1000,0.21246276583855345
baseline32,kl__baseline32__a2,D20_noise0.10,0.1885158859754537,0.06890177810135091,kl,2,0,1000,0.18171389007196467
baseline32,chisq__baseline32__a2,D20_noise0.10,0.18901242860061554,0.07258442541261509,chisq,2,0,1000,0.18848841565968344
baseline32,js__baseline32__a2,D20_noise0.10,0.1863719429750606,0.06189832000240127,js,2,0,1000,0.18616285675347488
baseline32,hellinger__baseline32__a1,D20_noise0.10,0.2055431026383649,0.14107083593782002,hellinger,1,0,1000,0.2074030303082497
baseline32,hellinger__baseline32__a3,D20_noise0.10,0.21058921959266252,0.16203967359407934,hellinger,3,0,1000,0.21333772559010114
baseline32,hellinger__baseline32__a4,D20_noise0.10,0.20629755551230813,0.14469597171223586,hellinger,4,0,1000,0.20811463236116234
wide64,hellinger__wide64__a1,D20_noise0.10,0.19750754362352616,0.1055876172826059,hellinger,1,0,1000,0.19380627672188072
wide64,hellinger__wide64__a2,D20_noise0.10,0.19558432635236916,0.0975848716632102,hellinger,2,0,1000,0.1905084683376289
wide64,hellinger__wide64__a3,D20_noise0.10,0.1929269776328023,0.08758616545369263,hellinger,3,0,1000,0.1863725184895343
wide64,hellinger__wide64__a4,D20_noise0.10,0.20123967658886355,0.12198673841108779,hellinger,4,0,1000,0.20177138406851633
deep64,hellinger__deep64__a1,D20_noise0.10,0.18499590461374946,0.0550437951480628,hellinger,1,0,1000,0.18164177604654716
deep64,hellinger__deep64__a2,D20_noise0.10,0.18128527116406173,0.042612693717606745,hellinger,2,0,1000,0.18004800298851542
deep64,hellinger__deep64__a3,D20_noise0.10,0.18207933212645738,0.044629000323142376,hellinger,3,0,1000,0.18002764524086523
deep64,hellinger__deep64__a4,D20_noise0.10,0.18258917002245534,0.04800537963778946,hellinger,4,0,1000,0.18043701866739204
residual64,hellinger__residual64__a1,D20_noise0.10,0.20063949339582482,0.12063334127261988,hellinger,1,0,1000,0.20167907775961125
residual64,hellinger__residual64__a2,D20_noise0.10,0.20176393676069498,0.12543066983229598,hellinger,2,0,1000,0.20313569649889524
residual64,hellinger__residual64__a3,D20_noise0.10,0.20176760780489017,0.12544794709781829,hellinger,3,0,1000,0.20271699149777256
residual64,hellinger__residual64__a4,D20_noise0.10,0.20033935983365972,0.1195822409080543,hellinger,4,0,1000,0.20070755196807033
bottleneck8_residual64,hellinger__bottleneck8_residual64__a1,D20_noise0.10,0.17807358863076914,0.030631840391720087,hellinger,1,0,1000,0.17382632267625492
bottleneck8_residual64,hellinger__bottleneck8_residual64__a2,D20_noise0.10,0.17851680535019282,0.03176943666047825,hellinger,2,0,1000,0.17410312368466452
bottleneck8_residual64,hellinger__bottleneck8_residual64__a3,D20_noise0.10,0.17922877972403461,0.034385949891477766,hellinger,3,0,1000,0.17439803082561595
bottleneck8_residual64,hellinger__bottleneck8_residual64__a4,D20_noise0.10,0.1796342065080619,0.03564464101594402,hellinger,4,0,1000,0.17561070372396143
baseline32,hellinger__baseline32__a2,D20_noise0.10,0.19031730407382536,0.0869535920411528,hellinger,2,1,1000,0.17932775667612422
baseline32,kl__baseline32__a2,D20_noise0.10,0.18429305357333325,0.06390355188770916,kl,2,1,1000,0.17846111025218725
baseline32,chisq__baseline32__a2,D20_noise0.10,0.18100149836478166,0.05220105951702858,chisq,2,1,1000,0.17643115589825067
baseline32,js__baseline32__a2,D20_noise0.10,0.1817756061995652,0.05358505654626553,js,2,1,1000,0.17778192524123276
baseline32,hellinger__baseline32__a1,D20_noise0.10,0.18758124636283974,0.07727193744411959,hellinger,1,1,1000,0.17889049502621682
baseline32,hellinger__baseline32__a3,D20_noise0.10,0.19216819291036602,0.09407429290850348,hellinger,3,1,1000,0.18176144096020513
baseline32,hellinger__baseline32__a4,D20_noise0.10,0.18772361389760656,0.07604344343688411,hellinger,4,1,1000,0.17973682220880216
wide64,hellinger__wide64__a1,D20_noise0.10,0.1892995337561474,0.08582501394000368,hellinger,1,1,1000,0.1810527251403636
wide64,hellinger__wide64__a2,D20_noise0.10,0.18868667518591925,0.08322665413042639,hellinger,2,1,1000,0.18158264948105968
wide64,hellinger__wide64__a3,D20_noise0.10,0.18961208076628888,0.08669982530515088,hellinger,3,1,1000,0.18171775012171004
wide64,hellinger__wide64__a4,D20_noise0.10,0.1886466781634758,0.08316484917527596,hellinger,4,1,1000,0.18188381338581022
deep64,hellinger__deep64__a1,D20_noise0.10,0.18236223075581695,0.056846919251043945,hellinger,1,1,1000,0.17447690415233152
deep64,hellinger__deep64__a2,D20_noise0.10,0.18284877304618843,0.05911759800529398,hellinger,2,1,1000,0.1741484991108484
deep64,hellinger__deep64__a3,D20_noise0.10,0.18316686772761015,0.06000223427318854,hellinger,3,1,1000,0.17553437574336356
deep64,hellinger__deep64__a4,D20_noise0.10,0.18367750271433886,0.062156859131223,hellinger,4,1,1000,0.1758884694796901
residual64,hellinger__residual64__a1,D20_noise0.10,0.18935559574101,0.08479782688491344,hellinger,1,1,1000,0.17891016328114095
residual64,hellinger__residual64__a2,D20_noise0.10,0.19187258677417385,0.09560546336137007,hellinger,2,1,1000,0.18143300210242466
residual64,hellinger__residual64__a3,D20_noise0.10,0.188313399059326,0.0808833124945137,hellinger,3,1,1000,0.17894417106856356
residual64,hellinger__residual64__a4,D20_noise0.10,0.18731756374374892,0.07615650592170495,hellinger,4,1,1000,0.17944762464321873
bottleneck8_residual64,hellinger__bottleneck8_residual64__a1,D20_noise0.10,0.17919322312401365,0.04153392426839604,hellinger,1,1,1000,0.17192861366188647
bottleneck8_residual64,hellinger__bottleneck8_residual64__a2,D20_noise0.10,0.17827566044759263,0.039425597759988294,hellinger,2,1,1000,0.1727339237951698
bottleneck8_residual64,hellinger__bottleneck8_residual64__a3,D20_noise0.10,0.17815413901090893,0.039090437523706674,hellinger,3,1,1000,0.17245560723980408
bottleneck8_residual64,hellinger__bottleneck8_residual64__a4,D20_noise0.10,0.17820824494233364,0.039920874472974176,hellinger,4,1,1000,0.17315028758216544
baseline32,hellinger__baseline32__a2,D20_noise0.10,0.20071075384448955,0.13797041064777643,hellinger,2,2,1000,0.19797632661847436
baseline32,kl__baseline32__a2,D20_noise0.10,0.18330656485637922,0.07041429043188915,kl,2,2,1000,0.18111821688474683
baseline32,chisq__baseline32__a2,D20_noise0.10,0.1805683927039315,0.06007366854976678,chisq,2,2,1000,0.17948075221853954
baseline32,js__baseline32__a2,D20_noise0.10,0.18295246550379757,0.06863159135742311,js,2,2,1000,0.18070334979146074
baseline32,hellinger__baseline32__a1,D20_noise0.10,0.19986137616238442,0.13511689188253762,hellinger,1,2,1000,0.19683882071362999
baseline32,hellinger__baseline32__a3,D20_noise0.10,0.20101347666147734,0.13956956227333445,hellinger,3,2,1000,0.1985126157341967
baseline32,hellinger__baseline32__a4,D20_noise0.10,0.1999113235165632,0.13513341148417574,hellinger,4,2,1000,0.1983628060037544
wide64,hellinger__wide64__a1,D20_noise0.10,0.20552569766000872,0.15795151529802795,hellinger,1,2,1000,0.20187399536989253
wide64,hellinger__wide64__a2,D20_noise0.10,0.20315716504400236,0.1476005936515056,hellinger,2,2,1000,0.19954134139222707
wide64,hellinger__wide64__a3,D20_noise0.10,0.20284020803609887,0.14669002749111065,hellinger,3,2,1000,0.1989389269018554
wide64,hellinger__wide64__a4,D20_noise0.10,0.20186010748506908,0.14227456360483398,hellinger,4,2,1000,0.19744515239337102
deep64,hellinger__deep64__a1,D20_noise0.10,0.2037889415938866,0.15058167549977597,hellinger,1,2,1000,0.19957188886476573
deep64,hellinger__deep64__a2,D20_noise0.10,0.20520893199062873,0.155785838013126,hellinger,2,2,1000,0.20132324997143808
deep64,hellinger__deep64__a3,D20_noise0.10,0.20380005371579676,0.15021808704189105,hellinger,3,2,1000,0.20008434504359984
deep64,hellinger__deep64__a4,D20_noise0.10,0.2035945610773256,0.14976866842989064,hellinger,4,2,1000,0.20019669811644175
residual64,hellinger__residual64__a1,D20_noise0.10,0.20385529966198546,0.15109798690879717,hellinger,1,2,1000,0.19971140643770724
residual64,hellinger__residual64__a2,D20_noise0.10,0.20207369826744487,0.1433163464004768,hellinger,2,2,1000,0.19814510251795836
residual64,hellinger__residual64__a3,D20_noise0.10,0.2012449669482111,0.1399482831756117,hellinger,3,2,1000,0.19694232197494804
residual64,hellinger__residual64__a4,D20_noise0.10,0.20028085949857474,0.13592073537059107,hellinger,4,2,1000,0.19582133538684893
bottleneck8_residual64,hellinger__bottleneck8_residual64__a1,D20_noise0.10,0.20024074771440065,0.1354072707814419,hellinger,1,2,1000,0.19536531182915706
bottleneck8_residual64,hellinger__bottleneck8_residual64__a2,D20_noise0.10,0.19932250836628523,0.13134442688209869,hellinger,2,2,1000,0.19417925303389894
bottleneck8_residual64,hellinger__bottleneck8_residual64__a3,D20_noise0.10,0.1982682162972995,0.12696950399310997,hellinger,3,2,1000,0.1924810232623142
bottleneck8_residual64,hellinger__bottleneck8_residual64__a4,D20_noise0.10,0.19789395361071233,0.12499987629933673,hellinger,4,2,1000,0.19182050846875837
baseline32,hellinger__baseline32__a2,D20_noise0.10,0.18538363869142288,0.07135703990134407,hellinger,2,3,1000,0.18267531993272929
baseline32,kl__baseline32__a2,D20_noise0.10,0.18245515091295375,0.06002741457517085,kl,2,3,1000,0.17910359856841968
baseline32,chisq__baseline32__a2,D20_noise0.10,0.18319291040921104,0.0634100487641338,chisq,2,3,1000,0.1801030613339269
baseline32,js__baseline32__a2,D20_noise0.10,0.18450386136501143,0.06929693332209973,js,2,3,1000,0.18008591595152185
baseline32,hellinger__baseline32__a1,D20_noise0.10,0.18593607346203073,0.07296313344044732,hellinger,1,3,1000,0.18417780207641232
baseline32,hellinger__baseline32__a3,D20_noise0.10,0.18573699305669983,0.0728563563673711,hellinger,3,3,1000,0.18352199211387824
baseline32,hellinger__baseline32__a4,D20_noise0.10,0.18519687791056966,0.07086332459769373,hellinger,4,3,1000,0.18217808157325693
wide64,hellinger__wide64__a1,D20_noise0.10,0.2027215040598266,0.14072283340062908,hellinger,1,3,1000,0.2019799969307114
wide64,hellinger__wide64__a2,D20_noise0.10,0.19537582332474843,0.11131824094264886,hellinger,2,3,1000,0.1941390213822094
wide64,hellinger__wide64__a3,D20_noise0.10,0.19552302952027495,0.1118943257879711,hellinger,3,3,1000,0.19451307783384078
wide64,hellinger__wide64__a4,D20_noise0.10,0.19543793928724218,0.11186888852803353,hellinger,4,3,1000,0.19456229806966835
deep64,hellinger__deep64__a1,D20_noise0.10,0.1799582890253277,0.05135829453695529,hellinger,1,3,1000,0.18282101262852973
deep64,hellinger__deep64__a2,D20_noise0.10,0.17760980218995653,0.04194013073408999,hellinger,2,3,1000,0.18029799937773172
deep64,hellinger__deep64__a3,D20_noise0.10,0.1950427236942825,0.10977672655535357,hellinger,3,3,1000,0.19634876290517617
deep64,hellinger__deep64__a4,D20_noise0.10,0.1943723891000101,0.10740661011427807,hellinger,4,3,1000,0.19488583382449876
residual64,hellinger__residual64__a1,D20_noise0.10,0.2002890140147106,0.13081637898714,hellinger,1,3,1000,0.20007195731049318
residual64,hellinger__residual64__a2,D20_noise0.10,0.19838001508167452,0.12319374313788523,hellinger,2,3,1000,0.19861660338694923
residual64,hellinger__residual64__a3,D20_noise0.10,0.19815045785913132,0.1221732725485555,hellinger,3,3,1000,0.19884421348259085
residual64,hellinger__residual64__a4,D20_noise0.10,0.19839984000006294,0.12350736985397989,hellinger,4,3,1000,0.19928736096262023
bottleneck8_residual64,hellinger__bottleneck8_residual64__a1,D20_noise0.10,0.2000291437235191,0.1295884211535711,hellinger,1,3,1000,0.1994702475045943
bottleneck8_residual64,hellinger__bottleneck8_residual64__a2,D20_noise0.10,0.19542863530114188,0.11153606947577221,hellinger,2,3,1000,0.1951245542369704
bottleneck8_residual64,hellinger__bottleneck8_residual64__a3,D20_noise0.10,0.19404312043191763,0.10605001304469394,hellinger,3,3,1000,0.19365286725397596
bottleneck8_residual64,hellinger__bottleneck8_residual64__a4,D20_noise0.10,0.19254163810884622,0.10004312891052472,hellinger,4,3,1000,0.19226933959524484
baseline32,hellinger__baseline32__a2,D20_noise0.10,0.20366400576551208,0.13522074243310603,hellinger,2,4,1000,0.19730750928733323
baseline32,kl__baseline32__a2,D20_noise0.10,0.19280810879205032,0.09131548559622868,kl,2,4,1000,0.18989288040872349
baseline32,chisq__baseline32__a2,D20_noise0.10,0.19004758442296227,0.0791029978259302,chisq,2,4,1000,0.189149891769699
baseline32,js__baseline32__a2,D20_noise0.10,0.1902461430647926,0.08067431344758923,js,2,4,1000,0.18757031306705446
baseline32,hellinger__baseline32__a1,D20_noise0.10,0.20000781111844163,0.12034019448784403,hellinger,1,4,1000,0.19504688219024985
baseline32,hellinger__baseline32__a3,D20_noise0.10,0.20291024579008504,0.13234660332235096,hellinger,3,4,1000,0.19714554835412046
baseline32,hellinger__baseline32__a4,D20_noise0.10,0.2025776780589047,0.13100567736265695,hellinger,4,4,1000,0.1967121289616992
wide64,hellinger__wide64__a1,D20_noise0.10,0.20585484579562688,0.14416315533406673,hellinger,1,4,1000,0.20042019947861756
wide64,hellinger__wide64__a2,D20_noise0.10,0.20073368413740203,0.12390212987221791,hellinger,2,4,1000,0.19768344390347886
wide64,hellinger__wide64__a3,D20_noise0.10,0.20393281702383365,0.13632830560068931,hellinger,3,4,1000,0.1995571548339475
wide64,hellinger__wide64__a4,D20_noise0.10,0.20366476164989059,0.13585249943079733,hellinger,4,4,1000,0.19953761643316692
deep64,hellinger__deep64__a1,D20_noise0.10,0.1985927034903826,0.11599885285682135,hellinger,1,4,1000,0.19516214083051156
deep64,hellinger__deep64__a2,D20_noise0.10,0.19456654724607486,0.10000976108693957,hellinger,2,4,1000,0.19164216123431946
deep64,hellinger__deep64__a3,D20_noise0.10,0.19225746370671834,0.09110916044061734,hellinger,3,4,1000,0.19091700520300092
deep64,hellinger__deep64__a4,D20_noise0.10,0.18675884590241,0.06994401602907795,hellinger,4,4,1000,0.1878593365385811
residual64,hellinger__residual64__a1,D20_noise0.10,0.20099295419798605,0.12629007340001153,hellinger,1,4,1000,0.19648438217144032
residual64,hellinger__residual64__a2,D20_noise0.10,0.19427320853644833,0.10151093135308548,hellinger,2,4,1000,0.19105464154392796
residual64,hellinger__residual64__a3,D20_noise0.10,0.19352894130224602,0.0981118603883542,hellinger,3,4,1000,0.19009238981800955
residual64,hellinger__residual64__a4,D20_noise0.10,0.19024858547419682,0.08584705899930671,hellinger,4,4,1000,0.1879899875398494
bottleneck8_residual64,hellinger__bottleneck8_residual64__a1,D20_noise0.10,0.18352212659390016,0.057260516935582415,hellinger,1,4,1000,0.1850903290463074
bottleneck8_residual64,hellinger__bottleneck8_residual64__a2,D20_noise0.10,0.1783353211765063,0.0355763122226905,hellinger,2,4,1000,0.1804739971602865
bottleneck8_residual64,hellinger__bottleneck8_residual64__a3,D20_noise0.10,0.17805529561074943,0.03255067046120938,hellinger,3,4,1000,0.17919613891663078
bottleneck8_residual64,hellinger__bottleneck8_residual64__a4,D20_noise0.10,0.17698174066185993,0.02823822281158401,hellinger,4,4,1000,0.17846484570784774
baseline32,hellinger__baseline32__a2,D20_noise0.10,0.2016030377804829,0.12417339238215815,hellinger,2,5,1000,0.20226709390677378
baseline32,kl__baseline32__a2,D20_noise0.10,0.18884729280428628,0.07507402188586922,kl,2,5,1000,0.1932886166039019
baseline32,chisq__baseline32__a2,D20_noise0.10,0.18880061929871828,0.07454999427220974,chisq,2,5,1000,0.1931164380212108
baseline32,js__baseline32__a2,D20_noise0.10,0.1905355237831915,0.08129997214061585,js,2,5,1000,0.19467717350853642
baseline32,hellinger__baseline32__a1,D20_noise0.10,0.20783238152055644,0.14898085810370368,hellinger,1,5,1000,0.20649214351074135
baseline32,hellinger__baseline32__a3,D20_noise0.10,0.19763822708235085,0.10890820947758209,hellinger,3,5,1000,0.19898502248118138
baseline32,hellinger__baseline32__a4,D20_noise0.10,0.19482787002101254,0.09791998949803613,hellinger,4,5,1000,0.19685352871298512
wide64,hellinger__wide64__a1,D20_noise0.10,0.20972983975775095,0.1565476646460805,hellinger,1,5,1000,0.20830852739772718
wide64,hellinger__wide64__a2,D20_noise0.10,0.20792602800608756,0.1492530876300356,hellinger,2,5,1000,0.20644316344965125
wide64,hellinger__wide64__a3,D20_noise0.10,0.2075107312106195,0.1468713712533269,hellinger,3,5,1000,0.20625416894179832
wide64,hellinger__wide64__a4,D20_noise0.10,0.20642460900309045,0.14276840284853398,hellinger,4,5,1000,0.2052097115988791
deep64,hellinger__deep64__a1,D20_noise0.10,0.2078036152010303,0.14897254271940538,hellinger,1,5,1000,0.20741947559260615
deep64,hellinger__deep64__a2,D20_noise0.10,0.20244245222328744,0.12791710513937468,hellinger,2,5,1000,0.20240678107721535
deep64,hellinger__deep64__a3,D20_noise0.10,0.20302155658512233,0.1300655499405837,hellinger,3,5,1000,0.20302847019075643
deep64,hellinger__deep64__a4,D20_noise0.10,0.20207607998230986,0.12610452986467627,hellinger,4,5,1000,0.20252555830716332
residual64,hellinger__residual64__a1,D20_noise0.10,0.2111695795502448,0.1616400014577497,hellinger,1,5,1000,0.20897805122215907
residual64,hellinger__residual64__a2,D20_noise0.10,0.20943981925321029,0.1551397254320911,hellinger,2,5,1000,0.20698012827000986
residual64,hellinger__residual64__a3,D20_noise0.10,0.2088287676352149,0.15269514318649563,hellinger,3,5,1000,0.20655113515763687
residual64,hellinger__residual64__a4,D20_noise0.10,0.20866665641993093,0.15205951066950754,hellinger,4,5,1000,0.20671333934082908
bottleneck8_residual64,hellinger__bottleneck8_residual64__a1,D20_noise0.10,0.19779247463973104,0.10784477271431875,hellinger,1,5,1000,0.19785628795534557
bottleneck8_residual64,hellinger__bottleneck8_residual64__a2,D20_noise0.10,0.19968650818672368,0.1158268663456716,hellinger,2,5,1000,0.19951924822187458
bottleneck8_residual64,hellinger__bottleneck8_residual64__a3,D20_noise0.10,0.1994386061770121,0.11485024051846253,hellinger,3,5,1000,0.1991902012467232
bottleneck8_residual64,hellinger__bottleneck8_residual64__a4,D20_noise0.10,0.19843400795615906,0.11094898970897904,hellinger,4,5,1000,0.19830554183573462
baseline32,hellinger__baseline32__a2,D20_noise0.10,0.19686444055297328,0.11784253887977511,hellinger,2,6,1000,0.19848112403313212
baseline32,kl__baseline32__a2,D20_noise0.10,0.17780487456026117,0.03628478786192867,kl,2,6,1000,0.18035296549488095
baseline32,chisq__baseline32__a2,D20_noise0.10,0.1818370353080746,0.05190435359151372,chisq,2,6,1000,0.18329216311578983
baseline32,js__baseline32__a2,D20_noise0.10,0.18142588288572797,0.049538473204597124,js,2,6,1000,0.18098916446725238
baseline32,hellinger__baseline32__a1,D20_noise0.10,0.19723349465150608,0.11968661545740464,hellinger,1,6,1000,0.1987557749883224
baseline32,hellinger__baseline32__a3,D20_noise0.10,0.19620036642638736,0.11575545989082398,hellinger,3,6,1000,0.19659803452512054
baseline32,hellinger__baseline32__a4,D20_noise0.10,0.19466080400284047,0.10961859816580238,hellinger,4,6,1000,0.1956438612570352
wide64,hellinger__wide64__a1,D20_noise0.10,0.20668416970151499,0.15783951032806087,hellinger,1,6,1000,0.2095246911281325
wide64,hellinger__wide64__a2,D20_noise0.10,0.2033154139864639,0.144660937365068,hellinger,2,6,1000,0.20404925685663078
wide64,hellinger__wide64__a3,D20_noise0.10,0.20417578796122032,0.14810229586176096,hellinger,3,6,1000,0.2061614232969572
wide64,hellinger__wide64__a4,D20_noise0.10,0.20246289301943465,0.14061067226732268,hellinger,4,6,1000,0.20417410196364916
deep64,hellinger__deep64__a1,D20_noise0.10,0.20005383148373967,0.13059618625770308,hellinger,1,6,1000,0.20030272456717807
deep64,hellinger__deep64__a2,D20_noise0.10,0.19793101602207913,0.12178081143863145,hellinger,2,6,1000,0.1983328801251668
deep64,hellinger__deep64__a3,D20_noise0.10,0.19887389470615935,0.12570425011403907,hellinger,3,6,1000,0.19930927623928826
deep64,hellinger__deep64__a4,D20_noise0.10,0.19841636971474458,0.12347625554367385,hellinger,4,6,1000,0.19842864048311065
residual64,hellinger__residual64__a1,D20_noise0.10,0.20553597262166717,0.15231883948547129,hellinger,1,6,1000,0.20503008128076766
residual64,hellinger__residual64__a2,D20_noise0.10,0.2060534741127057,0.15480759426702298,hellinger,2,6,1000,0.20518659741540135
residual64,hellinger__residual64__a3,D20_noise0.10,0.204322546390904,0.14670059012318848,hellinger,3,6,1000,0.2031456260629714
residual64,hellinger__residual64__a4,D20_noise0.10,0.20370584760414392,0.14402324706901765,hellinger,4,6,1000,0.20147937380124842
bottleneck8_residual64,hellinger__bottleneck8_residual64__a1,D20_noise0.10,0.18701055276123824,0.07657051378611465,hellinger,1,6,1000,0.18312938267255024
bottleneck8_residual64,hellinger__bottleneck8_residual64__a2,D20_noise0.10,0.18462816463469958,0.06591940483577007,hellinger,2,6,1000,0.17972216220950593
bottleneck8_residual64,hellinger__bottleneck8_residual64__a3,D20_noise0.10,0.18431088948464108,0.06411636353770153,hellinger,3,6,1000,0.17909028775770133
bottleneck8_residual64,hellinger__bottleneck8_residual64__a4,D20_noise0.10,0.18541969241124398,0.06850700477967141,hellinger,4,6,1000,0.17976487131755636
baseline32,hellinger__baseline32__a2,D20_noise0.10,0.18759050073167444,0.07932433400122957,hellinger,2,7,1000,0.1769766350445753
baseline32,kl__baseline32__a2,D20_noise0.10,0.1858111244164985,0.07272770453103827,kl,2,7,1000,0.17442682237705437
baseline32,chisq__baseline32__a2,D20_noise0.10,0.1857523024224693,0.07144110900879404,chisq,2,7,1000,0.17258250778896664
baseline32,js__baseline32__a2,D20_noise0.10,0.18450718662151167,0.06544708378478,js,2,7,1000,0.17204082160044565
baseline32,hellinger__baseline32__a1,D20_noise0.10,0.18991745757908665,0.08783116184134487,hellinger,1,7,1000,0.17915905287412567
baseline32,hellinger__baseline32__a3,D20_noise0.10,0.1876935675179886,0.08002344497590547,hellinger,3,7,1000,0.17687142632547523
baseline32,hellinger__baseline32__a4,D20_noise0.10,0.1878872108982526,0.0811309605710927,hellinger,4,7,1000,0.1770470770970762
wide64,hellinger__wide64__a1,D20_noise0.10,0.1915485924436725,0.0940106760506323,hellinger,1,7,1000,0.1769906382962102
wide64,hellinger__wide64__a2,D20_noise0.10,0.19077296445385697,0.09154500262708182,hellinger,2,7,1000,0.1785505733479814
wide64,hellinger__wide64__a3,D20_noise0.10,0.18856258227097594,0.08181454227893808,hellinger,3,7,1000,0.17681866912030197
wide64,hellinger__wide64__a4,D20_noise0.10,0.18915749556665892,0.08446612703174274,hellinger,4,7,1000,0.17734117327802826
deep64,hellinger__deep64__a1,D20_noise0.10,0.1998912772044148,0.12695269694612238,hellinger,1,7,1000,0.18850783260403348
deep64,hellinger__deep64__a2,D20_noise0.10,0.1941867192347336,0.10494895694430326,hellinger,2,7,1000,0.18108879820604346
deep64,hellinger__deep64__a3,D20_noise0.10,0.19058618990671494,0.08995263748961782,hellinger,3,7,1000,0.17836097943801293
deep64,hellinger__deep64__a4,D20_noise0.10,0.1966977201929923,0.11242699391167171,hellinger,4,7,1000,0.18802852932359881
residual64,hellinger__residual64__a1,D20_noise0.10,0.18713115408883765,0.0746203274946895,hellinger,1,7,1000,0.1749540138676582
residual64,hellinger__residual64__a2,D20_noise0.10,0.19037852027227917,0.08756836083080105,hellinger,2,7,1000,0.17877157085567225
residual64,hellinger__residual64__a3,D20_noise0.10,0.1884699983506697,0.07955212149763764,hellinger,3,7,1000,0.17576215464586514
residual64,hellinger__residual64__a4,D20_noise0.10,0.1924905293994284,0.09714692749326395,hellinger,4,7,1000,0.17942035868461437
bottleneck8_residual64,hellinger__bottleneck8_residual64__a1,D20_noise0.10,0.18015608689940263,0.044825733372569954,hellinger,1,7,1000,0.17000786675495677
bottleneck8_residual64,hellinger__bottleneck8_residual64__a2,D20_noise0.10,0.17860234234365718,0.03919622732326096,hellinger,2,7,1000,0.16925835200481634
bottleneck8_residual64,hellinger__bottleneck8_residual64__a3,D20_noise0.10,0.17843178661780978,0.03838380793735749,hellinger,3,7,1000,0.16924017617594714
bottleneck8_residual64,hellinger__bottleneck8_residual64__a4,D20_noise0.10,0.17727137441904603,0.03453489334982954,hellinger,4,7,1000,0.1696055674622956
baseline32,hellinger__baseline32__a2,D20_noise0.10,0.20431096338586746,0.13507061435842313,hellinger,2,8,1000,0.20815369174811882
baseline32,kl__baseline32__a2,D20_noise0.10,0.2014982170784632,0.12480947602661259,kl,2,8,1000,0.20467868693849128
baseline32,chisq__baseline32__a2,D20_noise0.10,0.1895714758702976,0.0788634515568841,chisq,2,8,1000,0.19193937300674127
baseline32,js__baseline32__a2,D20_noise0.10,0.19102180594162826,0.08575679116831243,js,2,8,1000,0.19568238521226905
baseline32,hellinger__baseline32__a1,D20_noise0.10,0.2027284171113326,0.12983920062455748,hellinger,1,8,1000,0.2063106024113346
baseline32,hellinger__baseline32__a3,D20_noise0.10,0.19546731396378492,0.0997381069034012,hellinger,3,8,1000,0.20146591962661775
baseline32,hellinger__baseline32__a4,D20_noise0.10,0.19147814202059837,0.08316463605561139,hellinger,4,8,1000,0.19558822299116094
wide64,hellinger__wide64__a1,D20_noise0.10,0.19272692620214243,0.08844447093488042,hellinger,1,8,1000,0.19832501998371627
wide64,hellinger__wide64__a2,D20_noise0.10,0.19128142565051198,0.08273533549938164,hellinger,2,8,1000,0.19554797348187425
wide64,hellinger__wide64__a3,D20_noise0.10,0.19028118388598933,0.07890796756958705,hellinger,3,8,1000,0.19484140874972045
wide64,hellinger__wide64__a4,D20_noise0.10,0.18935033193693668,0.07474896390547608,hellinger,4,8,1000,0.19420719575715795
deep64,hellinger__deep64__a1,D20_noise0.10,0.20141354578900872,0.12350506545513437,hellinger,1,8,1000,0.20784334863129444
deep64,hellinger__deep64__a2,D20_noise0.10,0.203157389775841,0.1299829968140636,hellinger,2,8,1000,0.20877988600367922
deep64,hellinger__deep64__a3,D20_noise0.10,0.1873875348433403,0.06926082212187587,hellinger,3,8,1000,0.18967059900030017
deep64,hellinger__deep64__a4,D20_noise0.10,0.18610123393814304,0.0641246748702598,hellinger,4,8,1000,0.18807319305147713
residual64,hellinger__residual64__a1,D20_noise0.10,0.1908714632495823,0.08077907588544316,hellinger,1,8,1000,0.19432174106781022
residual64,hellinger__residual64__a2,D20_noise0.10,0.18661558986769,0.0631398629354245,hellinger,2,8,1000,0.189307770437554
residual64,hellinger__residual64__a3,D20_noise0.10,0.19036852056226983,0.07889839497565188,hellinger,3,8,1000,0.19221286513251767
residual64,hellinger__residual64__a4,D20_noise0.10,0.19163301818325373,0.08365015734477713,hellinger,4,8,1000,0.19620056713984946
bottleneck8_residual64,hellinger__bottleneck8_residual64__a1,D20_noise0.10,0.18180071243356616,0.04585502711018867,hellinger,1,8,1000,0.18281966530047572
bottleneck8_residual64,hellinger__bottleneck8_residual64__a2,D20_noise0.10,0.18205910974393125,0.046968494674192035,hellinger,2,8,1000,0.18243234926002455
bottleneck8_residual64,hellinger__bottleneck8_residual64__a3,D20_noise0.10,0.18168253991067615,0.044962787662696964,hellinger,3,8,1000,0.18204955353261645
bottleneck8_residual64,hellinger__bottleneck8_residual64__a4,D20_noise0.10,0.1809573725882252,0.04209427152407286,hellinger,4,8,1000,0.18072239210214697
baseline32,hellinger__baseline32__a2,D20_noise0.10,0.20639384528998636,0.15063075744007537,hellinger,2,9,1000,0.2049258678035611
baseline32,kl__baseline32__a2,D20_noise0.10,0.2013223223286699,0.1309210472438221,kl,2,9,1000,0.2010826303819238
baseline32,chisq__baseline32__a2,D20_noise0.10,0.19603747477485112,0.11131526103777059,chisq,2,9,1000,0.19842166696757702
baseline32,js__baseline32__a2,D20_noise0.10,0.19724685981666995,0.11479573012405589,js,2,9,1000,0.19862266670494322
baseline32,hellinger__baseline32__a1,D20_noise0.10,0.20505399186755566,0.1460673671972319,hellinger,1,9,1000,0.205176774716278
baseline32,hellinger__baseline32__a3,D20_noise0.10,0.2060921749284308,0.15030295414257783,hellinger,3,9,1000,0.20381063918207235
baseline32,hellinger__baseline32__a4,D20_noise0.10,0.2036548624699891,0.1404769681220433,hellinger,4,9,1000,0.20302097960328644
wide64,hellinger__wide64__a1,D20_noise0.10,0.2009900203165068,0.12996370626586218,hellinger,1,9,1000,0.20184700990496848
wide64,hellinger__wide64__a2,D20_noise0.10,0.19896411057088742,0.12171999119062041,hellinger,2,9,1000,0.20029480479884448
wide64,hellinger__wide64__a3,D20_noise0.10,0.1979477259259665,0.11792249382428537,hellinger,3,9,1000,0.20013701104529402
wide64,hellinger__wide64__a4,D20_noise0.10,0.19692654841073765,0.11424931723046072,hellinger,4,9,1000,0.19923103445341045
deep64,hellinger__deep64__a1,D20_noise0.10,0.19594162726216144,0.11183204955140462,hellinger,1,9,1000,0.1985278269802757
deep64,hellinger__deep64__a2,D20_noise0.10,0.1949204852134182,0.10772920264138888,hellinger,2,9,1000,0.19691823436436834
deep64,hellinger__deep64__a3,D20_noise0.10,0.1939628152617222,0.10467931916959888,hellinger,3,9,1000,0.1961509561536481
deep64,hellinger__deep64__a4,D20_noise0.10,0.18964133094509927,0.09015556903143479,hellinger,4,9,1000,0.1943279158139278
residual64,hellinger__residual64__a1,D20_noise0.10,0.19206571579634948,0.09777252641629236,hellinger,1,9,1000,0.1964807938999124
residual64,hellinger__residual64__a2,D20_noise0.10,0.19641750871829983,0.1139455864783692,hellinger,2,9,1000,0.19862733596178372
residual64,hellinger__residual64__a3,D20_noise0.10,0.19758084024437933,0.11754968232893981,hellinger,3,9,1000,0.19891096287971843
residual64,hellinger__residual64__a4,D20_noise0.10,0.1981612693314269,0.11942662251125034,hellinger,4,9,1000,0.19883990057156542
bottleneck8_residual64,hellinger__bottleneck8_residual64__a1,D20_noise0.10,0.17403535271227888,0.026734573484919706,hellinger,1,9,1000,0.17535634522152016
bottleneck8_residual64,hellinger__bottleneck8_residual64__a2,D20_noise0.10,0.17454089621053498,0.02830507643105625,hellinger,2,9,1000,0.1763991694142714
bottleneck8_residual64,hellinger__bottleneck8_residual64__a3,D20_noise0.10,0.17537260363674229,0.03055948456800175,hellinger,3,9,1000,0.17808962141187756
bottleneck8_residual64,hellinger__bottleneck8_residual64__a4,D20_noise0.10,0.17504745420637385,0.028616802658530158,hellinger,4,9,1000,0.17664688981198282
baseline32,hellinger__baseline32__a2,D40_noise0.10,0.21157127315843313,0.16081385423391728,hellinger,2,0,1000,0.2194740738648761
baseline32,kl__baseline32__a2,D40_noise0.10,0.20775903236665377,0.14581668680510884,kl,2,0,1000,0.2156274625772585
baseline32,chisq__baseline32__a2,D40_noise0.10,0.20469156778023906,0.13479891536261407,chisq,2,0,1000,0.21300713813983915
baseline32,js__baseline32__a2,D40_noise0.10,0.2047787386296332,0.13470808852676536,js,2,0,1000,0.21256818425982718
baseline32,hellinger__baseline32__a1,D40_noise0.10,0.2115650426513904,0.1619409974625577,hellinger,1,0,1000,0.2199103642494447
baseline32,hellinger__baseline32__a3,D40_noise0.10,0.21086647958496785,0.15820077361894486,hellinger,3,0,1000,0.21948765450000732
baseline32,hellinger__baseline32__a4,D40_noise0.10,0.21100679645116568,0.15848459355039646,hellinger,4,0,1000,0.21950127579734952
wide64,hellinger__wide64__a1,D40_noise0.10,0.21231315064623751,0.16445283158093194,hellinger,1,0,1000,0.22039744523796445
wide64,hellinger__wide64__a2,D40_noise0.10,0.21082150701494856,0.15892181172097536,hellinger,2,0,1000,0.2193615817852878
wide64,hellinger__wide64__a3,D40_noise0.10,0.2075665386869417,0.14439167453651475,hellinger,3,0,1000,0.21456206258854874
wide64,hellinger__wide64__a4,D40_noise0.10,0.20807261165094273,0.14683929907212276,hellinger,4,0,1000,0.21485942702215682
deep64,hellinger__deep64__a1,D40_noise0.10,0.20205720647396486,0.11874119052269912,hellinger,1,0,1000,0.20473923248365566
deep64,hellinger__deep64__a2,D40_noise0.10,0.19953055976156164,0.10903004952251884,hellinger,2,0,1000,0.2006938609317412
deep64,hellinger__deep64__a3,D40_noise0.10,0.19799768748742996,0.10437366914386398,hellinger,3,0,1000,0.20157211005234144
deep64,hellinger__deep64__a4,D40_noise0.10,0.19734149500152945,0.10097646762753318,hellinger,4,0,1000,0.19965610667585443
residual64,hellinger__residual64__a1,D40_noise0.10,0.2026341048101163,0.12428448069227725,hellinger,1,0,1000,0.20914770806594207
residual64,hellinger__residual64__a2,D40_noise0.10,0.2000411399376474,0.1147927350186022,hellinger,2,0,1000,0.20707703719818316
residual64,hellinger__residual64__a3,D40_noise0.10,0.19688962786541425,0.10094362687218861,hellinger,3,0,1000,0.20155856409952627
residual64,hellinger__residual64__a4,D40_noise0.10,0.202459259616171,0.12379320795960054,hellinger,4,0,1000,0.21010909595740263
bottleneck8_residual64,hellinger__bottleneck8_residual64__a1,D40_noise0.10,0.18191221434305266,0.04441733395107692,hellinger,1,0,1000,0.18334808575371814
bottleneck8_residual64,hellinger__bottleneck8_residual64__a2,D40_noise0.10,0.18097715872830406,0.04159720775727327,hellinger,2,0,1000,0.18224519229468092
bottleneck8_residual64,hellinger__bottleneck8_residual64__a3,D40_noise0.10,0.181056519219087,0.04227921496564816,hellinger,3,0,1000,0.18311541790426683
bottleneck8_residual64,hellinger__bottleneck8_residual64__a4,D40_noise0.10,0.18002993049372812,0.03858518781514248,hellinger,4,0,1000,0.18164465287789539
baseline32,hellinger__baseline32__a2,D40_noise0.10,0.20141367220654016,0.12673601594094064,hellinger,2,1,1000,0.19101457397405833
baseline32,kl__baseline32__a2,D40_noise0.10,0.19115124956153104,0.08569131451975487,kl,2,1,1000,0.18237717908939777
baseline32,chisq__baseline32__a2,D40_noise0.10,0.19092918914595236,0.08500958523709615,chisq,2,1,1000,0.1777975632657604
baseline32,js__baseline32__a2,D40_noise0.10,0.18965995766999605,0.08003302669340101,js,2,1,1000,0.17796268056448825
baseline32,hellinger__baseline32__a1,D40_noise0.10,0.2051468222746251,0.14178902971122243,hellinger,1,1,1000,0.19466215400591064
baseline32,hellinger__baseline32__a3,D40_noise0.10,0.20241505235353938,0.1308798960887602,hellinger,3,1,1000,0.19171629020371092
baseline32,hellinger__baseline32__a4,D40_noise0.10,0.2001069703065994,0.12218577394503384,hellinger,4,1,1000,0.19034440826526342
wide64,hellinger__wide64__a1,D40_noise0.10,0.20816220286787268,0.1544289628334058,hellinger,1,1,1000,0.1968713433010294
wide64,hellinger__wide64__a2,D40_noise0.10,0.20703180308329233,0.14970948548469706,hellinger,2,1,1000,0.1959122648471534
wide64,hellinger__wide64__a3,D40_noise0.10,0.2064829022659388,0.1475121458189858,hellinger,3,1,1000,0.19590112377659313
wide64,hellinger__wide64__a4,D40_noise0.10,0.20486093849222242,0.14130203233938177,hellinger,4,1,1000,0.19477789582228647
deep64,hellinger__deep64__a1,D40_noise0.10,0.18127889508893041,0.04811647512091828,hellinger,1,1,1000,0.17141948865245826
deep64,hellinger__deep64__a2,D40_noise0.10,0.18069562425484043,0.045304520571419885,hellinger,2,1,1000,0.170400428167957
deep64,hellinger__deep64__a3,D40_noise0.10,0.18254248134915607,0.05438492767601619,hellinger,3,1,1000,0.17412005723238533
deep64,hellinger__deep64__a4,D40_noise0.10,0.1896668259315875,0.08125625721089937,hellinger,4,1,1000,0.18413185430967133
residual64,hellinger__residual64__a1,D40_noise0.10,0.20372746468418784,0.13715411237394048,hellinger,1,1,1000,0.19252838821800827
residual64,hellinger__residual64__a2,D40_noise0.10,0.20201501381860149,0.12987825421703247,hellinger,2,1,1000,0.19102633526305507
residual64,hellinger__residual64__a3,D40_noise0.10,0.20042509370498257,0.12380680113829862,hellinger,3,1,1000,0.18994290618689552
residual64,hellinger__residual64__a4,D40_noise0.10,0.19815608230723933,0.11439968572459402,hellinger,4,1,1000,0.18878060740757424
bottleneck8_residual64,hellinger__bottleneck8_residual64__a1,D40_noise0.10,0.17964487328501377,0.04083750989920168,hellinger,1,1,1000,0.1664275558689728
bottleneck8_residual64,hellinger__bottleneck8_residual64__a2,D40_noise0.10,0.18035639502009804,0.04415802982613253,hellinger,2,1,1000,0.16853199330649482
bottleneck8_residual64,hellinger__bottleneck8_residual64__a3,D40_noise0.10,0.18096303181638645,0.046428983719563624,hellinger,3,1,1000,0.1701179557651033
bottleneck8_residual64,hellinger__bottleneck8_residual64__a4,D40_noise0.10,0.18055499511432394,0.045366124601955195,hellinger,4,1,1000,0.17031806538175176
baseline32,hellinger__baseline32__a2,D40_noise0.10,0.20278838513446557,0.1407739727507611,hellinger,2,2,1000,0.21061731552114116
baseline32,kl__baseline32__a2,D40_noise0.10,0.19404985581615863,0.10853700942551159,kl,2,2,1000,0.19748234725978886
baseline32,chisq__baseline32__a2,D40_noise0.10,0.1982453417410867,0.12363899237881104,chisq,2,2,1000,0.2055611879477946
baseline32,js__baseline32__a2,D40_noise0.10,0.20080527819634153,0.13279333724346395,js,2,2,1000,0.2070345658880134
baseline32,hellinger__baseline32__a1,D40_noise0.10,0.206548136880149,0.1557818472613503,hellinger,1,2,1000,0.21445028726129817
baseline32,hellinger__baseline32__a3,D40_noise0.10,0.20472545923105806,0.14871447593235565,hellinger,3,2,1000,0.21319185627219975
baseline32,hellinger__baseline32__a4,D40_noise0.10,0.19699356912177146,0.1200421129643233,hellinger,4,2,1000,0.20179962389133424
wide64,hellinger__wide64__a1,D40_noise0.10,0.20598414576992477,0.15269812073386332,hellinger,1,2,1000,0.21414030315175758
wide64,hellinger__wide64__a2,D40_noise0.10,0.20464421036058594,0.1482639263666396,hellinger,2,2,1000,0.2125634661806622
wide64,hellinger__wide64__a3,D40_noise0.10,0.20492941839046336,0.14885037518851352,hellinger,3,2,1000,0.2130374660245128
wide64,hellinger__wide64__a4,D40_noise0.10,0.20208157754719766,0.13777337952317428,hellinger,4,2,1000,0.21036396645821592
deep64,hellinger__deep64__a1,D40_noise0.10,0.20254929142667477,0.14134337245690887,hellinger,1,2,1000,0.21230891076245256
deep64,hellinger__deep64__a2,D40_noise0.10,0.20348918567238006,0.1453660753027338,hellinger,2,2,1000,0.21215191831776906
deep64,hellinger__deep64__a3,D40_noise0.10,0.20189000449475103,0.14139239096672163,hellinger,3,2,1000,0.21119916515637957
deep64,hellinger__deep64__a4,D40_noise0.10,0.19728650669296377,0.12136340397319537,hellinger,4,2,1000,0.20577480632727685
residual64,hellinger__residual64__a1,D40_noise0.10,0.21053612685359951,0.17307320092082215,hellinger,1,2,1000,0.22298796024455236
residual64,hellinger__residual64__a2,D40_noise0.10,0.20536191538965237,0.15203224326162157,hellinger,2,2,1000,0.21700345029691007
residual64,hellinger__residual64__a3,D40_noise0.10,0.20586478698849417,0.15372549757433185,hellinger,3,2,1000,0.21703593875137234
residual64,hellinger__residual64__a4,D40_noise0.10,0.20470716822961627,0.1494105918633441,hellinger,4,2,1000,0.21548759831931694
bottleneck8_residual64,hellinger__bottleneck8_residual64__a1,D40_noise0.10,0.1747097005251012,0.032951136699702455,hellinger,1,2,1000,0.1751691786882852
bottleneck8_residual64,hellinger__bottleneck8_residual64__a2,D40_noise0.10,0.17498874490594807,0.034050864639655225,hellinger,2,2,1000,0.1753439934080413
bottleneck8_residual64,hellinger__bottleneck8_residual64__a3,D40_noise0.10,0.17580292843241274,0.037156566434888,hellinger,3,2,1000,0.17463123975160325
bottleneck8_residual64,hellinger__bottleneck8_residual64__a4,D40_noise0.10,0.17515354533923258,0.034899134408682544,hellinger,4,2,1000,0.17460172274992547
baseline32,hellinger__baseline32__a2,D40_noise0.10,0.19888828809167514,0.11893622789110361,hellinger,2,3,1000,0.20381075416007455
baseline32,kl__baseline32__a2,D40_noise0.10,0.1941479642637083,0.09725381922295745,kl,2,3,1000,0.19727002137489708
baseline32,chisq__baseline32__a2,D40_noise0.10,0.19283495859694572,0.09186745494445511,chisq,2,3,1000,0.19512011037442137
baseline32,js__baseline32__a2,D40_noise0.10,0.19232270138217744,0.08963550367270262,js,2,3,1000,0.19606928657095923
baseline32,hellinger__baseline32__a1,D40_noise0.10,0.20040312293330076,0.12476403225957014,hellinger,1,3,1000,0.20413611149812905
baseline32,hellinger__baseline32__a3,D40_noise0.10,0.19562059786076014,0.10667698167925407,hellinger,3,3,1000,0.2002161260427051
baseline32,hellinger__baseline32__a4,D40_noise0.10,0.19666278233587225,0.11129956353913438,hellinger,4,3,1000,0.20141280170009793
wide64,hellinger__wide64__a1,D40_noise0.10,0.2098580504126153,0.16189015817265057,hellinger,1,3,1000,0.21594275013309588
wide64,hellinger__wide64__a2,D40_noise0.10,0.20829563331047107,0.15605366985858568,hellinger,2,3,1000,0.21375201607684952
wide64,hellinger__wide64__a3,D40_noise0.10,0.2069603731025178,0.151256197965443,hellinger,3,3,1000,0.211784009373696
wide64,hellinger__wide64__a4,D40_noise0.10,0.2047299939828832,0.14235006888942506,hellinger,4,3,1000,0.20949921840676297
deep64,hellinger__deep64__a1,D40_noise0.10,0.1978614648498374,0.11503363957027068,hellinger,1,3,1000,0.20296863316868824
deep64,hellinger__deep64__a2,D40_noise0.10,0.19147056304767485,0.08979676200658815,hellinger,2,3,1000,0.19875816582915015
deep64,hellinger__deep64__a3,D40_noise0.10,0.1880105610733538,0.07553416059688478,hellinger,3,3,1000,0.19493448253220574
deep64,hellinger__deep64__a4,D40_noise0.10,0.18954244171079088,0.08232937500460898,hellinger,4,3,1000,0.19898421998314922
residual64,hellinger__residual64__a1,D40_noise0.10,0.20070209727534877,0.1261458668415852,hellinger,1,3,1000,0.2036807849543225
residual64,hellinger__residual64__a2,D40_noise0.10,0.19776535265154432,0.11510582941782055,hellinger,2,3,1000,0.20143331974353862
residual64,hellinger__residual64__a3,D40_noise0.10,0.19732440333221435,0.1130242909199396,hellinger,3,3,1000,0.20132622188109373
residual64,hellinger__residual64__a4,D40_noise0.10,0.19673727246623035,0.10963501983768423,hellinger,4,3,1000,0.20006053588857822
bottleneck8_residual64,hellinger__bottleneck8_residual64__a1,D40_noise0.10,0.1802731508829491,0.039151609168908405,hellinger,1,3,1000,0.18688128999449038
bottleneck8_residual64,hellinger__bottleneck8_residual64__a2,D40_noise0.10,0.1793873370463402,0.03574234491374068,hellinger,2,3,1000,0.1846139634255996
bottleneck8_residual64,hellinger__bottleneck8_residual64__a3,D40_noise0.10,0.1793302948369067,0.03576822402940307,hellinger,3,3,1000,0.18470016666669792
bottleneck8_residual64,hellinger__bottleneck8_residual64__a4,D40_noise0.10,0.17875481529312737,0.03434251535425477,hellinger,4,3,1000,0.18417468836367912
baseline32,hellinger__baseline32__a2,D40_noise0.10,0.20192056757275767,0.1282526875554317,hellinger,2,4,1000,0.2001246200110642
baseline32,kl__baseline32__a2,D40_noise0.10,0.1975340221813645,0.11053714168292837,kl,2,4,1000,0.19061448436825237
baseline32,chisq__baseline32__a2,D40_noise0.10,0.1981903038669301,0.11258474176172824,chisq,2,4,1000,0.1862937121343303
baseline32,js__baseline32__a2,D40_noise0.10,0.19772269105364576,0.11017065620394204,js,2,4,1000,0.18983624851205838
baseline32,hellinger__baseline32__a1,D40_noise0.10,0.20391445445881795,0.1357126821416163,hellinger,1,4,1000,0.20095254684077007
baseline32,hellinger__baseline32__a3,D40_noise0.10,0.20213843504338436,0.12905401144769987,hellinger,3,4,1000,0.2003314135986694
baseline32,hellinger__baseline32__a4,D40_noise0.10,0.20082843826993568,0.12407798770851268,hellinger,4,4,1000,0.19918932848723828
wide64,hellinger__wide64__a1,D40_noise0.10,0.20348323693724513,0.13472237366158923,hellinger,1,4,1000,0.20129588478237126
wide64,hellinger__wide64__a2,D40_noise0.10,0.1988696852839158,0.11611774871302162,hellinger,2,4,1000,0.19668931433396825
wide64,hellinger__wide64__a3,D40_noise0.10,0.196686235379459,0.1077344861535066,hellinger,3,4,1000,0.1948781259546002
wide64,hellinger__wide64__a4,D40_noise0.10,0.19773446342555537,0.11209820598133548,hellinger,4,4,1000,0.19607562656171418
deep64,hellinger__deep64__a1,D40_noise0.10,0.1981297115326806,0.11292183422797106,hellinger,1,4,1000,0.19829098523824246
deep64,hellinger__deep64__a2,D40_noise0.10,0.1989645800304854,0.11707939190822332,hellinger,2,4,1000,0.19845440191674418
deep64,hellinger__deep64__a3,D40_noise0.10,0.1989937372863199,0.11801656798633323,hellinger,3,4,1000,0.19886175929060967
deep64,hellinger__deep64__a4,D40_noise0.10,0.19877554858278634,0.1169563712756471,hellinger,4,4,1000,0.1987242388082669
residual64,hellinger__residual64__a1,D40_noise0.10,0.19903243079793903,0.11641232947736393,hellinger,1,4,1000,0.19824533368714228
residual64,hellinger__residual64__a2,D40_noise0.10,0.19656568486259146,0.1059976237578153,hellinger,2,4,1000,0.1960904247085078
residual64,hellinger__residual64__a3,D40_noise0.10,0.19534770322667616,0.10120814604036249,hellinger,3,4,1000,0.1945105726302458
residual64,hellinger__residual64__a4,D40_noise0.10,0.1946796387873323,0.09760192209458526,hellinger,4,4,1000,0.19343285282133474
bottleneck8_residual64,hellinger__bottleneck8_residual64__a1,D40_noise0.10,0.18777484113028242,0.07031233578448681,hellinger,1,4,1000,0.18619600724748156
bottleneck8_residual64,hellinger__bottleneck8_residual64__a2,D40_noise0.10,0.19551373513525536,0.10324384919422024,hellinger,2,4,1000,0.19524539277504607
bottleneck8_residual64,hellinger__bottleneck8_residual64__a3,D40_noise0.10,0.19610724738751292,0.10614856531151956,hellinger,3,4,1000,0.19543508784334995
bottleneck8_residual64,hellinger__bottleneck8_residual64__a4,D40_noise0.10,0.19317634621347735,0.09432062974817759,hellinger,4,4,1000,0.19102420651631974
baseline32,hellinger__baseline32__a2,D40_noise0.10,0.20393044176533492,0.14151249728203966,hellinger,2,5,1000,0.20228268301309366
baseline32,kl__baseline32__a2,D40_noise0.10,0.20009449730273468,0.12754480673484447,kl,2,5,1000,0.20017237104166974
baseline32,chisq__baseline32__a2,D40_noise0.10,0.19728547768290727,0.11619514365104311,chisq,2,5,1000,0.19840755113228434
baseline32,js__baseline32__a2,D40_noise0.10,0.19807753076376144,0.1194193969360238,js,2,5,1000,0.19861503703432565
baseline32,hellinger__baseline32__a1,D40_noise0.10,0.20713400727151343,0.15469952388571054,hellinger,1,5,1000,0.20511367828221042
baseline32,hellinger__baseline32__a3,D40_noise0.10,0.19969952181059492,0.12515332348580024,hellinger,3,5,1000,0.19902359653586935
baseline32,hellinger__baseline32__a4,D40_noise0.10,0.20332609881788366,0.13937904244751223,hellinger,4,5,1000,0.2018021371403552
wide64,hellinger__wide64__a1,D40_noise0.10,0.2050229020449675,0.14678795966938116,hellinger,1,5,1000,0.20328239288545766
wide64,hellinger__wide64__a2,D40_noise0.10,0.203812247590546,0.14161243809300392,hellinger,2,5,1000,0.20178728053604864
wide64,hellinger__wide64__a3,D40_noise0.10,0.2013694141414769,0.13177239783976868,hellinger,3,5,1000,0.19992879467440827
wide64,hellinger__wide64__a4,D40_noise0.10,0.19965096132504473,0.12516090451170328,hellinger,4,5,1000,0.19898197755432287
deep64,hellinger__deep64__a1,D40_noise0.10,0.20090733517807732,0.13009112421378052,hellinger,1,5,1000,0.20032808961226778
deep64,hellinger__deep64__a2,D40_noise0.10,0.20054922579978376,0.1287858670280916,hellinger,2,5,1000,0.20046074509998985
deep64,hellinger__deep64__a3,D40_noise0.10,0.19412253075381486,0.10386811647222134,hellinger,3,5,1000,0.1972617939049854
deep64,hellinger__deep64__a4,D40_noise0.10,0.19408182367469784,0.10354367790010272,hellinger,4,5,1000,0.1970176164161682
residual64,hellinger__residual64__a1,D40_noise0.10,0.2041133260121894,0.14414503131014858,hellinger,1,5,1000,0.20208884635542834
residual64,hellinger__residual64__a2,D40_noise0.10,0.20259242187284707,0.13737653369023406,hellinger,2,5,1000,0.2006089989008738
residual64,hellinger__residual64__a3,D40_noise0.10,0.20076512119603554,0.128081810624793,hellinger,3,5,1000,0.19943218276057623
residual64,hellinger__residual64__a4,D40_noise0.10,0.20274499601403245,0.13766749677809492,hellinger,4,5,1000,0.2010217880125879
bottleneck8_residual64,hellinger__bottleneck8_residual64__a1,D40_noise0.10,0.18123981389691268,0.04908321072868124,hellinger,1,5,1000,0.180917089418492
bottleneck8_residual64,hellinger__bottleneck8_residual64__a2,D40_noise0.10,0.18130056382386475,0.050360442399568356,hellinger,2,5,1000,0.18091331520164275
bottleneck8_residual64,hellinger__bottleneck8_residual64__a3,D40_noise0.10,0.1819932585208462,0.05288254960420457,hellinger,3,5,1000,0.18367755831452223
bottleneck8_residual64,hellinger__bottleneck8_residual64__a4,D40_noise0.10,0.1816569258349089,0.0517927589542745,hellinger,4,5,1000,0.1830519812188946
baseline32,hellinger__baseline32__a2,D40_noise0.10,0.1950875049420649,0.10640091941056179,hellinger,2,6,1000,0.18730152419228707
baseline32,kl__baseline32__a2,D40_noise0.10,0.19388268068356418,0.10363978063076475,kl,2,6,1000,0.18378655892607543
baseline32,chisq__baseline32__a2,D40_noise0.10,0.19034794587980003,0.08915384444148278,chisq,2,6,1000,0.18306700710683324
baseline32,js__baseline32__a2,D40_noise0.10,0.19096662101386608,0.09265269719611241,js,2,6,1000,0.18620643750582547
baseline32,hellinger__baseline32__a1,D40_noise0.10,0.20081199634180175,0.128875111015958,hellinger,1,6,1000,0.194340837773864
baseline32,hellinger__baseline32__a3,D40_noise0.10,0.19781171749151294,0.1182105849632521,hellinger,3,6,1000,0.1907123061704597
baseline32,hellinger__baseline32__a4,D40_noise0.10,0.18994223886825817,0.08832184152634118,hellinger,4,6,1000,0.1820850015523031
wide64,hellinger__wide64__a1,D40_noise0.10,0.20352285267818648,0.14005197539679504,hellinger,1,6,1000,0.1958702608381383
wide64,hellinger__wide64__a2,D40_noise0.10,0.20177373235510931,0.13372782306006514,hellinger,2,6,1000,0.19760753151875718
wide64,hellinger__wide64__a3,D40_noise0.10,0.200377459748448,0.1283737052139198,hellinger,3,6,1000,0.19589551089317464
wide64,hellinger__wide64__a4,D40_noise0.10,0.2004501994560242,0.12772508302920063,hellinger,4,6,1000,0.1935346173538145
deep64,hellinger__deep64__a1,D40_noise0.10,0.19337189532219382,0.0988062856418098,hellinger,1,6,1000,0.18502317089954884
deep64,hellinger__deep64__a2,D40_noise0.10,0.19023117830794345,0.08471910729707878,hellinger,2,6,1000,0.18359388179433617
deep64,hellinger__deep64__a3,D40_noise0.10,0.19582447194121566,0.10635519546413719,hellinger,3,6,1000,0.18670305243846685
deep64,hellinger__deep64__a4,D40_noise0.10,0.1924057884775109,0.09407580860583865,hellinger,4,6,1000,0.1847251055959181
residual64,hellinger__residual64__a1,D40_noise0.10,0.1997826143348177,0.12406730286345682,hellinger,1,6,1000,0.1918176082381099
residual64,hellinger__residual64__a2,D40_noise0.10,0.19943755150842313,0.12471263112420039,hellinger,2,6,1000,0.19217419070007274
residual64,hellinger__residual64__a3,D40_noise0.10,0.20027905865933246,0.1292939689606113,hellinger,3,6,1000,0.19107806008278871
residual64,hellinger__residual64__a4,D40_noise0.10,0.19925402017029942,0.12527518816065192,hellinger,4,6,1000,0.1907253631960847
bottleneck8_residual64,hellinger__bottleneck8_residual64__a1,D40_noise0.10,0.1747859694776736,0.02876459732332938,hellinger,1,6,1000,0.17604231341740678
bottleneck8_residual64,hellinger__bottleneck8_residual64__a2,D40_noise0.10,0.1748491777450406,0.029059662017900976,hellinger,2,6,1000,0.17726305850932178
bottleneck8_residual64,hellinger__bottleneck8_residual64__a3,D40_noise0.10,0.17530030831833165,0.030325868956764437,hellinger,3,6,1000,0.17595898214618608
bottleneck8_residual64,hellinger__bottleneck8_residual64__a4,D40_noise0.10,0.17515812095069486,0.029426250241731566,hellinger,4,6,1000,0.1751987751027314
baseline32,hellinger__baseline32__a2,D40_noise0.10,0.1986823486098993,0.12751630077597842,hellinger,2,7,1000,0.20583417749226984
baseline32,kl__baseline32__a2,D40_noise0.10,0.19776083980325543,0.12362847952101433,kl,2,7,1000,0.20546199298759332
baseline32,chisq__baseline32__a2,D40_noise0.10,0.19556550403313816,0.11531748021001152,chisq,2,7,1000,0.2037297685657531
baseline32,js__baseline32__a2,D40_noise0.10,0.19629821374610817,0.11781796269328185,js,2,7,1000,0.20451189432330968
baseline32,hellinger__baseline32__a1,D40_noise0.10,0.19960777801595941,0.13042349627461097,hellinger,1,7,1000,0.2065453713005963
baseline32,hellinger__baseline32__a3,D40_noise0.10,0.199037718249779,0.1279941842991717,hellinger,3,7,1000,0.20562064824197412
baseline32,hellinger__baseline32__a4,D40_noise0.10,0.1985025329154172,0.12631659479707774,hellinger,4,7,1000,0.2050511144170988
wide64,hellinger__wide64__a1,D40_noise0.10,0.2002863169668218,0.1335928399357829,hellinger,1,7,1000,0.2061622192079534
wide64,hellinger__wide64__a2,D40_noise0.10,0.20014849748986324,0.13320850466481082,hellinger,2,7,1000,0.20642308806180615
wide64,hellinger__wide64__a3,D40_noise0.10,0.19950450767684086,0.1307131032536271,hellinger,3,7,1000,0.20560893237430267
wide64,hellinger__wide64__a4,D40_noise0.10,0.19980756471268107,0.1316436630896229,hellinger,4,7,1000,0.20607609507153968
deep64,hellinger__deep64__a1,D40_noise0.10,0.2013463386274119,0.1388435609381059,hellinger,1,7,1000,0.20818557855671072
deep64,hellinger__deep64__a2,D40_noise0.10,0.20198826437805695,0.14084843455551457,hellinger,2,7,1000,0.2090612720533579
deep64,hellinger__deep64__a3,D40_noise0.10,0.20164897492089312,0.1384479817584804,hellinger,3,7,1000,0.2080241923464709
deep64,hellinger__deep64__a4,D40_noise0.10,0.20047836756499016,0.13548400379924813,hellinger,4,7,1000,0.20827133425370348
residual64,hellinger__residual64__a1,D40_noise0.10,0.20098960976601532,0.1368650257519167,hellinger,1,7,1000,0.20608983887813348
residual64,hellinger__residual64__a2,D40_noise0.10,0.20041211492464273,0.134746676336217,hellinger,2,7,1000,0.205866300194113
residual64,hellinger__residual64__a3,D40_noise0.10,0.19631684029364455,0.11913068366214935,hellinger,3,7,1000,0.20229422736407124
residual64,hellinger__residual64__a4,D40_noise0.10,0.19641257745826654,0.11930703800237245,hellinger,4,7,1000,0.20216874208032595
bottleneck8_residual64,hellinger__bottleneck8_residual64__a1,D40_noise0.10,0.1828140291864832,0.06559277522342018,hellinger,1,7,1000,0.18709723066626494
bottleneck8_residual64,hellinger__bottleneck8_residual64__a2,D40_noise0.10,0.18242575041393322,0.06248560686039102,hellinger,2,7,1000,0.18787379613901375
bottleneck8_residual64,hellinger__bottleneck8_residual64__a3,D40_noise0.10,0.18995052583859212,0.09224758077209123,hellinger,3,7,1000,0.1931801990411549
bottleneck8_residual64,hellinger__bottleneck8_residual64__a4,D40_noise0.10,0.1827462196849957,0.06371876130082482,hellinger,4,7,1000,0.18666810924458221
baseline32,hellinger__baseline32__a2,D40_noise0.10,0.2041200761475877,0.1480167924263617,hellinger,2,8,1000,0.21395044741414582
baseline32,kl__baseline32__a2,D40_noise0.10,0.20255324786035384,0.14171600800277315,kl,2,8,1000,0.2102246170722865
baseline32,chisq__baseline32__a2,D40_noise0.10,0.20263604051270295,0.14248682031357834,chisq,2,8,1000,0.20830318105418855
baseline32,js__baseline32__a2,D40_noise0.10,0.20258065094926875,0.14246981552980362,js,2,8,1000,0.20894482808038828
baseline32,hellinger__baseline32__a1,D40_noise0.10,0.2049746048054323,0.150872847894103,hellinger,1,8,1000,0.21471674078508995
baseline32,hellinger__baseline32__a3,D40_noise0.10,0.20408854369602805,0.14766856400122438,hellinger,3,8,1000,0.2139245697746126
baseline32,hellinger__baseline32__a4,D40_noise0.10,0.20129761875391447,0.1370137192590223,hellinger,4,8,1000,0.20969921451306087
wide64,hellinger__wide64__a1,D40_noise0.10,0.20596032949616155,0.1557307498091503,hellinger,1,8,1000,0.21562396055650807
wide64,hellinger__wide64__a2,D40_noise0.10,0.2024950885153311,0.1418188363844582,hellinger,2,8,1000,0.21136269756258041
wide64,hellinger__wide64__a3,D40_noise0.10,0.20121855675733968,0.13688687668310673,hellinger,3,8,1000,0.20995346964018477
wide64,hellinger__wide64__a4,D40_noise0.10,0.1945205336083396,0.10988259096837749,hellinger,4,8,1000,0.20279427638648576
deep64,hellinger__deep64__a1,D40_noise0.10,0.1859961423973693,0.07366894767862733,hellinger,1,8,1000,0.19063519409994822
deep64,hellinger__deep64__a2,D40_noise0.10,0.18337482687060533,0.06128404923009439,hellinger,2,8,1000,0.18796970727926338
deep64,hellinger__deep64__a3,D40_noise0.10,0.18435019330426738,0.06513256461540487,hellinger,3,8,1000,0.18831822684659993
deep64,hellinger__deep64__a4,D40_noise0.10,0.18104446834490642,0.052762794497419635,hellinger,4,8,1000,0.18566659538024347
residual64,hellinger__residual64__a1,D40_noise0.10,0.20202025260035136,0.13939936454381335,hellinger,1,8,1000,0.21310706761903148
residual64,hellinger__residual64__a2,D40_noise0.10,0.19927234968833765,0.12843115366559305,hellinger,2,8,1000,0.20937979808750454
residual64,hellinger__residual64__a3,D40_noise0.10,0.19706866491426625,0.1192551831499637,hellinger,3,8,1000,0.20656190590726214
residual64,hellinger__residual64__a4,D40_noise0.10,0.19744501653957908,0.12127861851902244,hellinger,4,8,1000,0.2069153655628374
bottleneck8_residual64,hellinger__bottleneck8_residual64__a1,D40_noise0.10,0.17644725539669578,0.03263474742157185,hellinger,1,8,1000,0.18219209654768231
bottleneck8_residual64,hellinger__bottleneck8_residual64__a2,D40_noise0.10,0.17609604042591484,0.03059438257711957,hellinger,2,8,1000,0.1807294824256097
bottleneck8_residual64,hellinger__bottleneck8_residual64__a3,D40_noise0.10,0.1761445653167441,0.032085398199434116,hellinger,3,8,1000,0.18170435210397617
bottleneck8_residual64,hellinger__bottleneck8_residual64__a4,D40_noise0.10,0.1758400532616951,0.030965088202960792,hellinger,4,8,1000,0.18054973297011692
baseline32,hellinger__baseline32__a2,D40_noise0.10,0.19812579754716475,0.11780465429907355,hellinger,2,9,1000,0.19729600295179692
baseline32,kl__baseline32__a2,D40_noise0.10,0.19193924414985986,0.09209621697855955,kl,2,9,1000,0.18997411663562117
baseline32,chisq__baseline32__a2,D40_noise0.10,0.19407889456294614,0.10122960315275585,chisq,2,9,1000,0.19401073500969926
baseline32,js__baseline32__a2,D40_noise0.10,0.19217294932732687,0.0946272069724298,js,2,9,1000,0.19200357591193268
baseline32,hellinger__baseline32__a1,D40_noise0.10,0.19920571063567227,0.12134961343441075,hellinger,1,9,1000,0.199727171389967
baseline32,hellinger__baseline32__a3,D40_noise0.10,0.19494338461389027,0.10452699280364855,hellinger,3,9,1000,0.19326647664633761
baseline32,hellinger__baseline32__a4,D40_noise0.10,0.19484787243394028,0.10431006805360402,hellinger,4,9,1000,0.19446649108824987
wide64,hellinger__wide64__a1,D40_noise0.10,0.20104833388658322,0.12909251426523047,hellinger,1,9,1000,0.2015551315949773
wide64,hellinger__wide64__a2,D40_noise0.10,0.1939107957340605,0.10048905466214342,hellinger,2,9,1000,0.1926441391983651
wide64,hellinger__wide64__a3,D40_noise0.10,0.19400463129861534,0.10014704369503849,hellinger,3,9,1000,0.19228978751261433
wide64,hellinger__wide64__a4,D40_noise0.10,0.19318345558346686,0.0979340792087714,hellinger,4,9,1000,0.19112050861834784
deep64,hellinger__deep64__a1,D40_noise0.10,0.1982614050972034,0.11734168386730237,hellinger,1,9,1000,0.19511727864660647
deep64,hellinger__deep64__a2,D40_noise0.10,0.19612592040003507,0.10788420055888498,hellinger,2,9,1000,0.19352287439948807
deep64,hellinger__deep64__a3,D40_noise0.10,0.202026648380998,0.1335134861545307,hellinger,3,9,1000,0.20030093875844335
deep64,hellinger__deep64__a4,D40_noise0.10,0.1990782299870363,0.12037119243331522,hellinger,4,9,1000,0.1963860133262717
residual64,hellinger__residual64__a1,D40_noise0.10,0.1968811054266726,0.11137699848093613,hellinger,1,9,1000,0.19322359525828936
residual64,hellinger__residual64__a2,D40_noise0.10,0.19219584703883072,0.09169877848958609,hellinger,2,9,1000,0.1865485132626034
residual64,hellinger__residual64__a3,D40_noise0.10,0.1888787532018655,0.07889354161917903,hellinger,3,9,1000,0.18629006211556687
residual64,hellinger__residual64__a4,D40_noise0.10,0.1933418022441127,0.09732100705518745,hellinger,4,9,1000,0.19051170974604043
bottleneck8_residual64,hellinger__bottleneck8_residual64__a1,D40_noise0.10,0.176044021147037,0.028803284154470504,hellinger,1,9,1000,0.1736383419148969
bottleneck8_residual64,hellinger__bottleneck8_residual64__a2,D40_noise0.10,0.17578186664527973,0.027790818105606067,hellinger,2,9,1000,0.17403929428490533
bottleneck8_residual64,hellinger__bottleneck8_residual64__a3,D40_noise0.10,0.17726187550135553,0.03375690785062784,hellinger,3,9,1000,0.1742830224490542
bottleneck8_residual64,hellinger__bottleneck8_residual64__a4,D40_noise0.10,0.17675101932453294,0.032931640273706694,hellinger,4,9,1000,0.17468599982914615
baseline32,hellinger__baseline32__a2,D40_noise0.30,0.21402610024355165,0.15704955894762895,hellinger,2,0,1000,0.2194122992422103
baseline32,kl__baseline32__a2,D40_noise0.30,0.21353522094014732,0.15511192067129453,kl,2,0,1000,0.2186707646855124
baseline32,chisq__baseline32__a2,D40_noise0.30,0.21354852462170126,0.15475718755893467,chisq,2,0,1000,0.21822355655536624
baseline32,js__baseline32__a2,D40_noise0.30,0.21315941392578702,0.15345806187789146,js,2,0,1000,0.21816531127584857
baseline32,hellinger__baseline32__a1,D40_noise0.30,0.21682258654496542,0.1681761531188607,hellinger,1,0,1000,0.2212493899370065
baseline32,hellinger__baseline32__a3,D40_noise0.30,0.21326799004313135,0.15391823433164384,hellinger,3,0,1000,0.21694566821659533
baseline32,hellinger__baseline32__a4,D40_noise0.30,0.2126022551943231,0.15194068084299328,hellinger,4,0,1000,0.2173069796473729
wide64,hellinger__wide64__a1,D40_noise0.30,0.2116581415408315,0.14624876966138178,hellinger,1,0,1000,0.21472241632790828
wide64,hellinger__wide64__a2,D40_noise0.30,0.21011949105295968,0.1394846224462895,hellinger,2,0,1000,0.21373852626313555
wide64,hellinger__wide64__a3,D40_noise0.30,0.2108595227384094,0.14209326868794395,hellinger,3,0,1000,0.2141945890431774
wide64,hellinger__wide64__a4,D40_noise0.30,0.21053749860151233,0.14079978826266865,hellinger,4,0,1000,0.21423566445301848
deep64,hellinger__deep64__a1,D40_noise0.30,0.21810500084026896,0.1716934272580872,hellinger,1,0,1000,0.22124717838099514
deep64,hellinger__deep64__a2,D40_noise0.30,0.21561966787149464,0.16207833050998305,hellinger,2,0,1000,0.2195838344972703
deep64,hellinger__deep64__a3,D40_noise0.30,0.2123423181719799,0.14898132548183246,hellinger,3,0,1000,0.21796609741675993
deep64,hellinger__deep64__a4,D40_noise0.30,0.2105399242882986,0.14146575247802295,hellinger,4,0,1000,0.21600969472080503
residual64,hellinger__residual64__a1,D40_noise0.30,0.21200171927301925,0.1459686695883057,hellinger,1,0,1000,0.21524292064576284
residual64,hellinger__residual64__a2,D40_noise0.30,0.21379376172722553,0.15253553710201584,hellinger,2,0,1000,0.21615655818579887
residual64,hellinger__residual64__a3,D40_noise0.30,0.21422521080784107,0.15410874572585131,hellinger,3,0,1000,0.21757897777287094
residual64,hellinger__residual64__a4,D40_noise0.30,0.21329497832093058,0.15009315132124834,hellinger,4,0,1000,0.21585815902131777
bottleneck8_residual64,hellinger__bottleneck8_residual64__a1,D40_noise0.30,0.20639003911571907,0.12294854261383953,hellinger,1,0,1000,0.20796466828878193
bottleneck8_residual64,hellinger__bottleneck8_residual64__a2,D40_noise0.30,0.20254621855641794,0.10677498733782928,hellinger,2,0,1000,0.20210598402142554
bottleneck8_residual64,hellinger__bottleneck8_residual64__a3,D40_noise0.30,0.20169926213198186,0.10285612350411555,hellinger,3,0,1000,0.20061093096670674
bottleneck8_residual64,hellinger__bottleneck8_residual64__a4,D40_noise0.30,0.20037031416065237,0.09624367476345447,hellinger,4,0,1000,0.19592914670327236
baseline32,hellinger__baseline32__a2,D40_noise0.30,0.21068504446863162,0.1422710469645136,hellinger,2,1,1000,0.21995359500955536
baseline32,kl__baseline32__a2,D40_noise0.30,0.20983423350694946,0.13903177754110965,kl,2,1,1000,0.21823581749506277
baseline32,chisq__baseline32__a2,D40_noise0.30,0.2092671903099863,0.13703584096902577,chisq,2,1,1000,0.2163664703762289
baseline32,js__baseline32__a2,D40_noise0.30,0.20917756788740877,0.13660752714035215,js,2,1,1000,0.2167185162213647
baseline32,hellinger__baseline32__a1,D40_noise0.30,0.2134928910904821,0.1533963663311133,hellinger,1,1,1000,0.2214073158660831
baseline32,hellinger__baseline32__a3,D40_noise0.30,0.21000151051414206,0.1392544398048086,hellinger,3,1,1000,0.21962162563630933
baseline32,hellinger__baseline32__a4,D40_noise0.30,0.20905050365409802,0.1352378530654695,hellinger,4,1,1000,0.21882512852852515
wide64,hellinger__wide64__a1,D40_noise0.30,0.21490877859540747,0.15780740868533233,hellinger,1,1,1000,0.22359693821926807
wide64,hellinger__wide64__a2,D40_noise0.30,0.21577505878405662,0.16143027778923952,hellinger,2,1,1000,0.22414122983087248
wide64,hellinger__wide64__a3,D40_noise0.30,0.2139572469899516,0.15388528723401168,hellinger,3,1,1000,0.22293656886599733
wide64,hellinger__wide64__a4,D40_noise0.30,0.21327781884070035,0.150598302282747,hellinger,4,1,1000,0.2225934091827011
deep64,hellinger__deep64__a1,D40_noise0.30,0.22068926824251892,0.18104182318192608,hellinger,1,1,1000,0.2266588840240775
deep64,hellinger__deep64__a2,D40_noise0.30,0.21810957057732844,0.16996203753340344,hellinger,2,1,1000,0.22584410271934086
deep64,hellinger__deep64__a3,D40_noise0.30,0.21675294816331508,0.16457199633779196,hellinger,3,1,1000,0.22634624326765196
deep64,hellinger__deep64__a4,D40_noise0.30,0.21535504960809215,0.15940260975263626,hellinger,4,1,1000,0.2260697663485708
residual64,hellinger__residual64__a1,D40_noise0.30,0.21934004847956623,0.1760841345298732,hellinger,1,1,1000,0.22953612963268277
residual64,hellinger__residual64__a2,D40_noise0.30,0.21578985216135452,0.1607526284480895,hellinger,2,1,1000,0.22718257612024126
residual64,hellinger__residual64__a3,D40_noise0.30,0.21480776786545214,0.1570395500137033,hellinger,3,1,1000,0.2269387912721239
residual64,hellinger__residual64__a4,D40_noise0.30,0.21473372698943805,0.15645279525591008,hellinger,4,1,1000,0.2263380993566298
bottleneck8_residual64,hellinger__bottleneck8_residual64__a1,D40_noise0.30,0.19503275100725592,0.07937050054282224,hellinger,1,1,1000,0.19994454480288834
bottleneck8_residual64,hellinger__bottleneck8_residual64__a2,D40_noise0.30,0.19452574104658032,0.07611882453107084,hellinger,2,1,1000,0.20141740857383345
bottleneck8_residual64,hellinger__bottleneck8_residual64__a3,D40_noise0.30,0.19383682317001572,0.07284378590204292,hellinger,3,1,1000,0.19996089815028492
bottleneck8_residual64,hellinger__bottleneck8_residual64__a4,D40_noise0.30,0.19547946571699856,0.07837863667882264,hellinger,4,1,1000,0.20151198807877047
baseline32,hellinger__baseline32__a2,D40_noise0.30,0.208909027055765,0.14352410279466252,hellinger,2,2,1000,0.2160009536523732
baseline32,kl__baseline32__a2,D40_noise0.30,0.2089701244062458,0.1430647099272088,kl,2,2,1000,0.2151136692313479
baseline32,chisq__baseline32__a2,D40_noise0.30,0.2100604537731865,0.1458996470796754,chisq,2,2,1000,0.2147069402480426
baseline32,js__baseline32__a2,D40_noise0.30,0.20957045379139688,0.1445699974102706,js,2,2,1000,0.21469394960825747
baseline32,hellinger__baseline32__a1,D40_noise0.30,0.2120399450310607,0.1547679826757709,hellinger,1,2,1000,0.21802170566000828
baseline32,hellinger__baseline32__a3,D40_noise0.30,0.2073241181930307,0.13726132061135482,hellinger,3,2,1000,0.21407021143863025
baseline32,hellinger__baseline32__a4,D40_noise0.30,0.20608898226299405,0.1329721524682382,hellinger,4,2,1000,0.21350423321834266
wide64,hellinger__wide64__a1,D40_noise0.30,0.21030207500794418,0.14816062969881943,hellinger,1,2,1000,0.21590566480284046
wide64,hellinger__wide64__a2,D40_noise0.30,0.20928868971211498,0.14465014924133965,hellinger,2,2,1000,0.213819182093379
wide64,hellinger__wide64__a3,D40_noise0.30,0.2085246521100379,0.14161839357597356,hellinger,3,2,1000,0.21240140320353434
wide64,hellinger__wide64__a4,D40_noise0.30,0.20806318487383035,0.13950282876232456,hellinger,4,2,1000,0.21145361617362537
deep64,hellinger__deep64__a1,D40_noise0.30,0.21843679964521823,0.1753912739917549,hellinger,1,2,1000,0.21903085242393494
deep64,hellinger__deep64__a2,D40_noise0.30,0.21336137752954265,0.1598872931089631,hellinger,2,2,1000,0.21921278892918883
deep64,hellinger__deep64__a3,D40_noise0.30,0.21199446892845075,0.15404964616566097,hellinger,3,2,1000,0.2170718973817885
deep64,hellinger__deep64__a4,D40_noise0.30,0.21086494744409703,0.1502120502450431,hellinger,4,2,1000,0.216453479278693
residual64,hellinger__residual64__a1,D40_noise0.30,0.20857869066316104,0.1421757012705768,hellinger,1,2,1000,0.2149558848780483
residual64,hellinger__residual64__a2,D40_noise0.30,0.20717138103457883,0.1370338373618509,hellinger,2,2,1000,0.21327421621568873
residual64,hellinger__residual64__a3,D40_noise0.30,0.20705616411019764,0.13606989811090267,hellinger,3,2,1000,0.21276438688994243
residual64,hellinger__residual64__a4,D40_noise0.30,0.20754235196461945,0.13810511746705675,hellinger,4,2,1000,0.21350995237053616
bottleneck8_residual64,hellinger__bottleneck8_residual64__a1,D40_noise0.30,0.20307220031055742,0.11647404187604299,hellinger,1,2,1000,0.212878641649754
bottleneck8_residual64,hellinger__bottleneck8_residual64__a2,D40_noise0.30,0.20353884669410022,0.1181858345372771,hellinger,2,2,1000,0.2121320268711931
bottleneck8_residual64,hellinger__bottleneck8_residual64__a3,D40_noise0.30,0.20352161723117268,0.11796382293512842,hellinger,3,2,1000,0.21167322283799406
bottleneck8_residual64,hellinger__bottleneck8_residual64__a4,D40_noise0.30,0.20446617050831029,0.1215683800333596,hellinger,4,2,1000,0.21159932991343983
baseline32,hellinger__baseline32__a2,D40_noise0.30,0.211380511387007,0.1493481506997837,hellinger,2,3,1000,0.20675204471094416
baseline32,kl__baseline32__a2,D40_noise0.30,0.20823423981771594,0.13635275866770769,kl,2,3,1000,0.2038406249167607
baseline32,chisq__baseline32__a2,D40_noise0.30,0.20761975611234146,0.1324930114821167,chisq,2,3,1000,0.20369030828454257
baseline32,js__baseline32__a2,D40_noise0.30,0.20788018136262426,0.1338157149198984,js,2,3,1000,0.20341601929600872
baseline32,hellinger__baseline32__a1,D40_noise0.30,0.2134696745531715,0.15863959677972048,hellinger,1,3,1000,0.21007893590299193
baseline32,hellinger__baseline32__a3,D40_noise0.30,0.21115809609774777,0.1485442970257481,hellinger,3,3,1000,0.2061322175902992
baseline32,hellinger__baseline32__a4,D40_noise0.30,0.21071659916432103,0.1466236558269236,hellinger,4,3,1000,0.2058345319090336
wide64,hellinger__wide64__a1,D40_noise0.30,0.2131685831674992,0.1592320405761472,hellinger,1,3,1000,0.21283041647725123
wide64,hellinger__wide64__a2,D40_noise0.30,0.21029425180884018,0.14802622030049176,hellinger,2,3,1000,0.20865349630862395
wide64,hellinger__wide64__a3,D40_noise0.30,0.20937018259171136,0.1444325222367804,hellinger,3,3,1000,0.20796310899170425
wide64,hellinger__wide64__a4,D40_noise0.30,0.20845376530899803,0.14017081809640092,hellinger,4,3,1000,0.2066299353281886
deep64,hellinger__deep64__a1,D40_noise0.30,0.2102021336867852,0.14695930890370804,hellinger,1,3,1000,0.20859132715702583
deep64,hellinger__deep64__a2,D40_noise0.30,0.20905893344438148,0.14243808341800207,hellinger,2,3,1000,0.2076255215136878
deep64,hellinger__deep64__a3,D40_noise0.30,0.20854961463864513,0.1407286920742795,hellinger,3,3,1000,0.20689635668453066
deep64,hellinger__deep64__a4,D40_noise0.30,0.20776338276258768,0.1374357495649922,hellinger,4,3,1000,0.2061666929345194
residual64,hellinger__residual64__a1,D40_noise0.30,0.2099781860927891,0.14526015496417294,hellinger,1,3,1000,0.20927349747820473
residual64,hellinger__residual64__a2,D40_noise0.30,0.2089287142348661,0.14045607315889014,hellinger,2,3,1000,0.20738857207301428
residual64,hellinger__residual64__a3,D40_noise0.30,0.20823652713096488,0.137446906836159,hellinger,3,3,1000,0.20637329512015126
residual64,hellinger__residual64__a4,D40_noise0.30,0.20904888052485449,0.14063159123257463,hellinger,4,3,1000,0.2072803664520883
bottleneck8_residual64,hellinger__bottleneck8_residual64__a1,D40_noise0.30,0.20627413894342966,0.12946658607329303,hellinger,1,3,1000,0.2048601878726449
bottleneck8_residual64,hellinger__bottleneck8_residual64__a2,D40_noise0.30,0.20261319592930493,0.11563202120615845,hellinger,2,3,1000,0.2014036310269155
bottleneck8_residual64,hellinger__bottleneck8_residual64__a3,D40_noise0.30,0.20243151086170813,0.11537138859598774,hellinger,3,3,1000,0.2020079690690751
bottleneck8_residual64,hellinger__bottleneck8_residual64__a4,D40_noise0.30,0.20307807451267335,0.1172927226930366,hellinger,4,3,1000,0.2025578055819025
baseline32,hellinger__baseline32__a2,D40_noise0.30,0.2171668988875773,0.16788622895302457,hellinger,2,4,1000,0.21233004191966248
baseline32,kl__baseline32__a2,D40_noise0.30,0.213964438004314,0.15428562173841298,kl,2,4,1000,0.20863344246295634
baseline32,chisq__baseline32__a2,D40_noise0.30,0.21063937067838556,0.14061583135821168,chisq,2,4,1000,0.2058302869816347
baseline32,js__baseline32__a2,D40_noise0.30,0.21072409736682476,0.14099025410269794,js,2,4,1000,0.20513720731543494
baseline32,hellinger__baseline32__a1,D40_noise0.30,0.22387892123369627,0.19551499087468205,hellinger,1,4,1000,0.22026978043794473
baseline32,hellinger__baseline32__a3,D40_noise0.30,0.21539724552344822,0.16230759046917964,hellinger,3,4,1000,0.21074330697223262
baseline32,hellinger__baseline32__a4,D40_noise0.30,0.2131222972705667,0.15220748154670444,hellinger,4,4,1000,0.20852837178657577
wide64,hellinger__wide64__a1,D40_noise0.30,0.21649881418106695,0.16652097135501648,hellinger,1,4,1000,0.21312778780954658
wide64,hellinger__wide64__a2,D40_noise0.30,0.21631068834227712,0.16595708763885061,hellinger,2,4,1000,0.21354678519302167
wide64,hellinger__wide64__a3,D40_noise0.30,0.2151265190815561,0.1602525385301331,hellinger,3,4,1000,0.21318120592297607
wide64,hellinger__wide64__a4,D40_noise0.30,0.21611532940707323,0.16500318097865468,hellinger,4,4,1000,0.21397151136804327
deep64,hellinger__deep64__a1,D40_noise0.30,0.2111360628960344,0.14409748352603158,hellinger,1,4,1000,0.21220702284890636
deep64,hellinger__deep64__a2,D40_noise0.30,0.2071953608014552,0.12616521134195882,hellinger,2,4,1000,0.205074124228846
deep64,hellinger__deep64__a3,D40_noise0.30,0.20560060737769692,0.12017809999644644,hellinger,3,4,1000,0.2028828816229179
deep64,hellinger__deep64__a4,D40_noise0.30,0.20500921428427088,0.11770206173958311,hellinger,4,4,1000,0.2032038573089059
residual64,hellinger__residual64__a1,D40_noise0.30,0.21493350692128244,0.15891036461482133,hellinger,1,4,1000,0.21596405479329983
residual64,hellinger__residual64__a2,D40_noise0.30,0.21345593126189558,0.15196979108672135,hellinger,2,4,1000,0.2138426613018074
residual64,hellinger__residual64__a3,D40_noise0.30,0.21336998004494298,0.15144919748725055,hellinger,3,4,1000,0.21386502217615533
residual64,hellinger__residual64__a4,D40_noise0.30,0.2140325221106958,0.1543488789968589,hellinger,4,4,1000,0.21542393555560574
bottleneck8_residual64,hellinger__bottleneck8_residual64__a1,D40_noise0.30,0.20044150531845756,0.10307994738148195,hellinger,1,4,1000,0.19726799014669721
bottleneck8_residual64,hellinger__bottleneck8_residual64__a2,D40_noise0.30,0.197714165487481,0.09166599107615422,hellinger,2,4,1000,0.19451189590527912
bottleneck8_residual64,hellinger__bottleneck8_residual64__a3,D40_noise0.30,0.1970705594959807,0.08862623311670867,hellinger,3,4,1000,0.19262318737643833
bottleneck8_residual64,hellinger__bottleneck8_residual64__a4,D40_noise0.30,0.1962072282234446,0.0854987399104529,hellinger,4,4,1000,0.19191091857004317
baseline32,hellinger__baseline32__a2,D40_noise0.30,0.21173527075503487,0.13832290782786544,hellinger,2,5,1000,0.21603395279937077
baseline32,kl__baseline32__a2,D40_noise0.30,0.21098906326364925,0.13632483590333383,kl,2,5,1000,0.21405237623278073
baseline32,chisq__baseline32__a2,D40_noise0.30,0.21123185693468408,0.13714113667091293,chisq,2,5,1000,0.21338400952638992
baseline32,js__baseline32__a2,D40_noise0.30,0.21151046825368663,0.13767034437449352,js,2,5,1000,0.21343149293621283
baseline32,hellinger__baseline32__a1,D40_noise0.30,0.21227238318682742,0.14004381018675355,hellinger,1,5,1000,0.21703558218129443
baseline32,hellinger__baseline32__a3,D40_noise0.30,0.21081895780190402,0.1354847400058869,hellinger,3,5,1000,0.21491097842373408
baseline32,hellinger__baseline32__a4,D40_noise0.30,0.21010099876084987,0.13278559381177735,hellinger,4,5,1000,0.2147504037663178
wide64,hellinger__wide64__a1,D40_noise0.30,0.21218117607501202,0.14084149377979407,hellinger,1,5,1000,0.21415511685248845
wide64,hellinger__wide64__a2,D40_noise0.30,0.2108674112567681,0.13593030052764177,hellinger,2,5,1000,0.21240846089407794
wide64,hellinger__wide64__a3,D40_noise0.30,0.20966501931735712,0.1313512969759073,hellinger,3,5,1000,0.21129403643203765
wide64,hellinger__wide64__a4,D40_noise0.30,0.209525916154323,0.130791568318093,hellinger,4,5,1000,0.21148878372248459
deep64,hellinger__deep64__a1,D40_noise0.30,0.22121137778713332,0.17630250109206907,hellinger,1,5,1000,0.22250022821288779
deep64,hellinger__deep64__a2,D40_noise0.30,0.2195241017780387,0.16987557525106123,hellinger,2,5,1000,0.2207201505461714
deep64,hellinger__deep64__a3,D40_noise0.30,0.21615772640200648,0.1565943032434864,hellinger,3,5,1000,0.21904940776595577
deep64,hellinger__deep64__a4,D40_noise0.30,0.21396894853104548,0.1473576869509476,hellinger,4,5,1000,0.21600986171483066
residual64,hellinger__residual64__a1,D40_noise0.30,0.20972511590640266,0.13191190220599425,hellinger,1,5,1000,0.211044949766015
residual64,hellinger__residual64__a2,D40_noise0.30,0.2090940547121652,0.13034360675674633,hellinger,2,5,1000,0.2109712299217943
residual64,hellinger__residual64__a3,D40_noise0.30,0.20884351198272455,0.1303025973140309,hellinger,3,5,1000,0.21105255704573633
residual64,hellinger__residual64__a4,D40_noise0.30,0.20907781885192128,0.13179510784099152,hellinger,4,5,1000,0.21088397034948012
bottleneck8_residual64,hellinger__bottleneck8_residual64__a1,D40_noise0.30,0.1985479195240794,0.08704757496506861,hellinger,1,5,1000,0.20180245235912778
bottleneck8_residual64,hellinger__bottleneck8_residual64__a2,D40_noise0.30,0.19955515770581228,0.09178069211184967,hellinger,2,5,1000,0.20363581162432368
bottleneck8_residual64,hellinger__bottleneck8_residual64__a3,D40_noise0.30,0.20039465389523653,0.09555361813813396,hellinger,3,5,1000,0.20431534223484846
bottleneck8_residual64,hellinger__bottleneck8_residual64__a4,D40_noise0.30,0.2007213010314183,0.09677029707977615,hellinger,4,5,1000,0.20436811326496926
baseline32,hellinger__baseline32__a2,D40_noise0.30,0.21422186784648278,0.15476609486198664,hellinger,2,6,1000,0.20682403240076214
baseline32,kl__baseline32__a2,D40_noise0.30,0.21182389397226242,0.14521192117653373,kl,2,6,1000,0.2051000211800083
baseline32,chisq__baseline32__a2,D40_noise0.30,0.20876671183321804,0.133525504823429,chisq,2,6,1000,0.2049270944315566
baseline32,js__baseline32__a2,D40_noise0.30,0.2084708676382057,0.13210302437240484,js,2,6,1000,0.20550606811848357
baseline32,hellinger__baseline32__a1,D40_noise0.30,0.21548151808068194,0.15824100711980427,hellinger,1,6,1000,0.20858201252904596
baseline32,hellinger__baseline32__a3,D40_noise0.30,0.21271873600719363,0.14866718495151526,hellinger,3,6,1000,0.20532254451167062
baseline32,hellinger__baseline32__a4,D40_noise0.30,0.21041149507737078,0.13955859096047463,hellinger,4,6,1000,0.20415949616062634
wide64,hellinger__wide64__a1,D40_noise0.30,0.21468452124225706,0.15719905431227651,hellinger,1,6,1000,0.21120917734197553
wide64,hellinger__wide64__a2,D40_noise0.30,0.21481565939030328,0.156312109968333,hellinger,2,6,1000,0.21164107506371008
wide64,hellinger__wide64__a3,D40_noise0.30,0.21336810722507285,0.150853270506936,hellinger,3,6,1000,0.21139488067524415
wide64,hellinger__wide64__a4,D40_noise0.30,0.21318911293225734,0.14948587902223226,hellinger,4,6,1000,0.21108288220528457
deep64,hellinger__deep64__a1,D40_noise0.30,0.2151092292927842,0.16094824742149685,hellinger,1,6,1000,0.21384742861433145
deep64,hellinger__deep64__a2,D40_noise0.30,0.22073629308052373,0.18306617348513132,hellinger,2,6,1000,0.21643714165807626
deep64,hellinger__deep64__a3,D40_noise0.30,0.21637957650216866,0.16283233230174846,hellinger,3,6,1000,0.21793365671551618
deep64,hellinger__deep64__a4,D40_noise0.30,0.21583240763760753,0.1608295088274396,hellinger,4,6,1000,0.21698423045310128
residual64,hellinger__residual64__a1,D40_noise0.30,0.2152763667908998,0.1594508458136707,hellinger,1,6,1000,0.21181531646309382
residual64,hellinger__residual64__a2,D40_noise0.30,0.21220958545533927,0.14819212552721323,hellinger,2,6,1000,0.21063366923874727
residual64,hellinger__residual64__a3,D40_noise0.30,0.21123743064610842,0.1443602049457226,hellinger,3,6,1000,0.21083740086273803
residual64,hellinger__residual64__a4,D40_noise0.30,0.2099902300640839,0.13989781500214635,hellinger,4,6,1000,0.2111550032817211
bottleneck8_residual64,hellinger__bottleneck8_residual64__a1,D40_noise0.30,0.1936605310403352,0.0760275188185974,hellinger,1,6,1000,0.19664680191979142
bottleneck8_residual64,hellinger__bottleneck8_residual64__a2,D40_noise0.30,0.1925273766832513,0.07044252930711246,hellinger,2,6,1000,0.19535358279891937
bottleneck8_residual64,hellinger__bottleneck8_residual64__a3,D40_noise0.30,0.19209519335580943,0.06921853268728761,hellinger,3,6,1000,0.19448553430526927
bottleneck8_residual64,hellinger__bottleneck8_residual64__a4,D40_noise0.30,0.19302108648535432,0.07391624290524532,hellinger,4,6,1000,0.19749354434705702
baseline32,hellinger__baseline32__a2,D40_noise0.30,0.21122410345196913,0.14591544481629326,hellinger,2,7,1000,0.21246068183842537
baseline32,kl__baseline32__a2,D40_noise0.30,0.21050798104211027,0.14304614248681916,kl,2,7,1000,0.2119239683806165
baseline32,chisq__baseline32__a2,D40_noise0.30,0.21122708391099884,0.14605364513882732,chisq,2,7,1000,0.2131842607244159
baseline32,js__baseline32__a2,D40_noise0.30,0.21200253435327832,0.14964391658911663,js,2,7,1000,0.2136045974372013
baseline32,hellinger__baseline32__a1,D40_noise0.30,0.2134125739333747,0.15420644488507051,hellinger,1,7,1000,0.2133531971930508
baseline32,hellinger__baseline32__a3,D40_noise0.30,0.20989744460216034,0.14172486359928904,hellinger,3,7,1000,0.21082238980248902
baseline32,hellinger__baseline32__a4,D40_noise0.30,0.20917497675408558,0.13906894674848413,hellinger,4,7,1000,0.21044078688881757
wide64,hellinger__wide64__a1,D40_noise0.30,0.21691219911748935,0.16384814653726099,hellinger,1,7,1000,0.22418321454628154
wide64,hellinger__wide64__a2,D40_noise0.30,0.2157345123717985,0.1595526796395149,hellinger,2,7,1000,0.22351859390957962
wide64,hellinger__wide64__a3,D40_noise0.30,0.21286560427828427,0.14919448129597296,hellinger,3,7,1000,0.22039875564908085
wide64,hellinger__wide64__a4,D40_noise0.30,0.21157249204419828,0.14480273865971405,hellinger,4,7,1000,0.2192164697881733
deep64,hellinger__deep64__a1,D40_noise0.30,0.2143722755961075,0.15581801007654328,hellinger,1,7,1000,0.2216808543993038
deep64,hellinger__deep64__a2,D40_noise0.30,0.21557846296924538,0.1593823460631026,hellinger,2,7,1000,0.22350982978452644
deep64,hellinger__deep64__a3,D40_noise0.30,0.21423898269681796,0.15507881103884164,hellinger,3,7,1000,0.22148712989971103
deep64,hellinger__deep64__a4,D40_noise0.30,0.21258069023286674,0.14893997764387074,hellinger,4,7,1000,0.21985091314564112
residual64,hellinger__residual64__a1,D40_noise0.30,0.21626079563151718,0.16062609630268998,hellinger,1,7,1000,0.225818542630235
residual64,hellinger__residual64__a2,D40_noise0.30,0.21559190801594655,0.15758643490127866,hellinger,2,7,1000,0.22566364285598012
residual64,hellinger__residual64__a3,D40_noise0.30,0.21315552159772094,0.1496548813736188,hellinger,3,7,1000,0.22314847715837
residual64,hellinger__residual64__a4,D40_noise0.30,0.2131959363323645,0.14938242113471117,hellinger,4,7,1000,0.22291099265038145
bottleneck8_residual64,hellinger__bottleneck8_residual64__a1,D40_noise0.30,0.20168338420631904,0.10565518177914571,hellinger,1,7,1000,0.21214457572343642
bottleneck8_residual64,hellinger__bottleneck8_residual64__a2,D40_noise0.30,0.19464700366451843,0.0781108624539594,hellinger,2,7,1000,0.2054548769993648
bottleneck8_residual64,hellinger__bottleneck8_residual64__a3,D40_noise0.30,0.19556181822703567,0.082088457234717,hellinger,3,7,1000,0.20645709063748513
bottleneck8_residual64,hellinger__bottleneck8_residual64__a4,D40_noise0.30,0.19582296403319155,0.08309668813587734,hellinger,4,7,1000,0.20624775772395926
baseline32,hellinger__baseline32__a2,D40_noise0.30,0.20676963626538286,0.1371832286582283,hellinger,2,8,1000,0.20586339211822538
baseline32,kl__baseline32__a2,D40_noise0.30,0.2053227439796348,0.13098119276568587,kl,2,8,1000,0.20430317667849118
baseline32,chisq__baseline32__a2,D40_noise0.30,0.20526947704175302,0.13004982176469657,chisq,2,8,1000,0.2040180206929776
baseline32,js__baseline32__a2,D40_noise0.30,0.2053103743211545,0.13043662015109694,js,2,8,1000,0.20387913371670663
baseline32,hellinger__baseline32__a1,D40_noise0.30,0.21000799831379496,0.1507574956111066,hellinger,1,8,1000,0.20852563898819676
baseline32,hellinger__baseline32__a3,D40_noise0.30,0.20530483629421248,0.13127781896603433,hellinger,3,8,1000,0.20421755992894597
baseline32,hellinger__baseline32__a4,D40_noise0.30,0.20391027057662497,0.12504068702021148,hellinger,4,8,1000,0.20367141637282604
wide64,hellinger__wide64__a1,D40_noise0.30,0.20947805396406932,0.14464163401260094,hellinger,1,8,1000,0.20716459273812513
wide64,hellinger__wide64__a2,D40_noise0.30,0.20823557686699892,0.1396046038523996,hellinger,2,8,1000,0.2051290800947338
wide64,hellinger__wide64__a3,D40_noise0.30,0.20762895948559573,0.13684185652554537,hellinger,3,8,1000,0.20447480319425843
wide64,hellinger__wide64__a4,D40_noise0.30,0.20644598103342718,0.13200463364445336,hellinger,4,8,1000,0.203940228105339
deep64,hellinger__deep64__a1,D40_noise0.30,0.2084220576104001,0.14294256160196908,hellinger,1,8,1000,0.2108032308026032
deep64,hellinger__deep64__a2,D40_noise0.30,0.20623511081095808,0.1347471820362129,hellinger,2,8,1000,0.2053457821879261
deep64,hellinger__deep64__a3,D40_noise0.30,0.20430150828332302,0.1269293395886046,hellinger,3,8,1000,0.20293348573648023
deep64,hellinger__deep64__a4,D40_noise0.30,0.20536829409557295,0.1319737400254945,hellinger,4,8,1000,0.2045670846360033
residual64,hellinger__residual64__a1,D40_noise0.30,0.20977280391163383,0.14702131342060215,hellinger,1,8,1000,0.20464824863007766
residual64,hellinger__residual64__a2,D40_noise0.30,0.2070327690278161,0.13539918257452904,hellinger,2,8,1000,0.2028507718395269
residual64,hellinger__residual64__a3,D40_noise0.30,0.20689647526884763,0.1347916429705454,hellinger,3,8,1000,0.2033446327072494
residual64,hellinger__residual64__a4,D40_noise0.30,0.20739430409714724,0.13624592347371156,hellinger,4,8,1000,0.20339692952055544
bottleneck8_residual64,hellinger__bottleneck8_residual64__a1,D40_noise0.30,0.2042797355537419,0.1233673943676831,hellinger,1,8,1000,0.20500783177083995
bottleneck8_residual64,hellinger__bottleneck8_residual64__a2,D40_noise0.30,0.20397219973204095,0.12213883189047652,hellinger,2,8,1000,0.20580043415357732
bottleneck8_residual64,hellinger__bottleneck8_residual64__a3,D40_noise0.30,0.20437316857128357,0.12358954445066678,hellinger,3,8,1000,0.20641676785743984
bottleneck8_residual64,hellinger__bottleneck8_residual64__a4,D40_noise0.30,0.20482446846831207,0.12557458155992343,hellinger,4,8,1000,0.20732588264192925
baseline32,hellinger__baseline32__a2,D40_noise0.30,0.2063118516188798,0.1322496275074785,hellinger,2,9,1000,0.19417582261694666
baseline32,kl__baseline32__a2,D40_noise0.30,0.20448130102009784,0.1247786190121352,kl,2,9,1000,0.19292964964863202
baseline32,chisq__baseline32__a2,D40_noise0.30,0.20637575847768536,0.13099924406074892,chisq,2,9,1000,0.19414096556252966
baseline32,js__baseline32__a2,D40_noise0.30,0.2062231858716021,0.13083471100983268,js,2,9,1000,0.1928173735253032
baseline32,hellinger__baseline32__a1,D40_noise0.30,0.20772942144482487,0.13882056641564156,hellinger,1,9,1000,0.19440618288546865
baseline32,hellinger__baseline32__a3,D40_noise0.30,0.20548618816671294,0.1290096502599366,hellinger,3,9,1000,0.1944756742656643
baseline32,hellinger__baseline32__a4,D40_noise0.30,0.2044631979487903,0.12470755579170104,hellinger,4,9,1000,0.1925209577310384
wide64,hellinger__wide64__a1,D40_noise0.30,0.21456099028608727,0.16365985305441197,hellinger,1,9,1000,0.19720198648980497
wide64,hellinger__wide64__a2,D40_noise0.30,0.21138735837692843,0.15160887083314145,hellinger,2,9,1000,0.19543419131697176
wide64,hellinger__wide64__a3,D40_noise0.30,0.2091774994346855,0.14211681925328823,hellinger,3,9,1000,0.19485908470847324
wide64,hellinger__wide64__a4,D40_noise0.30,0.20795610814400511,0.13760666680035483,hellinger,4,9,1000,0.1939061678420942
deep64,hellinger__deep64__a1,D40_noise0.30,0.2052107282692783,0.12788866414448646,hellinger,1,9,1000,0.19531143202060633
deep64,hellinger__deep64__a2,D40_noise0.30,0.2052155794120454,0.12794664013648954,hellinger,2,9,1000,0.19562007036529047
deep64,hellinger__deep64__a3,D40_noise0.30,0.20491711974610685,0.12737556372289924,hellinger,3,9,1000,0.19553147923648959
deep64,hellinger__deep64__a4,D40_noise0.30,0.20451192474933652,0.12597878299828877,hellinger,4,9,1000,0.19532776776630767
residual64,hellinger__residual64__a1,D40_noise0.30,0.2066709506053825,0.13310068888258333,hellinger,1,9,1000,0.19481302988578209
residual64,hellinger__residual64__a2,D40_noise0.30,0.20614165686538835,0.13062715334059835,hellinger,2,9,1000,0.195053098850554
residual64,hellinger__residual64__a3,D40_noise0.30,0.20661377717655954,0.1327943138757564,hellinger,3,9,1000,0.19612472579777157
residual64,hellinger__residual64__a4,D40_noise0.30,0.20681165945852037,0.1336760384858789,hellinger,4,9,1000,0.1969628713335071
bottleneck8_residual64,hellinger__bottleneck8_residual64__a1,D40_noise0.30,0.1977476411460382,0.0961427862165398,hellinger,1,9,1000,0.18818042993313833
bottleneck8_residual64,hellinger__bottleneck8_residual64__a2,D40_noise0.30,0.1973276857977509,0.09472107483062474,hellinger,2,9,1000,0.18830906343263512
bottleneck8_residual64,hellinger__bottleneck8_residual64__a3,D40_noise0.30,0.19504627132299818,0.08552479893193785,hellinger,3,9,1000,0.18379865284698918
bottleneck8_residual64,hellinger__bottleneck8_residual64__a4,D40_noise0.30,0.19592583059718013,0.0884037518162448,hellinger,4,9,1000,0.1872888936205861
baseline32,hellinger__baseline32__a2,D100_noise0.30,0.2161092991623968,0.1703276149796999,hellinger,2,0,1000,0.20769582842044987
baseline32,kl__baseline32__a2,D100_noise0.30,0.21553327643074666,0.16788867497735524,kl,2,0,1000,0.20650561206462204
baseline32,chisq__baseline32__a2,D100_noise0.30,0.21492876786482606,0.16429762493208,chisq,2,0,1000,0.20560678381518877
baseline32,js__baseline32__a2,D100_noise0.30,0.2153883369880315,0.16643610995981056,js,2,0,1000,0.20537673341229695
baseline32,hellinger__baseline32__a1,D100_noise0.30,0.2197548757746185,0.18483758801473862,hellinger,1,0,1000,0.2091564751677309
baseline32,hellinger__baseline32__a3,D100_noise0.30,0.21373350380772763,0.1603505256165688,hellinger,3,0,1000,0.20521223626348292
baseline32,hellinger__baseline32__a4,D100_noise0.30,0.21306084904787806,0.1574132769706989,hellinger,4,0,1000,0.20513568056770834
wide64,hellinger__wide64__a1,D100_noise0.30,0.21682474646050132,0.17117925544297302,hellinger,1,0,1000,0.20740809940386953
wide64,hellinger__wide64__a2,D100_noise0.30,0.21709533582842938,0.1716694663049331,hellinger,2,0,1000,0.20632313799542315
wide64,hellinger__wide64__a3,D100_noise0.30,0.2145071794580315,0.1617328073890592,hellinger,3,0,1000,0.20514912936126342
wide64,hellinger__wide64__a4,D100_noise0.30,0.21319081527803027,0.15542762351349812,hellinger,4,0,1000,0.20442774245518985
deep64,hellinger__deep64__a1,D100_noise0.30,0.21912296566046377,0.18096330068660474,hellinger,1,0,1000,0.21036274828492096
deep64,hellinger__deep64__a2,D100_noise0.30,0.21840331691375114,0.17920951506683272,hellinger,2,0,1000,0.20793649961104432
deep64,hellinger__deep64__a3,D100_noise0.30,0.2174332912979528,0.17689001210015914,hellinger,3,0,1000,0.20589339066647777
deep64,hellinger__deep64__a4,D100_noise0.30,0.21934750585046608,0.18512338139851486,hellinger,4,0,1000,0.20719847381252415
residual64,hellinger__residual64__a1,D100_noise0.30,0.2185482933055301,0.17764812900458393,hellinger,1,0,1000,0.2045396129220934
residual64,hellinger__residual64__a2,D100_noise0.30,0.2142098313227882,0.16132428859641418,hellinger,2,0,1000,0.20037451864671796
residual64,hellinger__residual64__a3,D100_noise0.30,0.2124067685089826,0.15384039543615133,hellinger,3,0,1000,0.20039510567947943
residual64,hellinger__residual64__a4,D100_noise0.30,0.21159938206090856,0.15214263420342436,hellinger,4,0,1000,0.1993410723383
bottleneck8_residual64,hellinger__bottleneck8_residual64__a1,D100_noise0.30,0.20416157392238105,0.12329938672860387,hellinger,1,0,1000,0.19877516434677206
bottleneck8_residual64,hellinger__bottleneck8_residual64__a2,D100_noise0.30,0.20085578812596627,0.11049923419725317,hellinger,2,0,1000,0.19730005253067
bottleneck8_residual64,hellinger__bottleneck8_residual64__a3,D100_noise0.30,0.2008716975186749,0.11085467780744544,hellinger,3,0,1000,0.19755780172383
bottleneck8_residual64,hellinger__bottleneck8_residual64__a4,D100_noise0.30,0.19929281047197966,0.10597027941749472,hellinger,4,0,1000,0.1951708302078023
baseline32,hellinger__baseline32__a2,D100_noise0.30,0.21616555231871895,0.16299842811976117,hellinger,2,1,1000,0.223880268280647
baseline32,kl__baseline32__a2,D100_noise0.30,0.21621675326897655,0.1632919871997039,kl,2,1,1000,0.22360382120374017
baseline32,chisq__baseline32__a2,D100_noise0.30,0.2161269262670789,0.16276491577677651,chisq,2,1,1000,0.22263936901619022
baseline32,js__baseline32__a2,D100_noise0.30,0.21547905578388843,0.1598625795759478,js,2,1,1000,0.22166695884047283
baseline32,hellinger__baseline32__a1,D100_noise0.30,0.21910310849813996,0.17431316753638781,hellinger,1,1,1000,0.2256134399233039
baseline32,hellinger__baseline32__a3,D100_noise0.30,0.2138303170932144,0.1536781585994479,hellinger,3,1,1000,0.22252479913373616
baseline32,hellinger__baseline32__a4,D100_noise0.30,0.21221258030357742,0.14728062051578872,hellinger,4,1,1000,0.22176627372034588
wide64,hellinger__wide64__a1,D100_noise0.30,0.22122203172632882,0.18256906557808358,hellinger,1,1,1000,0.22744274553150745
wide64,hellinger__wide64__a2,D100_noise0.30,0.21756018335928984,0.16837521469108838,hellinger,2,1,1000,0.2258528684128559
wide64,hellinger__wide64__a3,D100_noise0.30,0.21489979772472195,0.15795386040539253,hellinger,3,1,1000,0.22405381933568969
wide64,hellinger__wide64__a4,D100_noise0.30,0.21325274291542318,0.15088925327169217,hellinger,4,1,1000,0.22220878180116815
deep64,hellinger__deep64__a1,D100_noise0.30,0.22446414582191432,0.19450062718205532,hellinger,1,1,1000,0.2262325245158473
deep64,hellinger__deep64__a2,D100_noise0.30,0.22074475255586018,0.18014831271311943,hellinger,2,1,1000,0.22416463957401644
deep64,hellinger__deep64__a3,D100_noise0.30,0.2155931162428908,0.16038603351355624,hellinger,3,1,1000,0.22113529882384364
deep64,hellinger__deep64__a4,D100_noise0.30,0.21505470077860073,0.15827085440259997,hellinger,4,1,1000,0.22082861110190954
residual64,hellinger__residual64__a1,D100_noise0.30,0.21410971366545464,0.15401439607341313,hellinger,1,1,1000,0.22416989236727272
residual64,hellinger__residual64__a2,D100_noise0.30,0.21412105771452478,0.1536537408647907,hellinger,2,1,1000,0.22419369512172627
residual64,hellinger__residual64__a3,D100_noise0.30,0.21397175759761516,0.15280761401292636,hellinger,3,1,1000,0.22431537868284868
residual64,hellinger__residual64__a4,D100_noise0.30,0.21444004647732204,0.1548210730230971,hellinger,4,1,1000,0.2250206395523066
bottleneck8_residual64,hellinger__bottleneck8_residual64__a1,D100_noise0.30,0.20880863447655196,0.13344638093737343,hellinger,1,1,1000,0.21866634210084068
bottleneck8_residual64,hellinger__bottleneck8_residual64__a2,D100_noise0.30,0.20863472369742342,0.13264257046696903,hellinger,2,1,1000,0.2187659188025829
bottleneck8_residual64,hellinger__bottleneck8_residual64__a3,D100_noise0.30,0.20875376094461953,0.13284662869773642,hellinger,3,1,1000,0.21893441186278415
bottleneck8_residual64,hellinger__bottleneck8_residual64__a4,D100_noise0.30,0.2086728204161561,0.13262667353957558,hellinger,4,1,1000,0.21969273564677536
baseline32,hellinger__baseline32__a2,D100_noise0.30,0.21675059426439736,0.17102425415963907,hellinger,2,2,1000,0.210500345688177
baseline32,kl__baseline32__a2,D100_noise0.30,0.21627383046916177,0.16931251514911028,kl,2,2,1000,0.2102887608068445
baseline32,chisq__baseline32__a2,D100_noise0.30,0.21493844952708496,0.16356696125388823,chisq,2,2,1000,0.2103208270643579
baseline32,js__baseline32__a2,D100_noise0.30,0.21540348498617917,0.16542529152957197,js,2,2,1000,0.21053325358675384
baseline32,hellinger__baseline32__a1,D100_noise0.30,0.22080278854143787,0.188531396817409,hellinger,1,2,1000,0.21495885251319302
baseline32,hellinger__baseline32__a3,D100_noise0.30,0.21484940612832593,0.16303553449815408,hellinger,3,2,1000,0.21011621181979334
baseline32,hellinger__baseline32__a4,D100_noise0.30,0.21389353511330741,0.15836820360643028,hellinger,4,2,1000,0.21094977540105692
wide64,hellinger__wide64__a1,D100_noise0.30,0.22134030219875178,0.18957593260909578,hellinger,1,2,1000,0.22035359560309198
wide64,hellinger__wide64__a2,D100_noise0.30,0.21837086492047883,0.1771777810368395,hellinger,2,2,1000,0.21665110269786758
wide64,hellinger__wide64__a3,D100_noise0.30,0.2158551383766868,0.16657550580962427,hellinger,3,2,1000,0.21468842372748448
wide64,hellinger__wide64__a4,D100_noise0.30,0.21499793165939124,0.1625400760235507,hellinger,4,2,1000,0.21305788243678614
deep64,hellinger__deep64__a1,D100_noise0.30,0.22857115158390767,0.21676573822022474,hellinger,1,2,1000,0.22780762237754532
deep64,hellinger__deep64__a2,D100_noise0.30,0.22239386748121737,0.19142704909430625,hellinger,2,2,1000,0.2213065449812494
deep64,hellinger__deep64__a3,D100_noise0.30,0.22310441094741867,0.19190490223693152,hellinger,3,2,1000,0.22188785697488522
deep64,hellinger__deep64__a4,D100_noise0.30,0.2198385808369535,0.18026226246435312,hellinger,4,2,1000,0.21930237477930947
residual64,hellinger__residual64__a1,D100_noise0.30,0.21862877275802,0.17951085330718963,hellinger,1,2,1000,0.2168608039132756
residual64,hellinger__residual64__a2,D100_noise0.30,0.21603337811624873,0.1683398776108876,hellinger,2,2,1000,0.2143965804788468
residual64,hellinger__residual64__a3,D100_noise0.30,0.21454037485564142,0.16156399790248818,hellinger,3,2,1000,0.212871147818568
residual64,hellinger__residual64__a4,D100_noise0.30,0.2156816670640212,0.16568274414916515,hellinger,4,2,1000,0.21365626368357338
bottleneck8_residual64,hellinger__bottleneck8_residual64__a1,D100_noise0.30,0.21499337650737274,0.15482440225201663,hellinger,1,2,1000,0.21616388162747877
bottleneck8_residual64,hellinger__bottleneck8_residual64__a2,D100_noise0.30,0.2138184264835661,0.14964746958218594,hellinger,2,2,1000,0.2157623142139895
bottleneck8_residual64,hellinger__bottleneck8_residual64__a3,D100_noise0.30,0.21389548108162026,0.15106491102786213,hellinger,3,2,1000,0.21548754315385615
bottleneck8_residual64,hellinger__bottleneck8_residual64__a4,D100_noise0.30,0.2137534654916594,0.15099046058242702,hellinger,4,2,1000,0.21584428115755727
baseline32,hellinger__baseline32__a2,D100_noise0.30,0.21109467247571023,0.14784409840104631,hellinger,2,3,1000,0.21239140356318656
baseline32,kl__baseline32__a2,D100_noise0.30,0.2107583575755979,0.14632432788980357,kl,2,3,1000,0.21166688877772877
baseline32,chisq__baseline32__a2,D100_noise0.30,0.2112099924858676,0.14752191985255259,chisq,2,3,1000,0.2113969547319664
baseline32,js__baseline32__a2,D100_noise0.30,0.21088471517459145,0.14606442399625214,js,2,3,1000,0.21081046781755702
baseline32,hellinger__baseline32__a1,D100_noise0.30,0.21454241152478504,0.16169502255468365,hellinger,1,3,1000,0.2151713934770909
baseline32,hellinger__baseline32__a3,D100_noise0.30,0.20978195318922288,0.14289334056513953,hellinger,3,3,1000,0.21177503941239695
baseline32,hellinger__baseline32__a4,D100_noise0.30,0.2089995144601976,0.13985346302928825,hellinger,4,3,1000,0.21162057892067926
wide64,hellinger__wide64__a1,D100_noise0.30,0.21733088961605554,0.17299048432729613,hellinger,1,3,1000,0.21755335178090368
wide64,hellinger__wide64__a2,D100_noise0.30,0.21380001978257895,0.1596181992670322,hellinger,2,3,1000,0.2143785982868916
wide64,hellinger__wide64__a3,D100_noise0.30,0.21172411965641214,0.1510420826036813,hellinger,3,3,1000,0.21237654846791096
wide64,hellinger__wide64__a4,D100_noise0.30,0.21118979790694534,0.14897153738807023,hellinger,4,3,1000,0.21178205536100453
deep64,hellinger__deep64__a1,D100_noise0.30,0.21821525458452312,0.17500873688033278,hellinger,1,3,1000,0.21907220904352115
deep64,hellinger__deep64__a2,D100_noise0.30,0.21448153750797824,0.16055659672459552,hellinger,2,3,1000,0.21449367687261414
deep64,hellinger__deep64__a3,D100_noise0.30,0.21383784492668756,0.1587386204492843,hellinger,3,3,1000,0.21370691537979358
deep64,hellinger__deep64__a4,D100_noise0.30,0.21337464361348418,0.1559867118866065,hellinger,4,3,1000,0.21393362941701588
residual64,hellinger__residual64__a1,D100_noise0.30,0.22357014063647596,0.19480485996697805,hellinger,1,3,1000,0.2270438820447634
residual64,hellinger__residual64__a2,D100_noise0.30,0.21597522046294204,0.16660806635700656,hellinger,2,3,1000,0.21872762599648432
residual64,hellinger__residual64__a3,D100_noise0.30,0.21668039834659492,0.17027059012758855,hellinger,3,3,1000,0.21961690396072964
residual64,hellinger__residual64__a4,D100_noise0.30,0.21637697593264343,0.16961888288334973,hellinger,4,3,1000,0.21882601379762223
bottleneck8_residual64,hellinger__bottleneck8_residual64__a1,D100_noise0.30,0.21015283498884194,0.14397936698765215,hellinger,1,3,1000,0.20994195653296643
bottleneck8_residual64,hellinger__bottleneck8_residual64__a2,D100_noise0.30,0.20918899717037137,0.14025968525655325,hellinger,2,3,1000,0.2078644830530986
bottleneck8_residual64,hellinger__bottleneck8_residual64__a3,D100_noise0.30,0.20935321768473458,0.14037396193375504,hellinger,3,3,1000,0.20704465049681592
bottleneck8_residual64,hellinger__bottleneck8_residual64__a4,D100_noise0.30,0.20833955214132815,0.13534408182716345,hellinger,4,3,1000,0.20560778639957616
baseline32,hellinger__baseline32__a2,D100_noise0.30,0.22023659450415572,0.18498624544638118,hellinger,2,4,1000,0.21700348195553304
baseline32,kl__baseline32__a2,D100_noise0.30,0.21982105366638902,0.18354825145509782,kl,2,4,1000,0.2164145866063214
baseline32,chisq__baseline32__a2,D100_noise0.30,0.21984148186454677,0.18326806763061537,chisq,2,4,1000,0.21556432227106967
baseline32,js__baseline32__a2,D100_noise0.30,0.22020274280263946,0.1843700931163347,js,2,4,1000,0.21471491123580028
baseline32,hellinger__baseline32__a1,D100_noise0.30,0.22184622235129942,0.19124992625281956,hellinger,1,4,1000,0.21878626121383557
baseline32,hellinger__baseline32__a3,D100_noise0.30,0.21776958289466034,0.1754558052719294,hellinger,3,4,1000,0.2146740468710165
baseline32,hellinger__baseline32__a4,D100_noise0.30,0.21588596001693813,0.16781221203497693,hellinger,4,4,1000,0.21272752396254163
wide64,hellinger__wide64__a1,D100_noise0.30,0.21692602947032974,0.1724013435734024,hellinger,1,4,1000,0.21779170080247712
wide64,hellinger__wide64__a2,D100_noise0.30,0.21297997571882732,0.15697857537297036,hellinger,2,4,1000,0.21453799173249538
wide64,hellinger__wide64__a3,D100_noise0.30,0.2105432082438073,0.14764107433536575,hellinger,3,4,1000,0.2122180763342036
wide64,hellinger__wide64__a4,D100_noise0.30,0.20880322878265392,0.1407829951978098,hellinger,4,4,1000,0.21069973892992247
deep64,hellinger__deep64__a1,D100_noise0.30,0.2102759369792231,0.14647175887286723,hellinger,1,4,1000,0.21115413046452808
deep64,hellinger__deep64__a2,D100_noise0.30,0.2109647884550149,0.1490995669045903,hellinger,2,4,1000,0.2127230698187627
deep64,hellinger__deep64__a3,D100_noise0.30,0.2107286912732653,0.1479968933265422,hellinger,3,4,1000,0.21294263780883382
deep64,hellinger__deep64__a4,D100_noise0.30,0.21077624659855343,0.14845941225886278,hellinger,4,4,1000,0.212173219715019
residual64,hellinger__residual64__a1,D100_noise0.30,0.21234675217237686,0.15554136813653957,hellinger,1,4,1000,0.21294191714375693
residual64,hellinger__residual64__a2,D100_noise0.30,0.21093189419158453,0.14969216489413595,hellinger,2,4,1000,0.21089323451709652
residual64,hellinger__residual64__a3,D100_noise0.30,0.21192231173520132,0.1537689408569072,hellinger,3,4,1000,0.211554371831086
residual64,hellinger__residual64__a4,D100_noise0.30,0.2120307623618765,0.15439031541914708,hellinger,4,4,1000,0.2115015968655023
bottleneck8_residual64,hellinger__bottleneck8_residual64__a1,D100_noise0.30,0.20511853405531494,0.125000499623748,hellinger,1,4,1000,0.20097010291419884
bottleneck8_residual64,hellinger__bottleneck8_residual64__a2,D100_noise0.30,0.20299494461862996,0.1155195297647556,hellinger,2,4,1000,0.1983275938701864
bottleneck8_residual64,hellinger__bottleneck8_residual64__a3,D100_noise0.30,0.20298021104872616,0.11522257407132923,hellinger,3,4,1000,0.19764725039481493
bottleneck8_residual64,hellinger__bottleneck8_residual64__a4,D100_noise0.30,0.20330043844087947,0.11664972155069227,hellinger,4,4,1000,0.19737814886579585
baseline32,hellinger__baseline32__a2,D100_noise0.30,0.2140306110674054,0.16031339731274913,hellinger,2,5,1000,0.21425523249267014
baseline32,kl__baseline32__a2,D100_noise0.30,0.21335452457364637,0.15817727383220498,kl,2,5,1000,0.21370170470277844
baseline32,chisq__baseline32__a2,D100_noise0.30,0.21292532472190906,0.15551724384492532,chisq,2,5,1000,0.21243987525287314
baseline32,js__baseline32__a2,D100_noise0.30,0.21285057158720191,0.15529802962665584,js,2,5,1000,0.2124667793680961
baseline32,hellinger__baseline32__a1,D100_noise0.30,0.21631452811084873,0.16857291705106978,hellinger,1,5,1000,0.21675640968825052
baseline32,hellinger__baseline32__a3,D100_noise0.30,0.21280869527058954,0.1563895351667678,hellinger,3,5,1000,0.21324673938180522
baseline32,hellinger__baseline32__a4,D100_noise0.30,0.2118640384701945,0.15312806955675634,hellinger,4,5,1000,0.21285240107501233
wide64,hellinger__wide64__a1,D100_noise0.30,0.21664564407566334,0.17056106002341767,hellinger,1,5,1000,0.2169092716311009
wide64,hellinger__wide64__a2,D100_noise0.30,0.2140609257683772,0.16099412875319485,hellinger,2,5,1000,0.2155092447057131
wide64,hellinger__wide64__a3,D100_noise0.30,0.21208902105247476,0.15410793946290816,hellinger,3,5,1000,0.21421923806734416
wide64,hellinger__wide64__a4,D100_noise0.30,0.21062994296477988,0.1486779972953473,hellinger,4,5,1000,0.21305262624050447
deep64,hellinger__deep64__a1,D100_noise0.30,0.21269547362682947,0.15593018964200497,hellinger,1,5,1000,0.21501230507373323
deep64,hellinger__deep64__a2,D100_noise0.30,0.21032188638058896,0.14589053004643598,hellinger,2,5,1000,0.2121224790533282
deep64,hellinger__deep64__a3,D100_noise0.30,0.21059990398237174,0.14745868741401544,hellinger,3,5,1000,0.21278741202234813
deep64,hellinger__deep64__a4,D100_noise0.30,0.21040532699489695,0.1466410206142056,hellinger,4,5,1000,0.21292147372140074
residual64,hellinger__residual64__a1,D100_noise0.30,0.2110908262663615,0.14813897132817594,hellinger,1,5,1000,0.2108534777174201
residual64,hellinger__residual64__a2,D100_noise0.30,0.2101209886515615,0.14355673588056814,hellinger,2,5,1000,0.21042322389041718
residual64,hellinger__residual64__a3,D100_noise0.30,0.20983527870315677,0.141764314014286,hellinger,3,5,1000,0.21063801665101606
residual64,hellinger__residual64__a4,D100_noise0.30,0.2102511288687539,0.1426818207220964,hellinger,4,5,1000,0.2114207239255929
bottleneck8_residual64,hellinger__bottleneck8_residual64__a1,D100_noise0.30,0.20775034639859385,0.13216815437683646,hellinger,1,5,1000,0.2069582766677244
bottleneck8_residual64,hellinger__bottleneck8_residual64__a2,D100_noise0.30,0.2042734379137519,0.11863923671255061,hellinger,2,5,1000,0.20339184742291072
bottleneck8_residual64,hellinger__bottleneck8_residual64__a3,D100_noise0.30,0.2017287888877576,0.10865779579925532,hellinger,3,5,1000,0.20079075065980015
bottleneck8_residual64,hellinger__bottleneck8_residual64__a4,D100_noise0.30,0.20155500815984634,0.10762042094774046,hellinger,4,5,1000,0.20097202080696683
baseline32,hellinger__baseline32__a2,D100_noise0.30,0.21704069025987843,0.16626191473346505,hellinger,2,6,1000,0.21960886199243806
baseline32,kl__baseline32__a2,D100_noise0.30,0.21719793067413584,0.16705179223878458,kl,2,6,1000,0.21991960534509344
baseline32,chisq__baseline32__a2,D100_noise0.30,0.2166939680352996,0.16485325411902435,chisq,2,6,1000,0.22074521386192875
baseline32,js__baseline32__a2,D100_noise0.30,0.21677085491669432,0.16503146777784508,js,2,6,1000,0.2210951747902398
baseline32,hellinger__baseline32__a1,D100_noise0.30,0.21967252911248736,0.17714703631710413,hellinger,1,6,1000,0.2231995423675449
baseline32,hellinger__baseline32__a3,D100_noise0.30,0.2160880362704901,0.16184348443465535,hellinger,3,6,1000,0.21751678929577029
baseline32,hellinger__baseline32__a4,D100_noise0.30,0.21461196760499124,0.15543780718964018,hellinger,4,6,1000,0.21585461602388525
wide64,hellinger__wide64__a1,D100_noise0.30,0.2199516891134844,0.17652701154551848,hellinger,1,6,1000,0.22249608430401951
wide64,hellinger__wide64__a2,D100_noise0.30,0.2176461775637955,0.16642253165921156,hellinger,2,6,1000,0.21972800084135585
wide64,hellinger__wide64__a3,D100_noise0.30,0.21602202067300735,0.15924175271741786,hellinger,3,6,1000,0.21868792253618596
wide64,hellinger__wide64__a4,D100_noise0.30,0.21506290810491102,0.15523521974518426,hellinger,4,6,1000,0.21808044436293994
deep64,hellinger__deep64__a1,D100_noise0.30,0.21710167786954887,0.165475407781895,hellinger,1,6,1000,0.22067947032211585
deep64,hellinger__deep64__a2,D100_noise0.30,0.21722336890680183,0.16571571049302958,hellinger,2,6,1000,0.2206061475237699
deep64,hellinger__deep64__a3,D100_noise0.30,0.21405101215468658,0.15272389907649325,hellinger,3,6,1000,0.21661739659351414
deep64,hellinger__deep64__a4,D100_noise0.30,0.21319932400395383,0.14929701169881696,hellinger,4,6,1000,0.21560319932672728
residual64,hellinger__residual64__a1,D100_noise0.30,0.2156068643324923,0.15752050114674704,hellinger,1,6,1000,0.21679354172084825
residual64,hellinger__residual64__a2,D100_noise0.30,0.21500876512057776,0.15405320538169945,hellinger,2,6,1000,0.2158582396935791
residual64,hellinger__residual64__a3,D100_noise0.30,0.21561534156117557,0.15593539289700087,hellinger,3,6,1000,0.2164678603820982
residual64,hellinger__residual64__a4,D100_noise0.30,0.2150051832856477,0.15380942564077343,hellinger,4,6,1000,0.21484068150920577
bottleneck8_residual64,hellinger__bottleneck8_residual64__a1,D100_noise0.30,0.213885222141941,0.152548651100946,hellinger,1,6,1000,0.21650404982224614
bottleneck8_residual64,hellinger__bottleneck8_residual64__a2,D100_noise0.30,0.21182456368614377,0.1446087407618428,hellinger,2,6,1000,0.21445368455364072
bottleneck8_residual64,hellinger__bottleneck8_residual64__a3,D100_noise0.30,0.21016529281240615,0.13809958283912982,hellinger,3,6,1000,0.2133318586117014
bottleneck8_residual64,hellinger__bottleneck8_residual64__a4,D100_noise0.30,0.20896917564690654,0.13360187977745228,hellinger,4,6,1000,0.2115996240747958
baseline32,hellinger__baseline32__a2,D100_noise0.30,0.2174881146102908,0.16970740308144694,hellinger,2,7,1000,0.21685959354332668
baseline32,kl__baseline32__a2,D100_noise0.30,0.21744415008804738,0.1699623504131472,kl,2,7,1000,0.216647233878424
baseline32,chisq__baseline32__a2,D100_noise0.30,0.21838838465857335,0.17478280599960705,chisq,2,7,1000,0.21698926450684636
baseline32,js__baseline32__a2,D100_noise0.30,0.21792336236919857,0.17334257294475788,js,2,7,1000,0.2167085818053191
baseline32,hellinger__baseline32__a1,D100_noise0.30,0.22146543351581072,0.18695990669249124,hellinger,1,7,1000,0.22083165647119224
baseline32,hellinger__baseline32__a3,D100_noise0.30,0.2149211589317605,0.15815851684753168,hellinger,3,7,1000,0.2130798486743698
baseline32,hellinger__baseline32__a4,D100_noise0.30,0.21414930164785398,0.15379145444851258,hellinger,4,7,1000,0.21174465361295772
wide64,hellinger__wide64__a1,D100_noise0.30,0.2148537191415702,0.15646355804898593,hellinger,1,7,1000,0.21390534186313206
wide64,hellinger__wide64__a2,D100_noise0.30,0.21257937243755165,0.1457649951057491,hellinger,2,7,1000,0.21079438011632395
wide64,hellinger__wide64__a3,D100_noise0.30,0.21161935349129685,0.1410691694656964,hellinger,3,7,1000,0.2094166999657378
wide64,hellinger__wide64__a4,D100_noise0.30,0.211085303090879,0.13829418500105162,hellinger,4,7,1000,0.20834547212339763
deep64,hellinger__deep64__a1,D100_noise0.30,0.21988296127899604,0.17911914294115944,hellinger,1,7,1000,0.21831635082926185
deep64,hellinger__deep64__a2,D100_noise0.30,0.21940014796634533,0.17512292456684744,hellinger,2,7,1000,0.21662278876464486
deep64,hellinger__deep64__a3,D100_noise0.30,0.21582703944879256,0.15960748819451995,hellinger,3,7,1000,0.21336000273784478
deep64,hellinger__deep64__a4,D100_noise0.30,0.21633480755173634,0.16142382285354961,hellinger,4,7,1000,0.21307957620075874
residual64,hellinger__residual64__a1,D100_noise0.30,0.21476382573555444,0.15500109584638205,hellinger,1,7,1000,0.20994635408276
residual64,hellinger__residual64__a2,D100_noise0.30,0.21251934311753273,0.14520173485173382,hellinger,2,7,1000,0.20627520615071482
residual64,hellinger__residual64__a3,D100_noise0.30,0.21258523948038122,0.1455593497690486,hellinger,3,7,1000,0.2062580553493171
residual64,hellinger__residual64__a4,D100_noise0.30,0.2129965592689665,0.14669138880635835,hellinger,4,7,1000,0.20605400964569554
bottleneck8_residual64,hellinger__bottleneck8_residual64__a1,D100_noise0.30,0.2133607353317234,0.15244941818313473,hellinger,1,7,1000,0.2065611833681291
bottleneck8_residual64,hellinger__bottleneck8_residual64__a2,D100_noise0.30,0.21253114859580663,0.14900635359410552,hellinger,2,7,1000,0.20519889407414602
bottleneck8_residual64,hellinger__bottleneck8_residual64__a3,D100_noise0.30,0.21192588337048396,0.14690447352298694,hellinger,3,7,1000,0.2041197957208949
bottleneck8_residual64,hellinger__bottleneck8_residual64__a4,D100_noise0.30,0.21206274800276587,0.1468928039490253,hellinger,4,7,1000,0.203295777471372
baseline32,hellinger__baseline32__a2,D100_noise0.30,0.2189892296097733,0.1688586459323931,hellinger,2,8,1000,0.22026964609455957
baseline32,kl__baseline32__a2,D100_noise0.30,0.21853039598389995,0.16722702059864974,kl,2,8,1000,0.21960243637343216
baseline32,chisq__baseline32__a2,D100_noise0.30,0.21910652866797176,0.16941223111902182,chisq,2,8,1000,0.21981398782502332
baseline32,js__baseline32__a2,D100_noise0.30,0.21869403281369315,0.16781719414669977,js,2,8,1000,0.2199084543346957
baseline32,hellinger__baseline32__a1,D100_noise0.30,0.22230827982561474,0.18207376417533286,hellinger,1,8,1000,0.22332154062054207
baseline32,hellinger__baseline32__a3,D100_noise0.30,0.21654221297587747,0.15902116513791398,hellinger,3,8,1000,0.21803922016956923
baseline32,hellinger__baseline32__a4,D100_noise0.30,0.21507303760226704,0.1527721792565108,hellinger,4,8,1000,0.2168083984897277
wide64,hellinger__wide64__a1,D100_noise0.30,0.22113427590487167,0.17753863506865705,hellinger,1,8,1000,0.2243089008863498
wide64,hellinger__wide64__a2,D100_noise0.30,0.2180081800638629,0.16540952162230693,hellinger,2,8,1000,0.22116743790058357
wide64,hellinger__wide64__a3,D100_noise0.30,0.21646355687105345,0.1580607985081199,hellinger,3,8,1000,0.22078026425254066
wide64,hellinger__wide64__a4,D100_noise0.30,0.21468704667958663,0.15046776100231118,hellinger,4,8,1000,0.217558707377477
deep64,hellinger__deep64__a1,D100_noise0.30,0.22396174694264115,0.18824081432281026,hellinger,1,8,1000,0.22585835273520316
deep64,hellinger__deep64__a2,D100_noise0.30,0.22073234093702981,0.1746746826356483,hellinger,2,8,1000,0.2223052238116151
deep64,hellinger__deep64__a3,D100_noise0.30,0.2191100197671078,0.1674665142457723,hellinger,3,8,1000,0.2198927244082087
deep64,hellinger__deep64__a4,D100_noise0.30,0.21868735005293474,0.16439120624453718,hellinger,4,8,1000,0.2190957909996431
residual64,hellinger__residual64__a1,D100_noise0.30,0.2159035426472094,0.15660742906879316,hellinger,1,8,1000,0.21690458415843233
residual64,hellinger__residual64__a2,D100_noise0.30,0.21482516315247946,0.15199098119969517,hellinger,2,8,1000,0.21392992496386887
residual64,hellinger__residual64__a3,D100_noise0.30,0.215107173128193,0.15333284139381612,hellinger,3,8,1000,0.2141697915985231
residual64,hellinger__residual64__a4,D100_noise0.30,0.21524013532985453,0.1535187688488124,hellinger,4,8,1000,0.21347821076477597
bottleneck8_residual64,hellinger__bottleneck8_residual64__a1,D100_noise0.30,0.21838028508524188,0.1677639468848688,hellinger,1,8,1000,0.21804584705615698
bottleneck8_residual64,hellinger__bottleneck8_residual64__a2,D100_noise0.30,0.21612794489564804,0.1575673486236378,hellinger,2,8,1000,0.21358305438451036
bottleneck8_residual64,hellinger__bottleneck8_residual64__a3,D100_noise0.30,0.21411068119545318,0.14904245383724,hellinger,3,8,1000,0.2102897890598867
bottleneck8_residual64,hellinger__bottleneck8_residual64__a4,D100_noise0.30,0.21361986237985137,0.1464347636921306,hellinger,4,8,1000,0.20863589571088298
baseline32,hellinger__baseline32__a2,D100_noise0.30,0.21915772539518621,0.1817398610810607,hellinger,2,9,1000,0.2122957782848498
baseline32,kl__baseline32__a2,D100_noise0.30,0.21844563236327563,0.1787019082324802,kl,2,9,1000,0.21148037045188672
baseline32,chisq__baseline32__a2,D100_noise0.30,0.21573108820053843,0.1683764833761244,chisq,2,9,1000,0.21066547726165277
baseline32,js__baseline32__a2,D100_noise0.30,0.2165918562802963,0.17212278328049113,js,2,9,1000,0.21110751598447575
baseline32,hellinger__baseline32__a1,D100_noise0.30,0.22092054254480478,0.18975786103763073,hellinger,1,9,1000,0.21476489641280733
baseline32,hellinger__baseline32__a3,D100_noise0.30,0.21486608249565395,0.16444799344261474,hellinger,3,9,1000,0.20595225054979777
baseline32,hellinger__baseline32__a4,D100_noise0.30,0.21306419474914284,0.15786728592817179,hellinger,4,9,1000,0.20346253102383777
wide64,hellinger__wide64__a1,D100_noise0.30,0.21789759123437552,0.17947697034184182,hellinger,1,9,1000,0.213453978207195
wide64,hellinger__wide64__a2,D100_noise0.30,0.2166851007965075,0.17438138155235022,hellinger,2,9,1000,0.21071954236174373
wide64,hellinger__wide64__a3,D100_noise0.30,0.21481688226675894,0.1665488593855497,hellinger,3,9,1000,0.20834516951303467
wide64,hellinger__wide64__a4,D100_noise0.30,0.2143611150413357,0.16473447124402577,hellinger,4,9,1000,0.20721496368051995
deep64,hellinger__deep64__a1,D100_noise0.30,0.22298162734853988,0.19751504707867543,hellinger,1,9,1000,0.22216879217298202
deep64,hellinger__deep64__a2,D100_noise0.30,0.22255350382402816,0.19608363890573674,hellinger,2,9,1000,0.22141965679073533
deep64,hellinger__deep64__a3,D100_noise0.30,0.2222207617243428,0.19500205501528048,hellinger,3,9,1000,0.22096287162454892
deep64,hellinger__deep64__a4,D100_noise0.30,0.22190681885560323,0.19380047986820526,hellinger,4,9,1000,0.2202452038756474
residual64,hellinger__residual64__a1,D100_noise0.30,0.2353541365534458,0.2418833725347838,hellinger,1,9,1000,0.2260721651262262
residual64,hellinger__residual64__a2,D100_noise0.30,0.21736651130185433,0.17226672618365935,hellinger,2,9,1000,0.21131916441451695
residual64,hellinger__residual64__a3,D100_noise0.30,0.2174115150971926,0.17175228957185698,hellinger,3,9,1000,0.21107730721735124
residual64,hellinger__residual64__a4,D100_noise0.30,0.21736432396672245,0.17130044327389743,hellinger,4,9,1000,0.21017497019194314
bottleneck8_residual64,hellinger__bottleneck8_residual64__a1,D100_noise0.30,0.21476197934691596,0.1623969017312333,hellinger,1,9,1000,0.21010499745664307
bottleneck8_residual64,hellinger__bottleneck8_residual64__a2,D100_noise0.30,0.21204981149600996,0.15161661996179082,hellinger,2,9,1000,0.20742256952254856
bottleneck8_residual64,hellinger__bottleneck8_residual64__a3,D100_noise0.30,0.21175001152084655,0.1498850385849388,hellinger,3,9,1000,0.20705330479674103
bottleneck8_residual64,hellinger__bottleneck8_residual64__a4,D100_noise0.30,0.2108020633946822,0.1454265262410977,hellinger,4,9,1000,0.20584535596657783
