representation,branch,candidate,repeat,brier,local_gap,supported_mass,middle_mass,middle_supported_mass,middle_supported_fraction,middle_local_gap,c2_distance,c2_width,whole_test_brier,evaluation_brier,alpha,architecture,best_epoch,best_epoch_at_boundary,bins,bn_freeze_affine,bn_freeze_epoch,device,earlystop_brier,effective_onecycle_pct_start,epochs,fit_seconds,gpu,loss,maximum_gap,middle_c2_distance,middle_maximum_gap,middle_signed_gap,n_cal_p,n_cal_q,n_eval_p,n_eval_q,numerical_gradient_mode,optimizer,output_alpha,parameter_count,reached_max_epochs,restored_earlystop_brier,scheduled_initial_lr,scheduler,seed_initialization,seed_order_p,seed_order_q,signed_gap,stopping_reason,task_index,train_diagnostic_p,train_diagnostic_q,train_p_per_epoch,train_q_per_epoch,training_diagnostic_scope,unsupported_mass
feature,lower,baseline_hellinger_a0p5,0,0.026187287984932014,0.022300485424096555,1.0,0.015630458153320606,0.015630458153320606,1.0,0.13248470468397908,0.004490302525542054,0.07693264782285039,,,0.05,baseline,9,False,20,False,,cuda,0.026601330078099818,,14,72.58040421502665,NVIDIA RTX A5000,hellinger,0.3825005472310259,0.0,0.2834317314057603,0.13248470468397908,9935,10000,9953,10000,scaled_hellinger_float64_norm,AdamW,0.5,1574913,False,0.026601330078099818,0.0005,ReduceLROnPlateau_earlystop_Brier,2026092902,2026092903,2026092904,0.003884510041170283,patience,0,2048,2048,122984,120000,fixed_training_subset_eval_mode,0.0
feature,lower,baseline_hellinger_a1,0,0.02330205325058287,0.01900338957918377,1.0,0.011775027629860345,0.011775027629860345,1.0,0.08658143717445105,0.007056369615793482,0.0711329101991198,,,0.05,baseline,24,False,20,False,,cuda,0.024715777196635896,,29,151.27996161812916,NVIDIA RTX A5000,hellinger,0.49929581936277245,0.0,0.21003494603175465,0.02957294384465858,9935,10000,9953,10000,scaled_hellinger_float64_norm,AdamW,1,1574913,False,0.024715777196635896,0.0005,ReduceLROnPlateau_earlystop_Brier,2026092902,2026092903,2026092904,-0.014223821976758696,patience,1,2048,2048,122984,120000,fixed_training_subset_eval_mode,0.0
feature,lower,baseline_hellinger_a2,0,0.02733569038552902,0.018344228588134275,1.0,0.019243444187682104,0.019243444187682104,1.0,0.037425741352011065,0.004095672422601601,0.08164995737006775,,,0.05,baseline,7,False,20,False,,cuda,0.027087433845031903,,12,62.916646719910204,NVIDIA RTX A5000,hellinger,0.14078262570123434,0.0,0.052356870841434255,0.0070520269199131685,9935,10000,9953,10000,scaled_hellinger_float64_norm,AdamW,2,1574913,False,0.027087433845031903,0.0005,ReduceLROnPlateau_earlystop_Brier,2026092902,2026092903,2026092904,-0.01748832313680084,patience,2,2048,2048,122984,120000,fixed_training_subset_eval_mode,0.0
feature,lower,baseline_hellinger_a4,0,0.023930295448541163,0.03342147205742595,0.9999999999999999,0.009571013764694063,0.009571013764694063,1.0,0.21207582598857241,0.014852556407045227,0.06826721155432036,,,0.05,baseline,18,False,20,False,,cuda,0.025906848406249024,,23,122.06719445995986,NVIDIA RTX A5000,hellinger,0.3674066255580113,0.0,0.31281098572130106,0.11245023081056646,9935,10000,9953,10000,scaled_hellinger_float64_norm,AdamW,4,1574913,False,0.025906848406249024,0.0005,ReduceLROnPlateau_earlystop_Brier,2026092902,2026092903,2026092904,0.0012165469703630286,patience,3,2048,2048,122984,120000,fixed_training_subset_eval_mode,0.0
feature,lower,baseline_kl_a0p5,0,0.021739328823557724,0.02569712780661706,1.0,0.010023138752135036,0.010023138752135036,1.0,0.21862563178603317,0.007686292093969413,0.0706862070684972,,,0.05,baseline,6,False,20,False,,cuda,0.023827648156931835,,11,54.87409257888794,NVIDIA RTX A5000,kl,0.3444640483142083,0.0,0.29877656923921847,-0.15248515476007524,9935,10000,9953,10000,scaled_hellinger_float64_norm,AdamW,0.5,1574913,False,0.023827648156931835,0.0005,ReduceLROnPlateau_earlystop_Brier,2026092902,2026092903,2026092904,-0.008321006462761005,patience,4,2048,2048,122984,120000,fixed_training_subset_eval_mode,0.0
feature,lower,baseline_kl_a1,0,0.02248359935161772,0.02100023156435244,1.0,0.01262361097156636,0.01262361097156636,1.0,0.13131417092719927,0.006637102625408916,0.07127008988254377,,,0.05,baseline,5,False,20,False,,cuda,0.023515907313718595,,10,50.1824636682868,NVIDIA RTX A5000,kl,0.2889805842087969,0.0,0.2889805842087969,0.12229801486299799,9935,10000,9953,10000,scaled_hellinger_float64_norm,AdamW,1,1574913,False,0.023515907313718595,0.0005,ReduceLROnPlateau_earlystop_Brier,2026092902,2026092903,2026092904,0.0051025989660408565,patience,5,2048,2048,122984,120000,fixed_training_subset_eval_mode,0.0
feature,lower,baseline_kl_a2,0,0.02296604607406902,0.026078298775175368,1.0,0.0094207776549784,0.0094207776549784,1.0,0.0865736958845046,0.011098754908845852,0.06783031008427841,,,0.05,baseline,11,False,20,False,,cuda,0.023386094223930315,,16,80.10835161805153,NVIDIA RTX A5000,kl,0.31678805881437533,0.0,0.21043152042292268,-0.017853203040394675,9935,10000,9953,10000,scaled_hellinger_float64_norm,AdamW,2,1574913,False,0.023386094223930315,0.0005,ReduceLROnPlateau_earlystop_Brier,2026092902,2026092903,2026092904,-0.002208430664690884,patience,6,2048,2048,122984,120000,fixed_training_subset_eval_mode,0.0
feature,lower,baseline_kl_a4,0,0.0223744563679574,0.020294612110737627,1.0,0.011727860946448308,0.011727860946448308,1.0,0.08063593994525543,0.005095136183552116,0.07286462747597293,,,0.05,baseline,7,False,20,False,,cuda,0.02375815980441578,,12,59.39599816594273,NVIDIA RTX A5000,kl,0.31533249193674473,0.0,0.1830036804508911,0.018920382489368084,9935,10000,9953,10000,scaled_hellinger_float64_norm,AdamW,4,1574913,False,0.02375815980441578,0.0005,ReduceLROnPlateau_earlystop_Brier,2026092902,2026092903,2026092904,-0.004012995354019718,patience,7,2048,2048,122984,120000,fixed_training_subset_eval_mode,0.0
feature,lower,baseline_chisq_a0p5,0,0.022353705586646865,0.02688602004103431,1.0,0.011026444288154325,0.011026444288154325,1.0,0.10343707383256134,0.009658625269181582,0.06722195523796556,,,0.05,baseline,9,False,20,False,,cuda,0.023031758440234924,,14,70.26887015020475,NVIDIA RTX A5000,chisq,0.5382658586011042,0.0,0.22791420624798353,-0.07389783512662045,9935,10000,9953,10000,scaled_hellinger_float64_norm,AdamW,0.5,1574913,False,0.023031758440234924,0.0005,ReduceLROnPlateau_earlystop_Brier,2026092902,2026092903,2026092904,-0.002705439092899502,patience,8,2048,2048,122984,120000,fixed_training_subset_eval_mode,0.0
feature,lower,baseline_chisq_a1,0,0.02215991013067651,0.01242821485034588,0.9999999999999998,0.014080694263036268,0.014080694263036268,1.0,0.07331673172858766,0.001690150161577582,0.07379792861984001,,,0.05,baseline,4,False,20,False,,cuda,0.023437996346096092,,9,46.38976824097335,NVIDIA RTX A5000,chisq,0.20369885917518354,0.0,0.13167135598731794,0.02400123223232122,9935,10000,9953,10000,scaled_hellinger_float64_norm,AdamW,1,1574913,False,0.023437996346096092,0.0005,ReduceLROnPlateau_earlystop_Brier,2026092902,2026092903,2026092904,0.0025976505330406164,patience,9,2048,2048,122984,120000,fixed_training_subset_eval_mode,0.0
feature,lower,baseline_chisq_a2,0,0.023125652144039218,0.02499368407324594,1.0,0.010376916507585652,0.010376916507585652,1.0,0.18535643638294472,0.007544837508063963,0.06729155716593943,,,0.05,baseline,9,False,20,False,,cuda,0.02277751188095028,,14,71.90384379308671,NVIDIA RTX A5000,chisq,0.4061037998021766,0.0,0.3778131110211952,-0.1767554780261727,9935,10000,9953,10000,scaled_hellinger_float64_norm,AdamW,2,1574913,False,0.02277751188095028,0.0005,ReduceLROnPlateau_earlystop_Brier,2026092902,2026092903,2026092904,-0.006318328320137717,patience,10,2048,2048,122984,120000,fixed_training_subset_eval_mode,0.0
feature,lower,baseline_chisq_a4,0,0.022064138784222996,0.0244142821458785,0.9999999999999998,0.01037738872701698,0.01037738872701698,1.0,0.24144266086772448,0.007418830495307857,0.06365433733556429,,,0.05,baseline,9,False,20,False,,cuda,0.023006338427444022,,14,70.29864320671186,NVIDIA RTX A5000,chisq,0.42063456099952656,0.0,0.3650748432129648,-0.24144266086772448,9935,10000,9953,10000,scaled_hellinger_float64_norm,AdamW,4,1574913,False,0.023006338427444022,0.0005,ReduceLROnPlateau_earlystop_Brier,2026092902,2026092903,2026092904,-0.00940688275730202,patience,11,2048,2048,122984,120000,fixed_training_subset_eval_mode,0.0
feature,lower,baseline_js_a0p5,0,0.021301728992461723,0.01639139203269261,1.0,0.012378333165879635,0.012378333165879635,1.0,0.13946707176593662,0.0020213220839998764,0.0696387041990756,,,0.05,baseline,4,False,20,False,,cuda,0.022442901891738892,,9,44.9257832840085,NVIDIA RTX A5000,js,0.3667139008497693,0.0,0.21564123514563494,-0.015403457312142347,9935,10000,9953,10000,scaled_hellinger_float64_norm,AdamW,0.5,1574913,False,0.022442901891738892,0.0005,ReduceLROnPlateau_earlystop_Brier,2026092902,2026092903,2026092904,-0.0039442867866471415,patience,12,2048,2048,122984,120000,fixed_training_subset_eval_mode,0.0
feature,lower,baseline_js_a1,0,0.020823270662545572,0.01560066539379958,1.0,0.013031402592183262,0.013031402592183262,1.0,0.14315352065594042,0.0022672706090940283,0.07023502164821424,,,0.05,baseline,4,False,20,False,,cuda,0.021994316598542396,,9,43.56292723491788,NVIDIA RTX A5000,js,0.3902471653246851,0.0,0.26637889063930953,-0.10866656537722238,9935,10000,9953,10000,scaled_hellinger_float64_norm,AdamW,1,1574913,False,0.021994316598542396,0.0005,ReduceLROnPlateau_earlystop_Brier,2026092902,2026092903,2026092904,-0.012348212800223364,patience,13,2048,2048,122984,120000,fixed_training_subset_eval_mode,0.0
feature,lower,baseline_js_a2,0,0.021158302414609302,0.016615017102469713,1.0,0.01388659700592786,0.01388659700592786,1.0,0.14959893310739278,0.0020051810199357366,0.0698630661680847,,,0.05,baseline,4,False,20,False,,cuda,0.02218829013435627,,9,44.5982935000211,NVIDIA RTX A5000,js,0.2567517504173451,0.0,0.2567517504173451,-0.14959893310739278,9935,10000,9953,10000,scaled_hellinger_float64_norm,AdamW,2,1574913,False,0.02218829013435627,0.0005,ReduceLROnPlateau_earlystop_Brier,2026092902,2026092903,2026092904,-0.010913062296686165,patience,14,2048,2048,122984,120000,fixed_training_subset_eval_mode,0.0
feature,lower,baseline_js_a4,0,0.021378318232077927,0.01769840932459154,1.0,0.013529749824173615,0.013529749824173615,1.0,0.10027767042413858,0.002526922606507207,0.07022576333810503,,,0.05,baseline,4,False,20,False,,cuda,0.022363296727107553,,9,44.19739323062822,NVIDIA RTX A5000,js,0.3816033885394553,0.0,0.2293567214892599,-0.10027767042413858,9935,10000,9953,10000,scaled_hellinger_float64_norm,AdamW,4,1574913,False,0.022363296727107553,0.0005,ReduceLROnPlateau_earlystop_Brier,2026092902,2026092903,2026092904,-0.012717489884921456,patience,15,2048,2048,122984,120000,fixed_training_subset_eval_mode,0.0
feature,lower,baseline_hellinger_a0p5,1,0.024037177323305382,0.027716776927130045,1.0,0.007616763789812117,0.007616763789812117,1.0,0.21536093376577864,0.00976286230975324,0.06560738764725421,,,0.05,baseline,28,False,20,False,,cuda,0.024741507794808732,,33,170.57801434304565,NVIDIA RTX A5000,hellinger,0.45202277762935256,0.0,0.3578664599671654,-0.043523432645595946,9935,10000,9953,10000,scaled_hellinger_float64_norm,AdamW,0.5,1574913,False,0.024741507794808732,0.0005,ReduceLROnPlateau_earlystop_Brier,2026093911,2026093912,2026093913,-0.0071960194803251136,patience,16,2048,2048,122984,120000,fixed_training_subset_eval_mode,0.0
feature,lower,baseline_hellinger_a1,1,0.025326850748764923,0.0203699265251313,0.9999999999999999,0.016990374761378477,0.016990374761378477,1.0,0.13781381671859202,0.004484416398896209,0.08076723342064011,,,0.05,baseline,11,False,20,False,,cuda,0.025750003634441375,,16,83.62313147308305,NVIDIA RTX A5000,hellinger,0.27642626802079195,0.0,0.25529986658824155,-0.029097509758970363,9935,10000,9953,10000,scaled_hellinger_float64_norm,AdamW,1,1574913,False,0.025750003634441375,0.0005,ReduceLROnPlateau_earlystop_Brier,2026093911,2026093912,2026093913,-0.010623877903813203,patience,17,2048,2048,122984,120000,fixed_training_subset_eval_mode,0.0
feature,lower,baseline_hellinger_a2,1,0.026353382163913065,0.02473975423131803,1.0,0.01980099969858334,0.01980099969858334,1.0,0.17931125383794952,0.005470307474524976,0.08055880950950277,,,0.05,baseline,11,False,20,False,,cuda,0.026864335769250677,,16,84.78690266795456,NVIDIA RTX A5000,hellinger,0.3261744120495682,0.0,0.28484566609437134,-0.17931125383794952,9935,10000,9953,10000,scaled_hellinger_float64_norm,AdamW,2,1574913,False,0.026864335769250677,0.0005,ReduceLROnPlateau_earlystop_Brier,2026093911,2026093912,2026093913,-0.02473975423131803,patience,18,2048,2048,122984,120000,fixed_training_subset_eval_mode,0.0
feature,lower,baseline_hellinger_a4,1,0.02643949451178447,0.017242040869954765,0.9999999999999999,0.018896041394554405,0.018896041394554405,1.0,0.144163000691924,0.004343209125414052,0.08113455879445805,,,0.05,baseline,9,False,20,False,,cuda,0.027181587087880356,,14,73.85610536206514,NVIDIA RTX A5000,hellinger,0.2207251517927018,0.0,0.2207251517927018,-0.11909018728246623,9935,10000,9953,10000,scaled_hellinger_float64_norm,AdamW,4,1574913,False,0.027181587087880356,0.0005,ReduceLROnPlateau_earlystop_Brier,2026093911,2026093912,2026093913,-0.015531011049021048,patience,19,2048,2048,122984,120000,fixed_training_subset_eval_mode,0.0
feature,lower,baseline_kl_a0p5,1,0.022025137403435705,0.026386591262614924,1.0,0.008269124886968755,0.008269124886968755,1.0,0.14964956937328042,0.009490854523597258,0.06354729950626964,,,0.05,baseline,10,False,20,False,,cuda,0.02300441367856445,,15,75.21255902200937,NVIDIA RTX A5000,kl,0.446355745113381,0.0,0.2151588843993738,0.006475408892963601,9935,10000,9953,10000,scaled_hellinger_float64_norm,AdamW,0.5,1574913,False,0.02300441367856445,0.0005,ReduceLROnPlateau_earlystop_Brier,2026093911,2026093912,2026093913,-0.00447376429747497,patience,20,2048,2048,122984,120000,fixed_training_subset_eval_mode,0.0
feature,lower,baseline_kl_a1,1,0.022421190168718942,0.018442876560065772,0.9999999999999999,0.013328569275595297,0.013328569275595297,1.0,0.08580604937987936,0.005292745381561801,0.072307838100776,,,0.05,baseline,5,False,20,False,,cuda,0.024075136074836273,,10,50.275068996008486,NVIDIA RTX A5000,kl,0.2502084243184203,0.0,0.11569475916693572,0.01695965323982889,9935,10000,9953,10000,scaled_hellinger_float64_norm,AdamW,1,1574913,False,0.024075136074836273,0.0005,ReduceLROnPlateau_earlystop_Brier,2026093911,2026093912,2026093913,-0.0022201575772899094,patience,21,2048,2048,122984,120000,fixed_training_subset_eval_mode,0.0
feature,lower,baseline_kl_a2,1,0.02233899160041727,0.028973125137656763,0.9999999999999999,0.008668180448106098,0.008668180448106098,1.0,0.16978460618426075,0.012537195538591754,0.06534839623424622,,,0.05,baseline,10,False,20,False,,cuda,0.023419265478902183,,15,74.61864840425551,NVIDIA RTX A5000,kl,0.3309215924707746,0.0,0.24632598584869692,0.021859520102158966,9935,10000,9953,10000,scaled_hellinger_float64_norm,AdamW,2,1574913,False,0.023419265478902183,0.0005,ReduceLROnPlateau_earlystop_Brier,2026093911,2026093912,2026093913,-3.922767560632542e-05,patience,22,2048,2048,122984,120000,fixed_training_subset_eval_mode,0.0
feature,lower,baseline_kl_a4,1,0.023333800896893787,0.018457636432876262,1.0,0.015686597005927862,0.015686597005927862,1.0,0.16441426775736454,0.005122808770052273,0.0714174185879021,,,0.05,baseline,6,False,20,False,,cuda,0.02420199836968241,,11,54.346010538283736,NVIDIA RTX A5000,kl,0.31783866943255745,0.0,0.31783866943255745,-0.16441426775736454,9935,10000,9953,10000,scaled_hellinger_float64_norm,AdamW,4,1574913,False,0.02420199836968241,0.0005,ReduceLROnPlateau_earlystop_Brier,2026093911,2026093912,2026093913,-0.012400075651376043,patience,23,2048,2048,122984,120000,fixed_training_subset_eval_mode,0.0
feature,lower,baseline_chisq_a0p5,1,0.022814903466084398,0.023669360003043552,0.9999999999999998,0.011174791520144679,0.011174791520144679,1.0,0.17119022875488799,0.008294639740469885,0.06691016667769388,,,0.05,baseline,9,False,20,False,,cuda,0.023267627704492495,,14,70.97577134519815,NVIDIA RTX A5000,chisq,0.28902009716137256,0.0,0.28902009716137256,0.14729219125965873,9935,10000,9953,10000,scaled_hellinger_float64_norm,AdamW,0.5,1574913,False,0.023267627704492495,0.0005,ReduceLROnPlateau_earlystop_Brier,2026093911,2026093912,2026093913,0.007499940195758073,patience,24,2048,2048,122984,120000,fixed_training_subset_eval_mode,0.0
feature,lower,baseline_chisq_a1,1,0.022432881852270208,0.02600488080909504,1.0,0.008119833216115743,0.008119833216115743,1.0,0.17609781588020992,0.009233155620332481,0.0632598267663595,,,0.05,baseline,9,False,20,False,,cuda,0.02312180397660097,,14,71.65140725998208,NVIDIA RTX A5000,chisq,0.3822832200135421,0.0,0.3822832200135421,-0.015647252430064738,9935,10000,9953,10000,scaled_hellinger_float64_norm,AdamW,1,1574913,False,0.02312180397660097,0.0005,ReduceLROnPlateau_earlystop_Brier,2026093911,2026093912,2026093913,-0.0007359880037877799,patience,25,2048,2048,122984,120000,fixed_training_subset_eval_mode,0.0
feature,lower,baseline_chisq_a2,1,0.022638960155749344,0.025271327737229895,0.9999999999999998,0.011126444288154324,0.011126444288154324,1.0,0.18821475313227215,0.007831036420270198,0.0680471294715587,,,0.05,baseline,6,False,20,False,,cuda,0.023207798238363275,,11,55.587411823216826,NVIDIA RTX A5000,chisq,0.3940728639412331,0.0,0.33350278475378825,-0.1857258338988206,9935,10000,9953,10000,scaled_hellinger_float64_norm,AdamW,2,1574913,False,0.023207798238363275,0.0005,ReduceLROnPlateau_earlystop_Brier,2026093911,2026093912,2026093913,-0.003329983728692118,patience,26,2048,2048,122984,120000,fixed_training_subset_eval_mode,0.0
feature,lower,baseline_chisq_a4,1,0.02228740105114868,0.014089820324669978,1.0,0.015936833115643523,0.015936833115643523,1.0,0.1043973601925751,0.0022100646568327326,0.07526831063425393,,,0.05,baseline,5,False,20,False,,cuda,0.023610402865934802,,10,51.14781003212556,NVIDIA RTX A5000,chisq,0.2002249085966581,0.0,0.2002249085966581,-0.004850229814080003,9935,10000,9953,10000,scaled_hellinger_float64_norm,AdamW,4,1574913,False,0.023610402865934802,0.0005,ReduceLROnPlateau_earlystop_Brier,2026093911,2026093912,2026093913,-0.0008486928382125708,patience,27,2048,2048,122984,120000,fixed_training_subset_eval_mode,0.0
feature,lower,baseline_js_a0p5,1,0.022258329015225176,0.024190465183332375,1.0,0.011778805385310962,0.011778805385310962,1.0,0.20824056744391567,0.007074588011529826,0.06757905554975835,,,0.05,baseline,6,False,20,False,,cuda,0.023003108001367657,,11,54.177771038375795,NVIDIA RTX A5000,js,0.4076273409507365,0.0,0.4076273409507365,-0.13188742042968754,9935,10000,9953,10000,scaled_hellinger_float64_norm,AdamW,0.5,1574913,False,0.023003108001367657,0.0005,ReduceLROnPlateau_earlystop_Brier,2026093911,2026093912,2026093913,-0.0036158365550977697,patience,28,2048,2048,122984,120000,fixed_training_subset_eval_mode,0.0
feature,lower,baseline_js_a1,1,0.021479961604179948,0.022569880864048885,1.0,0.011424319300713352,0.011424319300713352,1.0,0.17225604468231837,0.0059869584580938325,0.0686923299988846,,,0.05,baseline,5,False,20,False,,cuda,0.022995449218126896,,10,49.409401750192046,NVIDIA RTX A5000,js,0.3780099669535323,0.0,0.3780099669535323,-0.11155316719661541,9935,10000,9953,10000,scaled_hellinger_float64_norm,AdamW,1,1574913,False,0.022995449218126896,0.0005,ReduceLROnPlateau_earlystop_Brier,2026093911,2026093912,2026093913,-0.0027437365005478585,patience,29,2048,2048,122984,120000,fixed_training_subset_eval_mode,0.0
feature,lower,baseline_js_a2,1,0.022028881889215368,0.018756137008938523,1.0000000000000002,0.014283055360192904,0.014283055360192904,1.0,0.18456836199628443,0.002623132794913626,0.07263757800163606,,,0.05,baseline,4,False,20,False,,cuda,0.023011298941801532,,9,44.54776849783957,NVIDIA RTX A5000,js,0.2915088261369313,0.0,0.24365109976839183,-0.18456836199628443,9935,10000,9953,10000,scaled_hellinger_float64_norm,AdamW,2,1574913,False,0.023011298941801532,0.0005,ReduceLROnPlateau_earlystop_Brier,2026093911,2026093912,2026093913,-0.009332013698439796,patience,30,2048,2048,122984,120000,fixed_training_subset_eval_mode,0.0
feature,lower,baseline_js_a4,1,0.02241701352539406,0.018503462402001222,1.0000000000000002,0.01182809705616397,0.01182809705616397,1.0,0.08253155920327479,0.0037504643482335048,0.0736531584600577,,,0.05,baseline,4,False,20,False,,cuda,0.023340800068363074,,9,43.41824503010139,NVIDIA RTX A5000,js,0.26760174789320856,0.0,0.1417938421803323,-0.045811738014035236,9935,10000,9953,10000,scaled_hellinger_float64_norm,AdamW,4,1574913,False,0.023340800068363074,0.0005,ReduceLROnPlateau_earlystop_Brier,2026093911,2026093912,2026093913,-0.004580538841339034,patience,31,2048,2048,122984,120000,fixed_training_subset_eval_mode,0.0
feature,lower,baseline_hellinger_a0p5,2,0.025157117635682444,0.024917346941113534,1.0,0.013983999799055562,0.013983999799055562,1.0,0.17338413788748072,0.00689207879402327,0.07569042715115923,,,0.05,baseline,11,False,20,False,,cuda,0.026076315601315,,16,82.77358549181372,NVIDIA RTX A5000,hellinger,0.3107956926182914,0.0,0.2655031713359405,-0.03853675302812638,9935,10000,9953,10000,scaled_hellinger_float64_norm,AdamW,0.5,1574913,False,0.026076315601315,0.0005,ReduceLROnPlateau_earlystop_Brier,2026094920,2026094921,2026094922,-0.011628387939774212,patience,32,2048,2048,122984,120000,fixed_training_subset_eval_mode,0.0
feature,lower,baseline_hellinger_a1,2,0.02524842245365077,0.013108507855774873,1.0000000000000002,0.018337541444790516,0.018337541444790516,1.0,0.11706484536013793,0.0029654481979830196,0.07849156059237966,,,0.05,baseline,9,False,20,False,,cuda,0.026267900107693636,,14,72.88747541280463,NVIDIA RTX A5000,hellinger,0.22142697710803616,0.0,0.22142697710803616,-0.032113519005921194,9935,10000,9953,10000,scaled_hellinger_float64_norm,AdamW,1,1574913,False,0.026267900107693636,0.0005,ReduceLROnPlateau_earlystop_Brier,2026094920,2026094921,2026094922,-0.008639211524065585,patience,33,2048,2048,122984,120000,fixed_training_subset_eval_mode,0.0
feature,lower,baseline_hellinger_a2,2,0.026244794285797873,0.0172704368821275,0.9999999999999999,0.01939580528483874,0.01939580528483874,1.0,0.08463749989326153,0.005244419572030491,0.08251835030805038,,,0.05,baseline,8,False,20,False,,cuda,0.026496386144274728,,13,67.75405235681683,NVIDIA RTX A5000,hellinger,0.27948127439232207,0.0,0.12212651105394134,0.03606789599606623,9935,10000,9953,10000,scaled_hellinger_float64_norm,AdamW,2,1574913,False,0.026496386144274728,0.0005,ReduceLROnPlateau_earlystop_Brier,2026094920,2026094921,2026094922,-0.01363414833758756,patience,34,2048,2048,122984,120000,fixed_training_subset_eval_mode,0.0
feature,lower,baseline_hellinger_a4,2,0.024252890455309758,0.023892400611018855,1.0,0.014226916507585653,0.014226916507585653,1.0,0.13997254433197676,0.007052145044349671,0.07458389909466151,,,0.05,baseline,13,False,20,False,,cuda,0.025513206606414002,,18,93.89173539588228,NVIDIA RTX A5000,hellinger,0.28004160219019414,0.0,0.236987493925792,0.03472520901606281,9935,10000,9953,10000,scaled_hellinger_float64_norm,AdamW,4,1574913,False,0.025513206606414002,0.0005,ReduceLROnPlateau_earlystop_Brier,2026094920,2026094921,2026094922,0.009219492879586233,patience,35,2048,2048,122984,120000,fixed_training_subset_eval_mode,0.0
feature,lower,baseline_kl_a0p5,2,0.023636313752583578,0.025087720355493268,1.0,0.010224319300713353,0.010224319300713353,1.0,0.16483229118482698,0.008980306993811514,0.06834045594531699,,,0.05,baseline,6,False,20,False,,cuda,0.024221564456699183,,11,54.325811876915395,NVIDIA RTX A5000,kl,0.3989318507543852,0.0,0.30766071773594894,0.00978201950668654,9935,10000,9953,10000,scaled_hellinger_float64_norm,AdamW,0.5,1574913,False,0.024221564456699183,0.0005,ReduceLROnPlateau_earlystop_Brier,2026094920,2026094921,2026094922,-0.0038917752293676604,patience,36,2048,2048,122984,120000,fixed_training_subset_eval_mode,0.0
feature,lower,baseline_kl_a1,2,0.022536014530329086,0.024377519284051463,0.9999999999999998,0.011523847081282027,0.011523847081282027,1.0,0.06643009534506343,0.009900416460112301,0.06813296979200423,,,0.05,baseline,9,False,20,False,,cuda,0.022751771435602905,,14,69.90845738630742,NVIDIA RTX A5000,kl,0.45646744656201393,0.0,0.12000870090256877,0.05177705778259607,9935,10000,9953,10000,scaled_hellinger_float64_norm,AdamW,1,1574913,False,0.022751771435602905,0.0005,ReduceLROnPlateau_earlystop_Brier,2026094920,2026094921,2026094922,-0.005731792918525107,patience,37,2048,2048,122984,120000,fixed_training_subset_eval_mode,0.0
feature,lower,baseline_kl_a2,2,0.022904146300995472,0.03249316066497276,1.0,0.007418180448106099,0.007418180448106099,1.0,0.2072224859964457,0.015070819271138326,0.06194349185409642,,,0.05,baseline,9,False,20,False,,cuda,0.02334682551443841,,14,70.69810731476173,NVIDIA RTX A5000,kl,0.5114578237966357,0.0,0.28662737974815455,-0.2072224859964457,9935,10000,9953,10000,scaled_hellinger_float64_norm,AdamW,2,1574913,False,0.02334682551443841,0.0005,ReduceLROnPlateau_earlystop_Brier,2026094920,2026094921,2026094922,-0.001829483312973862,patience,38,2048,2048,122984,120000,fixed_training_subset_eval_mode,0.0
feature,lower,baseline_kl_a4,2,0.0231350381651469,0.02796449021802471,1.0,0.011172430422988044,0.011172430422988044,1.0,0.14223327160596447,0.009332277624388376,0.06974586618092982,,,0.05,baseline,7,False,20,False,,cuda,0.02420518981167226,,12,60.212813248392195,NVIDIA RTX A5000,kl,0.4323903273860146,0.0,0.26473599477121024,0.06768033348238744,9935,10000,9953,10000,scaled_hellinger_float64_norm,AdamW,4,1574913,False,0.02420518981167226,0.0005,ReduceLROnPlateau_earlystop_Brier,2026094920,2026094921,2026094922,-0.0015516431021743299,patience,39,2048,2048,122984,120000,fixed_training_subset_eval_mode,0.0
feature,lower,baseline_chisq_a0p5,2,0.02239405243346596,0.021089957250599575,0.9999999999999999,0.01157951371445795,0.01157951371445795,1.0,0.17061720638355563,0.005690343746374966,0.06923904537554434,,,0.05,baseline,6,False,20,False,,cuda,0.02285864602181696,,11,55.513128913939,NVIDIA RTX A5000,chisq,0.44078693750531617,0.0,0.44078693750531617,0.02871812848436343,9935,10000,9953,10000,scaled_hellinger_float64_norm,AdamW,0.5,1574913,False,0.02285864602181696,0.0005,ReduceLROnPlateau_earlystop_Brier,2026094920,2026094921,2026094922,0.00280072528980455,patience,40,2048,2048,122984,120000,fixed_training_subset_eval_mode,0.0
feature,lower,baseline_chisq_a1,2,0.022059386355371656,0.02625660857704389,1.0,0.01046959710640008,0.01046959710640008,1.0,0.1199548051928953,0.009631190698697308,0.0673037237294841,,,0.05,baseline,10,False,20,False,,cuda,0.022874604487545705,,15,76.06817287905142,NVIDIA RTX A5000,chisq,0.6011210366668304,0.0,0.22712585712688238,0.03588529765504827,9935,10000,9953,10000,scaled_hellinger_float64_norm,AdamW,1,1574913,False,0.022874604487545705,0.0005,ReduceLROnPlateau_earlystop_Brier,2026094920,2026094921,2026094922,0.007285152953013307,patience,41,2048,2048,122984,120000,fixed_training_subset_eval_mode,0.0
feature,lower,baseline_chisq_a2,2,0.023270607929204098,0.03013271838458315,1.0,0.008816055460665127,0.008816055460665127,1.0,0.23321176187858805,0.01193287075510591,0.06632870890805545,,,0.05,baseline,7,False,20,False,,cuda,0.023664882328954882,,12,60.9046020032838,NVIDIA RTX A5000,chisq,0.4800140807641228,0.0,0.38158991996735014,0.22347465219082038,9935,10000,9953,10000,scaled_hellinger_float64_norm,AdamW,2,1574913,False,0.023664882328954882,0.0005,ReduceLROnPlateau_earlystop_Brier,2026094920,2026094921,2026094922,0.013587383301656585,patience,42,2048,2048,122984,120000,fixed_training_subset_eval_mode,0.0
feature,lower,baseline_chisq_a4,2,0.022879957606297276,0.019413987759802943,0.9999999999999999,0.011527152617301315,0.011527152617301315,1.0,0.08768642140306489,0.004049610576618296,0.07282644434168818,,,0.05,baseline,6,False,20,False,,cuda,0.023573058879929793,,11,56.884147204924375,NVIDIA RTX A5000,chisq,0.3480625693128634,0.0,0.20351493391369768,-0.08768642140306489,9935,10000,9953,10000,scaled_hellinger_float64_norm,AdamW,4,1574913,False,0.023573058879929793,0.0005,ReduceLROnPlateau_earlystop_Brier,2026094920,2026094921,2026094922,-0.009570934456785475,patience,43,2048,2048,122984,120000,fixed_training_subset_eval_mode,0.0
feature,lower,baseline_js_a0p5,2,0.022285701297640237,0.014786226556631326,0.9999999999999999,0.013524555410429016,0.013524555410429016,1.0,0.1254877842080091,0.002765604780229318,0.07337975630476587,,,0.05,baseline,6,False,20,False,,cuda,0.0232464757605523,,11,53.82230362808332,NVIDIA RTX A5000,js,0.37056967593580536,0.0,0.37056967593580536,0.1254877842080091,9935,10000,9953,10000,scaled_hellinger_float64_norm,AdamW,0.5,1574913,False,0.0232464757605523,0.0005,ReduceLROnPlateau_earlystop_Brier,2026094920,2026094921,2026094922,0.004960857239183279,patience,44,2048,2048,122984,120000,fixed_training_subset_eval_mode,0.0
feature,lower,baseline_js_a1,2,0.022676190395101898,0.028450645719704997,0.9999999999999999,0.007518888777253089,0.007518888777253089,1.0,0.1470455368027729,0.013201514339850113,0.05880627653507152,,,0.05,baseline,9,False,20,False,,cuda,0.023390545769684946,,14,69.41407211404294,NVIDIA RTX A5000,js,0.45550297798575057,0.0,0.23826347675566972,0.030137720805721153,9935,10000,9953,10000,scaled_hellinger_float64_norm,AdamW,1,1574913,False,0.023390545769684946,0.0005,ReduceLROnPlateau_earlystop_Brier,2026094920,2026094921,2026094922,-0.0043285500155750755,patience,45,2048,2048,122984,120000,fixed_training_subset_eval_mode,0.0
feature,lower,baseline_js_a2,2,0.02242915195070761,0.028045801476772235,0.9999999999999998,0.010480458153320606,0.010480458153320606,1.0,0.17548711068623774,0.010885027033035401,0.06611843149393756,,,0.05,baseline,8,False,20,False,,cuda,0.02309875353909016,,13,64.74126782780513,NVIDIA RTX A5000,js,0.502026715067424,0.0,0.3699012759998289,-0.11165198328754088,9935,10000,9953,10000,scaled_hellinger_float64_norm,AdamW,2,1574913,False,0.02309875353909016,0.0005,ReduceLROnPlateau_earlystop_Brier,2026094920,2026094921,2026094922,-0.01045087995110944,patience,46,2048,2048,122984,120000,fixed_training_subset_eval_mode,0.0
feature,lower,baseline_js_a4,2,0.022186126762420374,0.03440774985630783,1.0,0.007618416557821762,0.007618416557821762,1.0,0.0984039822863189,0.01805724626073162,0.0600890496671605,,,0.05,baseline,11,False,20,False,,cuda,0.023540812155002817,,16,79.48461447097361,NVIDIA RTX A5000,js,0.46494753438442704,0.0,0.15540087680285297,-0.09780496136831712,9935,10000,9953,10000,scaled_hellinger_float64_norm,AdamW,4,1574913,False,0.023540812155002817,0.0005,ReduceLROnPlateau_earlystop_Brier,2026094920,2026094921,2026094922,-0.0034406130689802125,patience,47,2048,2048,122984,120000,fixed_training_subset_eval_mode,0.0
feature,lower,baseline_hellinger_a0p5,3,0.024831765956889733,0.03160041103609576,0.9999999999999999,0.011021013764694061,0.011021013764694061,1.0,0.12297125032957662,0.01139912433993121,0.06909785565479087,,,0.05,baseline,16,False,20,False,,cuda,0.025210072769190447,,21,109.20577185321599,NVIDIA RTX A5000,hellinger,0.6178671121771733,0.0,0.21098876456896276,0.12266422828159058,9935,10000,9953,10000,scaled_hellinger_float64_norm,AdamW,0.5,1574913,False,0.025210072769190447,0.0005,ReduceLROnPlateau_earlystop_Brier,2026095929,2026095930,2026095931,0.007415647182111562,patience,48,2048,2048,122984,120000,fixed_training_subset_eval_mode,0.0
feature,lower,baseline_hellinger_a1,3,0.024798248613014332,0.028949790686133542,1.0000000000000002,0.014887069225359187,0.014887069225359187,1.0,0.13409151502690872,0.012210203238987829,0.07385017621621372,,,0.05,baseline,18,False,20,False,,cuda,0.025608111960441035,,23,120.25810472294688,NVIDIA RTX A5000,hellinger,0.40559305948749896,0.0,0.19959749117059955,-0.1315774670210779,9935,10000,9953,10000,scaled_hellinger_float64_norm,AdamW,1,1574913,False,0.025608111960441035,0.0005,ReduceLROnPlateau_earlystop_Brier,2026095929,2026095930,2026095931,-0.01600231908139427,patience,49,2048,2048,122984,120000,fixed_training_subset_eval_mode,0.0
feature,lower,baseline_hellinger_a2,3,0.024590582634349073,0.02699106060491317,1.0,0.01187668039786999,0.01187668039786999,1.0,0.19078212846152975,0.010896500716939175,0.07054583830050411,,,0.05,baseline,15,False,20,False,,cuda,0.02564615580403791,,20,104.0003145840019,NVIDIA RTX A5000,hellinger,0.5508953887138731,0.0,0.3288828431763724,-0.02417574896344945,9935,10000,9953,10000,scaled_hellinger_float64_norm,AdamW,2,1574913,False,0.02564615580403791,0.0005,ReduceLROnPlateau_earlystop_Brier,2026095929,2026095930,2026095931,-0.01502786478733212,patience,50,2048,2048,122984,120000,fixed_training_subset_eval_mode,0.0
feature,lower,baseline_hellinger_a4,3,0.02466763301828604,0.03028187689053083,1.0,0.011727624836732644,0.011727624836732644,1.0,0.18285027943218216,0.0122049428163281,0.06881549112302865,,,0.05,baseline,19,False,20,False,,cuda,0.024783028950483833,,24,126.03649859596044,NVIDIA RTX A5000,hellinger,0.6635575819120106,0.0,0.3369957929450661,-0.14215163101916295,9935,10000,9953,10000,scaled_hellinger_float64_norm,AdamW,4,1574913,False,0.024783028950483833,0.0005,ReduceLROnPlateau_earlystop_Brier,2026095929,2026095930,2026095931,-0.013911937708383991,patience,51,2048,2048,122984,120000,fixed_training_subset_eval_mode,0.0
feature,lower,baseline_kl_a0p5,3,0.022248486338448413,0.028438424663243072,1.0000000000000002,0.006915819350949462,0.006915819350949462,1.0,0.19436186312737563,0.012778345618459658,0.06007031782908906,,,0.05,baseline,12,False,20,False,,cuda,0.023111716514340633,,17,83.70120410202071,NVIDIA RTX A5000,kl,0.502095412233152,0.0,0.28461712444012943,-0.13850201214021773,9935,10000,9953,10000,scaled_hellinger_float64_norm,AdamW,0.5,1574913,False,0.023111716514340633,0.0005,ReduceLROnPlateau_earlystop_Brier,2026095929,2026095930,2026095931,-0.003789378243012248,patience,52,2048,2048,122984,120000,fixed_training_subset_eval_mode,0.0
feature,lower,baseline_kl_a1,3,0.02172051555007055,0.030488338915270592,0.9999999999999998,0.007316527680096454,0.007316527680096454,1.0,0.158526818774732,0.014125399345916476,0.059970879362560674,,,0.05,baseline,12,False,20,False,,cuda,0.022629321142092707,,17,84.31590857123956,NVIDIA RTX A5000,kl,0.40388543854610903,0.0,0.27044959536226987,0.008899780887767229,9935,10000,9953,10000,scaled_hellinger_float64_norm,AdamW,1,1574913,False,0.022629321142092707,0.0005,ReduceLROnPlateau_earlystop_Brier,2026095929,2026095930,2026095931,-0.0056528991885173765,patience,53,2048,2048,122984,120000,fixed_training_subset_eval_mode,0.0
feature,lower,baseline_kl_a2,3,0.023310631109373807,0.014762215845574671,0.9999999999999999,0.017331402592183263,0.017331402592183263,1.0,0.19453310599468254,8.721626618488563e-05,0.07740502520409154,,,0.05,baseline,4,False,20,False,,cuda,0.024071721921187554,,9,45.22392292879522,NVIDIA RTX A5000,kl,0.26379144382446784,0.0,0.26379144382446784,0.18466401046894865,9935,10000,9953,10000,scaled_hellinger_float64_norm,AdamW,2,1574913,False,0.024071721921187554,0.0005,ReduceLROnPlateau_earlystop_Brier,2026095929,2026095930,2026095931,0.009254448998512802,patience,54,2048,2048,122984,120000,fixed_training_subset_eval_mode,0.0
feature,lower,baseline_kl_a4,3,0.02128407901507926,0.023351509250268118,1.0,0.009923847081282026,0.009923847081282026,1.0,0.17214358429805157,0.009243687827041661,0.06482685729211371,,,0.05,baseline,11,False,20,False,,cuda,0.02328597485441007,,16,80.86882031708956,NVIDIA RTX A5000,kl,0.35577442722910096,0.0,0.2250750503597102,-0.1054608987076234,9935,10000,9953,10000,scaled_hellinger_float64_norm,AdamW,4,1574913,False,0.02328597485441007,0.0005,ReduceLROnPlateau_earlystop_Brier,2026095929,2026095930,2026095931,-0.013310417650172025,patience,55,2048,2048,122984,120000,fixed_training_subset_eval_mode,0.0
feature,lower,baseline_chisq_a0p5,3,0.022659012538192483,0.01355416136606273,1.0,0.014179513714457952,0.014179513714457952,1.0,0.10842491617797055,0.0028833091974790953,0.07296730523723188,,,0.05,baseline,5,False,20,False,,cuda,0.02328290101594793,,10,51.358994260896,NVIDIA RTX A5000,chisq,0.22121552951462187,0.0,0.18081126523547553,0.10842491617797055,9935,10000,9953,10000,scaled_hellinger_float64_norm,AdamW,0.5,1574913,False,0.02328290101594793,0.0005,ReduceLROnPlateau_earlystop_Brier,2026095929,2026095930,2026095931,0.009494319285329386,patience,56,2048,2048,122984,120000,fixed_training_subset_eval_mode,0.0
feature,lower,baseline_chisq_a1,3,0.02290843042180206,0.027528245314596737,1.0,0.009067236009243442,0.009067236009243442,1.0,0.25141934782890224,0.0075431870209461275,0.06874065926953757,,,0.05,baseline,7,False,20,False,,cuda,0.02314550371609445,,12,61.65699273813516,NVIDIA RTX A5000,chisq,0.4355220466264049,0.0,0.3892085319117592,-9.18359134796853e-05,9935,10000,9953,10000,scaled_hellinger_float64_norm,AdamW,1,1574913,False,0.02314550371609445,0.0005,ReduceLROnPlateau_earlystop_Brier,2026095929,2026095930,2026095931,0.0028939512880522354,patience,57,2048,2048,122984,120000,fixed_training_subset_eval_mode,0.0
feature,lower,baseline_chisq_a2,3,0.022665135088426172,0.03283017794650649,1.0,0.007717236009243443,0.007717236009243443,1.0,0.16920920600037442,0.01419836047841725,0.06307551941140567,,,0.05,baseline,11,False,20,False,,cuda,0.022982946245542667,,16,81.04174213577062,NVIDIA RTX A5000,chisq,0.4518882548712597,0.0,0.28182413526908334,-0.07448270925285101,9935,10000,9953,10000,scaled_hellinger_float64_norm,AdamW,2,1574913,False,0.022982946245542667,0.0005,ReduceLROnPlateau_earlystop_Brier,2026095929,2026095930,2026095931,0.003701744790052539,patience,58,2048,2048,122984,120000,fixed_training_subset_eval_mode,0.0
feature,lower,baseline_chisq_a4,3,0.022433886371153393,0.02350944685236544,0.9999999999999998,0.010726444288154325,0.010726444288154325,1.0,0.16481851865851874,0.006333858981634502,0.06757749314518491,,,0.05,baseline,6,False,20,False,,cuda,0.02361049925221668,,11,55.032437147106975,NVIDIA RTX A5000,chisq,0.4010624981403935,0.0,0.3712506547390829,-0.015632578621278162,9935,10000,9953,10000,scaled_hellinger_float64_norm,AdamW,4,1574913,False,0.02361049925221668,0.0005,ReduceLROnPlateau_earlystop_Brier,2026095929,2026095930,2026095931,-0.0055762961135311226,patience,59,2048,2048,122984,120000,fixed_training_subset_eval_mode,0.0
feature,lower,baseline_js_a0p5,3,0.020502621437510082,0.014954245908896865,1.0000000000000002,0.012528333165879636,0.012528333165879636,1.0,0.12685311953349257,0.0030725938237251282,0.06958553681611312,,,0.05,baseline,5,False,20,False,,cuda,0.02198055203237168,,10,49.570424103178084,NVIDIA RTX A5000,js,0.21195806700210684,0.0,0.21195806700210684,-0.054885300246491325,9935,10000,9953,10000,scaled_hellinger_float64_norm,AdamW,0.5,1574913,False,0.02198055203237168,0.0005,ReduceLROnPlateau_earlystop_Brier,2026095929,2026095930,2026095931,-0.002877794187862003,patience,60,2048,2048,122984,120000,fixed_training_subset_eval_mode,0.0
feature,lower,baseline_js_a1,3,0.020798595537999957,0.014088940411759458,1.0,0.013230222043604944,0.013230222043604944,1.0,0.0647275583829732,0.002276152805220809,0.07058628737158967,,,0.05,baseline,5,False,20,False,,cuda,0.02181779381090697,,10,48.87245456222445,NVIDIA RTX A5000,js,0.17816670667732315,0.0,0.13633077511209524,0.01414286739877073,9935,10000,9953,10000,scaled_hellinger_float64_norm,AdamW,1,1574913,False,0.02181779381090697,0.0005,ReduceLROnPlateau_earlystop_Brier,2026095929,2026095930,2026095931,0.0022833013818075324,patience,61,2048,2048,122984,120000,fixed_training_subset_eval_mode,0.0
feature,lower,baseline_js_a2,3,0.02072614215129581,0.01371765815286166,1.0,0.013680458153320606,0.013680458153320606,1.0,0.12341229777908666,0.002140497569343303,0.06870140295340266,,,0.05,baseline,5,False,20,False,,cuda,0.02225828335578804,,10,49.04660726012662,NVIDIA RTX A5000,js,0.3379769328904443,0.0,0.3379769328904443,0.12341229777908666,9935,10000,9953,10000,scaled_hellinger_float64_norm,AdamW,2,1574913,False,0.02225828335578804,0.0005,ReduceLROnPlateau_earlystop_Brier,2026095929,2026095930,2026095931,0.0012186237818782586,patience,62,2048,2048,122984,120000,fixed_training_subset_eval_mode,0.0
feature,lower,baseline_js_a4,3,0.02090798774931553,0.012770795898097471,1.0,0.01327998593388928,0.01327998593388928,1.0,0.09503147661886265,0.0024931336529874287,0.06921243143119413,,,0.05,baseline,5,False,20,False,,cuda,0.022479795297820716,,10,50.03440982894972,NVIDIA RTX A5000,js,0.26903072373765713,0.0,0.26903072373765713,0.03395923123400779,9935,10000,9953,10000,scaled_hellinger_float64_norm,AdamW,4,1574913,False,0.022479795297820716,0.0005,ReduceLROnPlateau_earlystop_Brier,2026095929,2026095930,2026095931,0.0009047148822235182,patience,63,2048,2048,122984,120000,fixed_training_subset_eval_mode,0.0
feature,lower,baseline_hellinger_a0p5,4,0.025767353008529562,0.023639740827263066,1.0,0.014881402592183261,0.014881402592183261,1.0,0.075869827073692,0.006022584262740893,0.07983222048950915,,,0.05,baseline,7,False,20,False,,cuda,0.02694314326465721,,12,62.60643100878224,NVIDIA RTX A5000,hellinger,0.2532380895154209,0.0,0.15559890396602827,0.0634219458474818,9935,10000,9953,10000,scaled_hellinger_float64_norm,AdamW,0.5,1574913,False,0.02694314326465721,0.0005,ReduceLROnPlateau_earlystop_Brier,2026096938,2026096939,2026096940,0.0021185922226303255,patience,64,2048,2048,122984,120000,fixed_training_subset_eval_mode,0.0
feature,lower,baseline_hellinger_a1,4,0.02439053897396567,0.028547559616583777,1.0,0.009871249874409726,0.009871249874409726,1.0,0.10010717899007687,0.01012303278007179,0.07154748920365415,,,0.05,baseline,17,False,20,False,,cuda,0.025707914470761768,,22,112.63319233711809,NVIDIA RTX A5000,hellinger,0.5529336909231288,0.0,0.17665282901752022,-0.023894032084587086,9935,10000,9953,10000,scaled_hellinger_float64_norm,AdamW,1,1574913,False,0.025707914470761768,0.0005,ReduceLROnPlateau_earlystop_Brier,2026096938,2026096939,2026096940,-0.009239397941621546,patience,65,2048,2048,122984,120000,fixed_training_subset_eval_mode,0.0
feature,lower,baseline_hellinger_a2,4,0.02664127385362905,0.02327166387878221,1.0,0.016133763689339897,0.016133763689339897,1.0,0.16481281585695085,0.006509929974711037,0.0809066423888748,,,0.05,baseline,6,False,20,False,,cuda,0.027504590724374986,,11,57.127124606631696,NVIDIA RTX A5000,hellinger,0.27076119965584633,0.0,0.23269033691873098,-0.10503493691200436,9935,10000,9953,10000,scaled_hellinger_float64_norm,AdamW,2,1574913,False,0.027504590724374986,0.0005,ReduceLROnPlateau_earlystop_Brier,2026096938,2026096939,2026096940,-0.003002798374007876,patience,66,2048,2048,122984,120000,fixed_training_subset_eval_mode,0.0
feature,lower,baseline_hellinger_a4,4,0.02504240993160571,0.028418328530153966,1.0,0.011623610971566362,0.011623610971566362,1.0,0.047292431539583506,0.010647334189049933,0.07177621369352753,,,0.05,baseline,16,False,20,False,,cuda,0.02566677978749415,,21,109.33897264162078,NVIDIA RTX A5000,hellinger,0.370021982819261,0.0,0.09122111760125418,0.033388109609006386,9935,10000,9953,10000,scaled_hellinger_float64_norm,AdamW,4,1574913,False,0.02566677978749415,0.0005,ReduceLROnPlateau_earlystop_Brier,2026096938,2026096939,2026096940,-0.000825115246031489,patience,67,2048,2048,122984,120000,fixed_training_subset_eval_mode,0.0
feature,lower,baseline_kl_a0p5,4,0.022660289527546774,0.014467210635574866,1.0000000000000002,0.016737069225359186,0.016737069225359186,1.0,0.15757943400217925,0.002495201473568113,0.07266051806870583,,,0.05,baseline,4,False,20,False,,cuda,0.02344467458546333,,9,45.54722552886233,NVIDIA RTX A5000,kl,0.3546927898804241,0.0,0.3546927898804241,-0.10920018166289149,9935,10000,9953,10000,scaled_hellinger_float64_norm,AdamW,0.5,1574913,False,0.02344467458546333,0.0005,ReduceLROnPlateau_earlystop_Brier,2026096938,2026096939,2026096940,-0.0035784985181311992,patience,68,2048,2048,122984,120000,fixed_training_subset_eval_mode,0.0
feature,lower,baseline_kl_a1,4,0.02116299032911468,0.020666026288590978,0.9999999999999998,0.011225972068722997,0.011225972068722997,1.0,0.06790203557103726,0.006459752898052782,0.0678592347420852,,,0.05,baseline,8,False,20,False,,cuda,0.023352003619424286,,13,64.33001742698252,NVIDIA RTX A5000,kl,0.26412657665085876,0.0,0.15165633555845281,0.017030995910620236,9935,10000,9953,10000,scaled_hellinger_float64_norm,AdamW,1,1574913,False,0.023352003619424286,0.0005,ReduceLROnPlateau_earlystop_Brier,2026096938,2026096939,2026096940,-0.0032069188231836424,patience,69,2048,2048,122984,120000,fixed_training_subset_eval_mode,0.0
feature,lower,baseline_kl_a2,4,0.02298539369810881,0.014885953107177205,1.0,0.01603730533507485,0.01603730533507485,1.0,0.1091937741671555,0.002653291024432879,0.0740083371379335,,,0.05,baseline,4,False,20,False,,cuda,0.02350843160069528,,9,44.38292482495308,NVIDIA RTX A5000,kl,0.3048180151197,0.0,0.18694813400096577,-0.04432355060379444,9935,10000,9953,10000,scaled_hellinger_float64_norm,AdamW,2,1574913,False,0.02350843160069528,0.0005,ReduceLROnPlateau_earlystop_Brier,2026096938,2026096939,2026096940,-0.0025704426491344997,patience,70,2048,2048,122984,120000,fixed_training_subset_eval_mode,0.0
feature,lower,baseline_kl_a4,4,0.0221291856197813,0.025412864315207798,1.0,0.009825027629860343,0.009825027629860343,1.0,0.09773021900026012,0.009573985738485828,0.06870811535227817,,,0.05,baseline,8,False,20,False,,cuda,0.023564167879770132,,13,65.63070364668965,NVIDIA RTX A5000,kl,0.4326398677153409,0.0,0.1337741576135898,-0.06313778114775843,9935,10000,9953,10000,scaled_hellinger_float64_norm,AdamW,4,1574913,False,0.023564167879770132,0.0005,ReduceLROnPlateau_earlystop_Brier,2026096938,2026096939,2026096940,-0.00882952249362209,patience,71,2048,2048,122984,120000,fixed_training_subset_eval_mode,0.0
feature,lower,baseline_chisq_a0p5,4,0.022336573184062722,0.02268103461245273,1.0,0.010268416557821763,0.010268416557821763,1.0,0.08933333456037729,0.008357270376749975,0.06696982936865825,,,0.05,baseline,6,False,20,False,,cuda,0.023158549898322396,,11,55.74613259220496,NVIDIA RTX A5000,chisq,0.23101626497299566,0.0,0.17644876170692947,0.059733625733929124,9935,10000,9953,10000,scaled_hellinger_float64_norm,AdamW,0.5,1574913,False,0.023158549898322396,0.0005,ReduceLROnPlateau_earlystop_Brier,2026096938,2026096939,2026096940,0.008706083516976559,patience,72,2048,2048,122984,120000,fixed_training_subset_eval_mode,0.0
feature,lower,baseline_chisq_a1,4,0.022798368550564267,0.017152222051819214,1.0,0.015034235908771227,0.015034235908771227,1.0,0.15461182879537824,0.0032849282776567,0.0734288688066884,,,0.05,baseline,5,False,20,False,,cuda,0.023719511791909884,,10,51.05813934095204,NVIDIA RTX A5000,chisq,0.33767002173443583,0.0,0.33767002173443583,-0.08172024271265817,9935,10000,9953,10000,scaled_hellinger_float64_norm,AdamW,1,1574913,False,0.023719511791909884,0.0005,ReduceLROnPlateau_earlystop_Brier,2026096938,2026096939,2026096940,-0.003935480994908703,patience,73,2048,2048,122984,120000,fixed_training_subset_eval_mode,0.0
feature,lower,baseline_chisq_a2,4,0.02255127764865223,0.03173131551593614,1.0,0.008971013764694061,0.008971013764694061,1.0,0.26493886538938066,0.014791711630014266,0.06407970945779796,,,0.05,baseline,12,False,20,False,,cuda,0.023461834248183502,,17,85.67898952774704,NVIDIA RTX A5000,chisq,0.4831409203964392,0.0,0.4831409203964392,-0.026699428219200263,9935,10000,9953,10000,scaled_hellinger_float64_norm,AdamW,2,1574913,False,0.023461834248183502,0.0005,ReduceLROnPlateau_earlystop_Brier,2026096938,2026096939,2026096940,-0.004536527946315363,patience,74,2048,2048,122984,120000,fixed_training_subset_eval_mode,0.0
feature,lower,baseline_chisq_a4,4,0.022155253932692503,0.02996018743534615,1.0,0.007016055460665126,0.007016055460665126,1.0,0.2011039647349333,0.012682023402573088,0.06187476963293863,,,0.05,baseline,9,False,20,False,,cuda,0.02330110926935359,,14,71.55161945475265,NVIDIA RTX A5000,chisq,0.6494964217607687,0.0,0.6494964217607687,-0.16516749423168958,9935,10000,9953,10000,scaled_hellinger_float64_norm,AdamW,4,1574913,False,0.02330110926935359,0.0005,ReduceLROnPlateau_earlystop_Brier,2026096938,2026096939,2026096940,-0.002834517019297666,patience,75,2048,2048,122984,120000,fixed_training_subset_eval_mode,0.0
feature,lower,baseline_js_a0p5,4,0.02143349174459847,0.026463781006732308,1.0000000000000002,0.008371249874409726,0.008371249874409726,1.0,0.2351082723749901,0.010125222583430004,0.06002391269345192,,,0.05,baseline,8,False,20,False,,cuda,0.022364752695699756,,13,64.79347452893853,NVIDIA RTX A5000,js,0.5335269210288279,0.0,0.5335269210288279,-0.2351082723749901,9935,10000,9953,10000,scaled_hellinger_float64_norm,AdamW,0.5,1574913,False,0.022364752695699756,0.0005,ReduceLROnPlateau_earlystop_Brier,2026096938,2026096939,2026096940,-0.00844720419595146,patience,76,2048,2048,122984,120000,fixed_training_subset_eval_mode,0.0
feature,lower,baseline_js_a1,4,0.021429381777511622,0.016783446985199263,1.0,0.012579513714457953,0.012579513714457953,1.0,0.08491693098206644,0.003851969407619439,0.06963416100699843,,,0.05,baseline,4,False,20,False,,cuda,0.02273779774655223,,9,44.2035205103457,NVIDIA RTX A5000,js,0.24073673725953548,0.0,0.22706561626081778,-0.032851817985609225,9935,10000,9953,10000,scaled_hellinger_float64_norm,AdamW,1,1574913,False,0.02273779774655223,0.0005,ReduceLROnPlateau_earlystop_Brier,2026096938,2026096939,2026096940,-0.00433656424313732,patience,77,2048,2048,122984,120000,fixed_training_subset_eval_mode,0.0
feature,lower,baseline_js_a2,4,0.021688273835659695,0.017960498166683412,1.0,0.011325972068722998,0.011325972068722998,1.0,0.07420295498915351,0.0053471201668062966,0.06850452846410345,,,0.05,baseline,4,False,20,False,,cuda,0.022871861611517504,,9,44.22969628684223,NVIDIA RTX A5000,js,0.22389035260971468,0.0,0.1631465493422376,-0.07420295498915351,9935,10000,9953,10000,scaled_hellinger_float64_norm,AdamW,2,1574913,False,0.022871861611517504,0.0005,ReduceLROnPlateau_earlystop_Brier,2026096938,2026096939,2026096940,-0.003405973693887913,patience,78,2048,2048,122984,120000,fixed_training_subset_eval_mode,0.0
feature,lower,baseline_js_a4,4,0.021180842987043483,0.026803545809299847,1.0000000000000002,0.006566291570380789,0.006566291570380789,1.0,0.17348600990648588,0.012027322432326841,0.05691526033108657,,,0.05,baseline,8,False,20,False,,cuda,0.022926523621524947,,13,63.05916019808501,NVIDIA RTX A5000,js,0.4968235804607283,0.0,0.282715722695724,-0.03953065518818691,9935,10000,9953,10000,scaled_hellinger_float64_norm,AdamW,4,1574913,False,0.022926523621524947,0.0005,ReduceLROnPlateau_earlystop_Brier,2026096938,2026096939,2026096940,-0.0016898524558998317,patience,79,2048,2048,122984,120000,fixed_training_subset_eval_mode,0.0
feature,upper,baseline_hellinger_a0p5,0,0.060132829473896705,0.05256089679460593,1.0,0.03641988847583644,0.03641988847583644,1.0,0.12853306033282172,0.014416751139804987,0.12561128090100163,,,0.05,baseline,17,False,20,False,,cuda,0.06001655561278419,,22,114.16981905698776,NVIDIA RTX A5000,hellinger,0.27070316981550424,0.0,0.27070316981550424,0.12061434632337391,9935,10000,9953,10000,scaled_hellinger_float64_norm,AdamW,0.5,1574913,False,0.06001655561278419,0.0005,ReduceLROnPlateau_earlystop_Brier,2026092902,2026092903,2026092904,0.0023695241084171117,patience,80,2048,2048,122984,120000,fixed_training_subset_eval_mode,0.0
feature,upper,baseline_hellinger_a1,0,0.058418472744165895,0.05214807596183693,0.9999999999999999,0.028114930171807495,0.028114930171807495,1.0,0.14807229932735888,0.01814414627776943,0.11620520721612122,,,0.05,baseline,17,False,20,False,,cuda,0.05926599274911304,,22,115.43816663790494,NVIDIA RTX A5000,hellinger,0.30729144461755653,0.0,0.29126105773287536,-0.1229342938681797,9935,10000,9953,10000,scaled_hellinger_float64_norm,AdamW,1,1574913,False,0.05926599274911304,0.0005,ReduceLROnPlateau_earlystop_Brier,2026092902,2026092903,2026092904,-0.021077836696000492,patience,81,2048,2048,122984,120000,fixed_training_subset_eval_mode,0.0
feature,upper,baseline_hellinger_a2,0,0.060588460516312774,0.05281967218079355,0.9999999999999998,0.034768235707826785,0.034768235707826785,1.0,0.07289081712867303,0.017031303745274097,0.1228590844813371,,,0.05,baseline,10,False,20,False,,cuda,0.06055904130167693,,15,77.32720595179126,NVIDIA RTX A5000,hellinger,0.2468404834164386,0.0,0.13041544699148944,0.017359279697160602,9935,10000,9953,10000,scaled_hellinger_float64_norm,AdamW,2,1574913,False,0.06055904130167693,0.0005,ReduceLROnPlateau_earlystop_Brier,2026092902,2026092903,2026092904,0.0013092903085544585,patience,82,2048,2048,122984,120000,fixed_training_subset_eval_mode,0.0
feature,upper,baseline_hellinger_a4,0,0.061058719176342716,0.04900423544767819,1.0,0.04017980508389431,0.04017980508389431,1.0,0.1456335007933753,0.014102688668856672,0.1256346870123848,,,0.05,baseline,8,False,20,False,,cuda,0.06134647376603068,,13,68.04403259372339,NVIDIA RTX A5000,hellinger,0.26642337318969933,0.0,0.26642337318969933,0.1456335007933753,9935,10000,9953,10000,scaled_hellinger_float64_norm,AdamW,4,1574913,False,0.06134647376603068,0.0005,ReduceLROnPlateau_earlystop_Brier,2026092902,2026092903,2026092904,0.020983304521618572,patience,83,2048,2048,122984,120000,fixed_training_subset_eval_mode,0.0
feature,upper,baseline_kl_a0p5,0,0.05654063224084724,0.024828047900753228,1.0,0.04750129106801969,0.04750129106801969,1.0,0.10266641203858536,0.0036462842345374455,0.12325497846369568,,,0.05,baseline,4,False,20,False,,cuda,0.056029152744697545,,9,44.407103524077684,NVIDIA RTX A5000,kl,0.17822752870321398,0.0,0.11482720632430665,0.06963698746181578,9935,10000,9953,10000,scaled_hellinger_float64_norm,AdamW,0.5,1574913,False,0.056029152744697545,0.0005,ReduceLROnPlateau_earlystop_Brier,2026092902,2026092903,2026092904,-0.0029550393262322105,patience,84,2048,2048,122984,120000,fixed_training_subset_eval_mode,0.0
feature,upper,baseline_kl_a1,0,0.055736623538662274,0.0632180099508982,1.0,0.02375029136943635,0.02375029136943635,1.0,0.0667480436153579,0.026964861954430163,0.11582384450408045,,,0.05,baseline,7,False,20,False,,cuda,0.05621806187023374,,12,60.17130018537864,NVIDIA RTX A5000,kl,0.3404225502602685,0.0,0.09543245683757273,0.017541286282462976,9935,10000,9953,10000,scaled_hellinger_float64_norm,AdamW,1,1574913,False,0.05621806187023374,0.0005,ReduceLROnPlateau_earlystop_Brier,2026092902,2026092903,2026092904,0.002303090396597462,patience,85,2048,2048,122984,120000,fixed_training_subset_eval_mode,0.0
feature,upper,baseline_kl_a2,0,0.0554536263904318,0.05135814355989071,1.0,0.032419652366120766,0.032419652366120766,1.0,0.09785735912833986,0.015910357313869403,0.1209397911621821,,,0.05,baseline,6,False,20,False,,cuda,0.05652252225036673,,11,54.33096200693399,NVIDIA RTX A5000,kl,0.2321166141616855,0.0,0.15550713291000484,0.050696112508419613,9935,10000,9953,10000,scaled_hellinger_float64_norm,AdamW,2,1574913,False,0.05652252225036673,0.0005,ReduceLROnPlateau_earlystop_Brier,2026092902,2026092903,2026092904,0.0038999106801099834,patience,86,2048,2048,122984,120000,fixed_training_subset_eval_mode,0.0
feature,upper,baseline_kl_a4,0,0.05554192433532633,0.055005059130011136,1.0,0.03087177735356174,0.03087177735356174,1.0,0.08071003580720681,0.020508515981974246,0.11692970281058183,,,0.05,baseline,7,False,20,False,,cuda,0.05655971774095637,,12,59.611289388965815,NVIDIA RTX A5000,kl,0.38304286311342023,0.0,0.1454000467630171,-0.009700843548191614,9935,10000,9953,10000,scaled_hellinger_float64_norm,AdamW,4,1574913,False,0.05655971774095637,0.0005,ReduceLROnPlateau_earlystop_Brier,2026092902,2026092903,2026092904,-0.007889867755125693,patience,87,2048,2048,122984,120000,fixed_training_subset_eval_mode,0.0
feature,upper,baseline_chisq_a0p5,0,0.055348422342550385,0.04250136486355061,0.9999999999999998,0.0336246106701497,0.0336246106701497,1.0,0.07770639317508467,0.009899467891495022,0.12118227759026128,,,0.05,baseline,3,False,20,False,,cuda,0.055993782250396654,,8,41.53704076400027,NVIDIA RTX A5000,chisq,0.26644130693920404,0.0,0.19852105924049634,0.03790897738362326,9935,10000,9953,10000,scaled_hellinger_float64_norm,AdamW,0.5,1574913,False,0.055993782250396654,0.0005,ReduceLROnPlateau_earlystop_Brier,2026092902,2026092903,2026092904,0.006784032182759058,patience,88,2048,2048,122984,120000,fixed_training_subset_eval_mode,0.0
feature,upper,baseline_chisq_a1,0,0.05547474837793287,0.03088652875368781,1.0000000000000002,0.03728712448507988,0.03728712448507988,1.0,0.08021145506988973,0.004348352973694579,0.12306522865335288,,,0.05,baseline,3,False,20,False,,cuda,0.056035980020019596,,8,40.59266344178468,NVIDIA RTX A5000,chisq,0.14364890510742878,0.0,0.14272362183082188,0.007653772436039012,9935,10000,9953,10000,scaled_hellinger_float64_norm,AdamW,1,1574913,False,0.056035980020019596,0.0005,ReduceLROnPlateau_earlystop_Brier,2026092902,2026092903,2026092904,0.004515152840134839,patience,89,2048,2048,122984,120000,fixed_training_subset_eval_mode,0.0
feature,upper,baseline_chisq_a2,0,0.05574602988019612,0.04255747241213851,1.0,0.034376027328443685,0.034376027328443685,1.0,0.0707047317193736,0.009588760228498597,0.12179398403182048,,,0.05,baseline,3,False,20,False,,cuda,0.05686801685412866,,8,41.22998228576034,NVIDIA RTX A5000,chisq,0.19759864574686525,0.0,0.10783540122228175,0.01598073505555977,9935,10000,9953,10000,scaled_hellinger_float64_norm,AdamW,2,1574913,False,0.05686801685412866,0.0005,ReduceLROnPlateau_earlystop_Brier,2026092902,2026092903,2026092904,0.006599380898958586,patience,90,2048,2048,122984,120000,fixed_training_subset_eval_mode,0.0
feature,upper,baseline_chisq_a4,0,0.05694939983901877,0.04534127926583548,1.0,0.03291729126896414,0.03291729126896414,1.0,0.08106504627176457,0.012829613886148632,0.12228635022224751,,,0.05,baseline,3,False,20,False,,cuda,0.05730083083849408,,8,41.14997227489948,NVIDIA RTX A5000,chisq,0.25958074343125714,0.0,0.15382168212841663,0.05767738499275003,9935,10000,9953,10000,scaled_hellinger_float64_norm,AdamW,4,1574913,False,0.05730083083849408,0.0005,ReduceLROnPlateau_earlystop_Brier,2026092902,2026092903,2026092904,0.018044183544708832,patience,91,2048,2048,122984,120000,fixed_training_subset_eval_mode,0.0
feature,upper,baseline_js_a0p5,0,0.05484891198322561,0.027649622009812042,0.9999999999999999,0.04320459660403898,0.04320459660403898,1.0,0.10252529953157485,0.005155816929691399,0.12211581191302376,,,0.05,baseline,4,False,20,False,,cuda,0.054960198866923674,,9,44.445957334246486,NVIDIA RTX A5000,js,0.1981111866248405,0.0,0.1981111866248405,-0.10252529953157485,9935,10000,9953,10000,scaled_hellinger_float64_norm,AdamW,0.5,1574913,False,0.054960198866923674,0.0005,ReduceLROnPlateau_earlystop_Brier,2026092902,2026092903,2026092904,-0.02568196095768396,patience,92,2048,2048,122984,120000,fixed_training_subset_eval_mode,0.0
feature,upper,baseline_js_a1,0,0.05486820004878914,0.04669281302426914,1.0,0.03442579121872802,0.03442579121872802,1.0,0.09247113642064336,0.015632696174715962,0.11837850509699742,,,0.05,baseline,5,False,20,False,,cuda,0.05520859533688795,,10,48.86051249690354,NVIDIA RTX A5000,js,0.17761780251943549,0.0,0.16892679762145446,0.02460877895556368,9935,10000,9953,10000,scaled_hellinger_float64_norm,AdamW,1,1574913,False,0.05520859533688795,0.0005,ReduceLROnPlateau_earlystop_Brier,2026092902,2026092903,2026092904,0.009552603762071123,patience,93,2048,2048,122984,120000,fixed_training_subset_eval_mode,0.0
feature,upper,baseline_js_a2,0,0.05549613212172873,0.04177563534915718,1.0000000000000002,0.0318720134632774,0.0318720134632774,1.0,0.10062899385759332,0.012818220036673985,0.11806390947602385,,,0.05,baseline,3,False,20,False,,cuda,0.0551809284300258,,8,39.784100036136806,NVIDIA RTX A5000,js,0.21242341885404192,0.0,0.20859322114616852,-0.10062899385759332,9935,10000,9953,10000,scaled_hellinger_float64_norm,AdamW,2,1574913,False,0.0551809284300258,0.0005,ReduceLROnPlateau_earlystop_Brier,2026092902,2026092903,2026092904,0.004094097975312831,patience,94,2048,2048,122984,120000,fixed_training_subset_eval_mode,0.0
feature,upper,baseline_js_a4,0,0.055192235997143076,0.05129434468580969,1.0,0.030464930171807496,0.030464930171807496,1.0,0.10162088451819323,0.020188428889353592,0.11638571870985798,,,0.05,baseline,5,False,20,False,,cuda,0.05489456589592383,,10,49.41853250283748,NVIDIA RTX A5000,js,0.21571528627803183,0.0,0.20834157172482914,0.04896394839435932,9935,10000,9953,10000,scaled_hellinger_float64_norm,AdamW,4,1574913,False,0.05489456589592383,0.0005,ReduceLROnPlateau_earlystop_Brier,2026092902,2026092903,2026092904,0.005626218704866029,patience,95,2048,2048,122984,120000,fixed_training_subset_eval_mode,0.0
feature,upper,baseline_hellinger_a0p5,1,0.059816682356960464,0.05315701573470155,0.9999999999999998,0.031418707927258115,0.031418707927258115,1.0,0.09693192301664698,0.021221150538029164,0.11955007586091497,,,0.05,baseline,15,False,20,False,,cuda,0.05965864166426852,,20,104.94504985911772,NVIDIA RTX A5000,hellinger,0.22708096537895517,0.0,0.17793310855781097,-0.006705784432739828,9935,10000,9953,10000,scaled_hellinger_float64_norm,AdamW,0.5,1574913,False,0.05965864166426852,0.0005,ReduceLROnPlateau_earlystop_Brier,2026093911,2026093912,2026093913,-0.008372691965366861,patience,96,2048,2048,122984,120000,fixed_training_subset_eval_mode,0.0
feature,upper,baseline_hellinger_a1,1,0.059000438807442435,0.04530373537583619,0.9999999999999999,0.028763513513513514,0.028763513513513514,1.0,0.07128957132825417,0.018522564733886696,0.11886602568662497,,,0.05,baseline,16,False,20,False,,cuda,0.0586102703739712,,21,109.24844544799998,NVIDIA RTX A5000,hellinger,0.2868843158610658,0.0,0.1822423672124034,-0.01391528011936817,9935,10000,9953,10000,scaled_hellinger_float64_norm,AdamW,1,1574913,False,0.0586102703739712,0.0005,ReduceLROnPlateau_earlystop_Brier,2026093911,2026093912,2026093913,-0.02557048307084589,patience,97,2048,2048,122984,120000,fixed_training_subset_eval_mode,0.0
feature,upper,baseline_hellinger_a2,1,0.05871415660511288,0.04577000182878337,1.0,0.04619326333768713,0.04619326333768713,1.0,0.05910406446354877,0.018459532456855075,0.12037100114343398,,,0.05,baseline,17,False,20,False,,cuda,0.058641487335591186,,22,115.86114556109533,NVIDIA RTX A5000,hellinger,0.2699776872131392,0.0,0.10427606510959098,0.05782788284919677,9935,10000,9953,10000,scaled_hellinger_float64_norm,AdamW,2,1574913,False,0.058641487335591186,0.0005,ReduceLROnPlateau_earlystop_Brier,2026093911,2026093912,2026093913,-0.007152008373872559,patience,98,2048,2048,122984,120000,fixed_training_subset_eval_mode,0.0
feature,upper,baseline_hellinger_a4,1,0.06005562124135275,0.06287433299405695,1.0,0.032518471817542444,0.032518471817542444,1.0,0.083157022870658,0.030167454581412786,0.11742264928816472,,,0.05,baseline,16,False,20,False,,cuda,0.06016666505371772,,21,107.75314212683588,NVIDIA RTX A5000,hellinger,0.3226551451646378,0.0,0.11451630786864597,0.083157022870658,9935,10000,9953,10000,scaled_hellinger_float64_norm,AdamW,4,1574913,False,0.06016666505371772,0.0005,ReduceLROnPlateau_earlystop_Brier,2026093911,2026093912,2026093913,-0.0005478323535587359,patience,99,2048,2048,122984,120000,fixed_training_subset_eval_mode,0.0
feature,upper,baseline_kl_a0p5,1,0.05533057928271619,0.05364387410185189,0.9999999999999999,0.027059027428915906,0.027059027428915906,1.0,0.07884387483795431,0.01965266372679577,0.11579465455900154,,,0.05,baseline,7,False,20,False,,cuda,0.05641562387647327,,12,60.407092477194965,NVIDIA RTX A5000,kl,0.23402937509923372,0.0,0.1384265360285969,-0.007255964351080919,9935,10000,9953,10000,scaled_hellinger_float64_norm,AdamW,0.5,1574913,False,0.05641562387647327,0.0005,ReduceLROnPlateau_earlystop_Brier,2026093911,2026093912,2026093913,-0.0015309729246866593,patience,100,2048,2048,122984,120000,fixed_training_subset_eval_mode,0.0
feature,upper,baseline_kl_a1,1,0.056874449403090374,0.03277751742259905,1.0,0.047765693760675174,0.047765693760675174,1.0,0.08065532894489635,0.0033957012911890595,0.1266659375441705,,,0.05,baseline,3,False,20,False,,cuda,0.05705351343735285,,8,40.36471227090806,NVIDIA RTX A5000,kl,0.21946877865824632,0.0,0.1098982263552295,-0.08065532894489635,9935,10000,9953,10000,scaled_hellinger_float64_norm,AdamW,1,1574913,False,0.05705351343735285,0.0005,ReduceLROnPlateau_earlystop_Brier,2026093911,2026093912,2026093913,-0.0316577261895904,patience,101,2048,2048,122984,120000,fixed_training_subset_eval_mode,0.0
feature,upper,baseline_kl_a2,1,0.0570158628991459,0.022408681354501022,1.0,0.045263804882949864,0.045263804882949864,1.0,0.11219104867335389,0.0012859631019294623,0.12552237696097193,,,0.05,baseline,2,False,20,False,,cuda,0.05724069767454076,,8,40.5544210979715,NVIDIA RTX A5000,kl,0.23177004000733703,0.0,0.23177004000733703,-0.08616360272227647,9935,10000,9953,10000,scaled_hellinger_float64_norm,AdamW,2,1574913,False,0.05724069767454076,0.0005,ReduceLROnPlateau_earlystop_Brier,2026093911,2026093912,2026093913,-0.013819687702734028,patience,102,2048,2048,122984,120000,fixed_training_subset_eval_mode,0.0
feature,upper,baseline_kl_a4,1,0.05669383064818785,0.023687240149256772,1.0,0.04450861046920527,0.04450861046920527,1.0,0.07960132429567499,0.001648762076479129,0.1258318287631679,,,0.05,baseline,2,False,20,False,,cuda,0.057582872813308685,,8,40.41212099697441,NVIDIA RTX A5000,kl,0.14252697180442064,0.0,0.13209941072219755,-0.07041529904354771,9935,10000,9953,10000,scaled_hellinger_float64_norm,AdamW,4,1574913,False,0.057582872813308685,0.0005,ReduceLROnPlateau_earlystop_Brier,2026093911,2026093912,2026093913,-0.01087545021326496,patience,103,2048,2048,122984,120000,fixed_training_subset_eval_mode,0.0
feature,upper,baseline_chisq_a0p5,1,0.05657817146387381,0.037653829724934335,1.0,0.034883110619913595,0.034883110619913595,1.0,0.09533212405112988,0.00986045948705362,0.120163806989057,,,0.05,baseline,4,False,20,False,,cuda,0.055918817351509366,,9,46.01220536278561,NVIDIA RTX A5000,chisq,0.18818982762356407,0.0,0.1676101126563152,-0.02788677781926922,9935,10000,9953,10000,scaled_hellinger_float64_norm,AdamW,0.5,1574913,False,0.055918817351509366,0.0005,ReduceLROnPlateau_earlystop_Brier,2026093911,2026093912,2026093913,0.008301788008826978,patience,104,2048,2048,122984,120000,fixed_training_subset_eval_mode,0.0
feature,upper,baseline_chisq_a1,1,0.05576078474743572,0.04408483280937106,1.0,0.03292862453531598,0.03292862453531598,1.0,0.0652407899830332,0.012685596591628405,0.12116590063005189,,,0.05,baseline,6,False,20,False,,cuda,0.05587259434964767,,11,56.552512736059725,NVIDIA RTX A5000,chisq,0.24906032076940265,0.0,0.13587866847419217,-0.05159680155774617,9935,10000,9953,10000,scaled_hellinger_float64_norm,AdamW,1,1574913,False,0.05587259434964767,0.0005,ReduceLROnPlateau_earlystop_Brier,2026093911,2026093912,2026093913,0.006652724581988311,patience,105,2048,2048,122984,120000,fixed_training_subset_eval_mode,0.0
feature,upper,baseline_chisq_a2,1,0.05699465444910248,0.038297247343230506,1.0,0.03202343012157138,0.03202343012157138,1.0,0.0840829233919078,0.009002725613095963,0.11966723193705835,,,0.05,baseline,4,False,20,False,,cuda,0.05668164788246547,,9,46.397895651869476,NVIDIA RTX A5000,chisq,0.20426795868143688,0.0,0.13872804991202536,-0.03223935238381734,9935,10000,9953,10000,scaled_hellinger_float64_norm,AdamW,2,1574913,False,0.05668164788246547,0.0005,ReduceLROnPlateau_earlystop_Brier,2026093911,2026093912,2026093913,0.012707136142152388,patience,106,2048,2048,122984,120000,fixed_training_subset_eval_mode,0.0
feature,upper,baseline_chisq_a4,1,0.05638967129959313,0.04651864783705252,1.0,0.03331988847583643,0.03331988847583643,1.0,0.08734635115040164,0.01529697003855135,0.12001822948425755,,,0.05,baseline,6,False,20,False,,cuda,0.05680862297329396,,11,56.2881807689555,NVIDIA RTX A5000,chisq,0.20808188738346312,0.0,0.18988754876184832,0.08734635115040164,9935,10000,9953,10000,scaled_hellinger_float64_norm,AdamW,4,1574913,False,0.05680862297329396,0.0005,ReduceLROnPlateau_earlystop_Brier,2026093911,2026093912,2026093913,0.01927115540683502,patience,107,2048,2048,122984,120000,fixed_training_subset_eval_mode,0.0
feature,upper,baseline_js_a0p5,1,0.054184034377590604,0.02823322402904566,1.0,0.04305270772631367,0.04305270772631367,1.0,0.0867269826655247,0.0028666163650336775,0.12201088675094834,,,0.05,baseline,2,False,20,False,,cuda,0.05511232065257132,,8,40.33741780091077,NVIDIA RTX A5000,js,0.22274264725187087,0.0,0.16102085316333392,-0.06050958969780242,9935,10000,9953,10000,scaled_hellinger_float64_norm,AdamW,0.5,1574913,False,0.05511232065257132,0.0005,ReduceLROnPlateau_earlystop_Brier,2026093911,2026093912,2026093913,-0.006978022814702749,patience,108,2048,2048,122984,120000,fixed_training_subset_eval_mode,0.0
feature,upper,baseline_js_a1,1,0.053950731718644965,0.015795569063331814,1.0,0.045608846578920934,0.045608846578920934,1.0,0.05669822645117495,0.0010957424813877977,0.12160803395452628,,,0.05,baseline,3,False,20,False,,cuda,0.05478261502679893,,8,39.648072745185345,NVIDIA RTX A5000,js,0.09639027121876809,0.0,0.09639027121876809,0.0159016647128294,9935,10000,9953,10000,scaled_hellinger_float64_norm,AdamW,1,1574913,False,0.05478261502679893,0.0005,ReduceLROnPlateau_earlystop_Brier,2026093911,2026093912,2026093913,-0.010033492668656538,patience,109,2048,2048,122984,120000,fixed_training_subset_eval_mode,0.0
feature,upper,baseline_js_a2,1,0.05442661097805532,0.025844945711534652,1.0,0.04370506882347031,0.04370506882347031,1.0,0.10341376775721602,0.0027925314517276154,0.12261463250739194,,,0.05,baseline,2,False,20,False,,cuda,0.05504226876924106,,8,39.60316082276404,NVIDIA RTX A5000,js,0.1897058620665686,0.0,0.1897058620665686,-0.08483285186481415,9935,10000,9953,10000,scaled_hellinger_float64_norm,AdamW,2,1574913,False,0.05504226876924106,0.0005,ReduceLROnPlateau_earlystop_Brier,2026093911,2026093912,2026093913,-0.0062144792742759485,patience,110,2048,2048,122984,120000,fixed_training_subset_eval_mode,0.0
feature,upper,baseline_js_a4,1,0.05436860735687803,0.02469872565637686,1.0,0.042701763287451025,0.042701763287451025,1.0,0.0715312940870284,0.0024342704049085096,0.12324192456916162,,,0.05,baseline,2,False,20,False,,cuda,0.0554004124739714,,8,39.45161410886794,NVIDIA RTX A5000,js,0.23287104814919235,0.0,0.21948785036052565,-0.0572687575907051,9935,10000,9953,10000,scaled_hellinger_float64_norm,AdamW,4,1574913,False,0.0554004124739714,0.0005,ReduceLROnPlateau_earlystop_Brier,2026093911,2026093912,2026093913,-0.00705882411968117,patience,111,2048,2048,122984,120000,fixed_training_subset_eval_mode,0.0
feature,upper,baseline_hellinger_a0p5,2,0.060153238358724465,0.043140614287022386,1.0,0.03968027730332563,0.03968027730332563,1.0,0.12737768182990844,0.013839210328542385,0.12185022663380246,,,0.05,baseline,12,False,20,False,,cuda,0.05907536855592774,,17,88.9254271411337,NVIDIA RTX A5000,hellinger,0.29593082056009634,0.0,0.1832590526619442,0.062158041526243955,9935,10000,9953,10000,scaled_hellinger_float64_norm,AdamW,0.5,1574913,False,0.05907536855592774,0.0005,ReduceLROnPlateau_earlystop_Brier,2026094920,2026094921,2026094922,-0.013578080539337244,patience,112,2048,2048,122984,120000,fixed_training_subset_eval_mode,0.0
feature,upper,baseline_hellinger_a1,2,0.06024535711799661,0.04180182713293947,1.0,0.029653596905455642,0.029653596905455642,1.0,0.2148488829491996,0.012347800816020995,0.12162400834905183,,,0.05,baseline,17,False,20,False,,cuda,0.05911603543647903,,22,116.59206735063344,NVIDIA RTX A5000,hellinger,0.29421134726293374,0.0,0.29421134726293374,0.2148488829491996,9935,10000,9953,10000,scaled_hellinger_float64_norm,AdamW,1,1574913,False,0.05911603543647903,0.0005,ReduceLROnPlateau_earlystop_Brier,2026094920,2026094921,2026094922,-0.0014525629145667326,patience,113,2048,2048,122984,120000,fixed_training_subset_eval_mode,0.0
feature,upper,baseline_hellinger_a2,2,0.05891558000017728,0.04547256988707105,1.0,0.031263513513513516,0.031263513513513516,1.0,0.08303917233453426,0.01342141724043771,0.12182195607587584,,,0.05,baseline,14,False,20,False,,cuda,0.05943857819427333,,19,99.6787272640504,NVIDIA RTX A5000,hellinger,0.2172402872163881,0.0,0.18551018860770574,0.07347379856252359,9935,10000,9953,10000,scaled_hellinger_float64_norm,AdamW,2,1574913,False,0.05943857819427333,0.0005,ReduceLROnPlateau_earlystop_Brier,2026094920,2026094921,2026094922,-0.0018301451575569345,patience,114,2048,2048,122984,120000,fixed_training_subset_eval_mode,0.0
feature,upper,baseline_hellinger_a4,2,0.060231848979264875,0.05719868291284854,1.0,0.039623194011855725,0.039623194011855725,1.0,0.160966125615989,0.020182644774401747,0.12315109006196627,,,0.05,baseline,12,False,20,False,,cuda,0.059335097874246776,,17,89.33457866078243,NVIDIA RTX A5000,hellinger,0.23257979569212173,0.0,0.23257979569212173,0.160966125615989,9935,10000,9953,10000,scaled_hellinger_float64_norm,AdamW,4,1574913,False,0.059335097874246776,0.0005,ReduceLROnPlateau_earlystop_Brier,2026094920,2026094921,2026094922,0.013992184845839532,patience,115,2048,2048,122984,120000,fixed_training_subset_eval_mode,0.0
feature,upper,baseline_kl_a0p5,2,0.05513559911589566,0.034124654524028235,1.0,0.0344649301718075,0.0344649301718075,1.0,0.11315992907872706,0.008668244407694,0.11991096543152915,,,0.05,baseline,6,False,20,False,,cuda,0.055767324671077964,,11,54.2000867431052,NVIDIA RTX A5000,kl,0.17232448374376874,0.0,0.17232448374376874,0.1019003222831512,9935,10000,9953,10000,scaled_hellinger_float64_norm,AdamW,0.5,1574913,False,0.055767324671077964,0.0005,ReduceLROnPlateau_earlystop_Brier,2026094920,2026094921,2026094922,-0.0020156645535541213,patience,116,2048,2048,122984,120000,fixed_training_subset_eval_mode,0.0
feature,upper,baseline_kl_a1,2,0.05358196302106576,0.028999258791375257,1.0,0.036217527378679795,0.036217527378679795,1.0,0.13864021379230362,0.005404024977396793,0.12039787893569241,,,0.05,baseline,6,False,20,False,,cuda,0.05546877535608405,,11,55.78959892690182,NVIDIA RTX A5000,kl,0.209078223806755,0.0,0.209078223806755,0.13864021379230362,9935,10000,9953,10000,scaled_hellinger_float64_norm,AdamW,1,1574913,False,0.05546877535608405,0.0005,ReduceLROnPlateau_earlystop_Brier,2026094920,2026094921,2026094922,0.00487183090232938,patience,117,2048,2048,122984,120000,fixed_training_subset_eval_mode,0.0
feature,upper,baseline_kl_a2,2,0.0548656958844765,0.03712657120895276,1.0,0.042530513413041295,0.042530513413041295,1.0,0.13883619667847882,0.007822067937452081,0.12187481352995123,,,0.05,baseline,6,False,20,False,,cuda,0.056168451329547654,,11,55.03033202374354,NVIDIA RTX A5000,kl,0.2953178851326437,0.0,0.26397624562409727,0.13428737399405088,9935,10000,9953,10000,scaled_hellinger_float64_norm,AdamW,2,1574913,False,0.056168451329547654,0.0005,ReduceLROnPlateau_earlystop_Brier,2026094920,2026094921,2026094922,0.010072064524732225,patience,118,2048,2048,122984,120000,fixed_training_subset_eval_mode,0.0
feature,upper,baseline_kl_a4,2,0.05602958138030663,0.04130909051880037,1.0,0.034769652366120764,0.034769652366120764,1.0,0.07550514699876476,0.011517340308640517,0.12147679601963966,,,0.05,baseline,6,False,20,False,,cuda,0.056967693363683174,,11,55.237195366062224,NVIDIA RTX A5000,kl,0.19141173784990584,0.0,0.15975122358962368,0.06936743335943789,9935,10000,9953,10000,scaled_hellinger_float64_norm,AdamW,4,1574913,False,0.056967693363683174,0.0005,ReduceLROnPlateau_earlystop_Brier,2026094920,2026094921,2026094922,0.004927119449251389,patience,119,2048,2048,122984,120000,fixed_training_subset_eval_mode,0.0
feature,upper,baseline_chisq_a0p5,2,0.054115788926683686,0.011376897196292726,1.0000000000000002,0.04655695770119562,0.04655695770119562,1.0,0.0492389432376211,0.0,0.1207738830325528,,,0.05,baseline,4,False,20,False,,cuda,0.05456255163138671,,9,46.33027591370046,NVIDIA RTX A5000,chisq,0.13128096282168777,0.0,0.1185121720846456,-0.02806034779417626,9935,10000,9953,10000,scaled_hellinger_float64_norm,AdamW,0.5,1574913,False,0.05456255163138671,0.0005,ReduceLROnPlateau_earlystop_Brier,2026094920,2026094921,2026094922,-0.0065406904607770225,patience,120,2048,2048,122984,120000,fixed_training_subset_eval_mode,0.0
feature,upper,baseline_chisq_a1,2,0.05367112630687772,0.014757030048649755,1.0,0.041191374459961815,0.041191374459961815,1.0,0.060474295560806704,0.00015975990874230427,0.11940259441335259,,,0.05,baseline,4,False,20,False,,cuda,0.054778101439164575,,9,46.59591583814472,NVIDIA RTX A5000,chisq,0.1244483855435271,0.0,0.1244483855435271,0.03430104157794356,9935,10000,9953,10000,scaled_hellinger_float64_norm,AdamW,1,1574913,False,0.054778101439164575,0.0005,ReduceLROnPlateau_earlystop_Brier,2026094920,2026094921,2026094922,0.005951235612448665,patience,121,2048,2048,122984,120000,fixed_training_subset_eval_mode,0.0
feature,upper,baseline_chisq_a2,2,0.05469219063209417,0.018193193432277408,0.9999999999999999,0.04225152717773536,0.04225152717773536,1.0,0.06574918136606508,0.0014476047649904203,0.12217318348901669,,,0.05,baseline,4,False,20,False,,cuda,0.055791649618885816,,9,45.98132070712745,NVIDIA RTX A5000,chisq,0.11453213144178154,0.0,0.11453213144178154,-0.06574918136606508,9935,10000,9953,10000,scaled_hellinger_float64_norm,AdamW,2,1574913,False,0.055791649618885816,0.0005,ReduceLROnPlateau_earlystop_Brier,2026094920,2026094921,2026094922,-0.012893390194082633,patience,122,2048,2048,122984,120000,fixed_training_subset_eval_mode,0.0
feature,upper,baseline_chisq_a4,2,0.05471050283442214,0.014039723180894473,0.9999999999999999,0.046258610469205264,0.046258610469205264,1.0,0.08131637585154247,0.0,0.12209956458482799,,,0.05,baseline,4,False,20,False,,cuda,0.05540724446286338,,9,46.118812827859074,NVIDIA RTX A5000,chisq,0.13918886740696323,0.0,0.13918886740696323,-0.08131637585154247,9935,10000,9953,10000,scaled_hellinger_float64_norm,AdamW,4,1574913,False,0.05540724446286338,0.0005,ReduceLROnPlateau_earlystop_Brier,2026094920,2026094921,2026094922,-0.004629322908768348,patience,123,2048,2048,122984,120000,fixed_training_subset_eval_mode,0.0
feature,upper,baseline_js_a0p5,2,0.05383185469852794,0.03013265630304505,1.0,0.03792649954787501,0.03792649954787501,1.0,0.12531264100326758,0.004823584308060739,0.11938494449691903,,,0.05,baseline,4,False,20,False,,cuda,0.05416767413317856,,9,44.71018064720556,NVIDIA RTX A5000,js,0.16761742808456093,0.0,0.16761742808456093,0.039670446671895655,9935,10000,9953,10000,scaled_hellinger_float64_norm,AdamW,0.5,1574913,False,0.05416767413317856,0.0005,ReduceLROnPlateau_earlystop_Brier,2026094920,2026094921,2026094922,0.007369211435759682,patience,124,2048,2048,122984,120000,fixed_training_subset_eval_mode,0.0
feature,upper,baseline_js_a1,2,0.05372772722263649,0.029131050409465564,1.0,0.04084066613081483,0.04084066613081483,1.0,0.054217644020674825,0.005909811527757866,0.11992343413255716,,,0.05,baseline,4,False,20,False,,cuda,0.054101182282402696,,9,44.72770290495828,NVIDIA RTX A5000,js,0.14089144293161326,0.0,0.12085709999673888,0.00029141768373241875,9935,10000,9953,10000,scaled_hellinger_float64_norm,AdamW,1,1574913,False,0.054101182282402696,0.0005,ReduceLROnPlateau_earlystop_Brier,2026094920,2026094921,2026094922,0.0046710312374589865,patience,125,2048,2048,122984,120000,fixed_training_subset_eval_mode,0.0
feature,upper,baseline_js_a2,2,0.05366771632508453,0.023283995790759373,0.9999999999999999,0.039783818949060586,0.039783818949060586,1.0,0.06544210747563872,0.00242954213138227,0.12001635382831426,,,0.05,baseline,4,False,20,False,,cuda,0.053688828143933734,,9,44.67055955994874,NVIDIA RTX A5000,js,0.21407046348371717,0.0,0.21407046348371717,0.04792060406891309,9935,10000,9953,10000,scaled_hellinger_float64_norm,AdamW,2,1574913,False,0.053688828143933734,0.0005,ReduceLROnPlateau_earlystop_Brier,2026094920,2026094921,2026094922,0.011926764114210057,patience,126,2048,2048,122984,120000,fixed_training_subset_eval_mode,0.0
feature,upper,baseline_js_a4,2,0.05348292236045092,0.026024927271706324,1.0,0.03798405505877625,0.03798405505877625,1.0,0.039238337815744394,0.00399380940709998,0.11991550935522827,,,0.05,baseline,4,False,20,False,,cuda,0.05362862695411709,,9,44.237680254969746,NVIDIA RTX A5000,js,0.10923214688852934,0.0,0.07347356325236132,0.03545456756969883,9935,10000,9953,10000,scaled_hellinger_float64_norm,AdamW,4,1574913,False,0.05362862695411709,0.0005,ReduceLROnPlateau_earlystop_Brier,2026094920,2026094921,2026094922,0.0051384691821830236,patience,127,2048,2048,122984,120000,fixed_training_subset_eval_mode,0.0
feature,upper,baseline_hellinger_a0p5,3,0.05975152189192314,0.06073241744197692,1.0,0.026453596905455644,0.026453596905455644,1.0,0.052094723873885355,0.02305394320362905,0.1173909904905994,,,0.05,baseline,21,False,20,False,,cuda,0.05806720451508755,,26,134.34183662990108,NVIDIA RTX A5000,hellinger,0.41062384550589626,0.0,0.11338855991020758,0.03685413789134854,9935,10000,9953,10000,scaled_hellinger_float64_norm,AdamW,0.5,1574913,False,0.05806720451508755,0.0005,ReduceLROnPlateau_earlystop_Brier,2026095929,2026095930,2026095931,-0.004525251371310777,patience,128,2048,2048,122984,120000,fixed_training_subset_eval_mode,0.0
feature,upper,baseline_hellinger_a1,3,0.06072905377295011,0.03964822437089642,0.9999999999999997,0.05457017984527278,0.05457017984527278,1.0,0.07736350803872524,0.0114550826429241,0.1276015520848447,,,0.05,baseline,10,False,20,False,,cuda,0.05981804623710682,,15,79.70501004904509,NVIDIA RTX A5000,hellinger,0.16348974260236693,0.0,0.16265119529339955,-0.005716936147584151,9935,10000,9953,10000,scaled_hellinger_float64_norm,AdamW,1,1574913,False,0.05981804623710682,0.0005,ReduceLROnPlateau_earlystop_Brier,2026095929,2026095930,2026095931,-0.034788989854186,patience,129,2048,2048,122984,120000,fixed_training_subset_eval_mode,0.0
feature,upper,baseline_hellinger_a2,3,0.06099845712979971,0.051778510504585123,0.9999999999999999,0.040735943936501554,0.040735943936501554,1.0,0.11176822538977621,0.019593536884637223,0.12387836084935634,,,0.05,baseline,10,False,20,False,,cuda,0.06009529610207807,,15,78.2929659304209,NVIDIA RTX A5000,hellinger,0.21424212807515497,0.0,0.15076641445933048,0.10866270240830106,9935,10000,9953,10000,scaled_hellinger_float64_norm,AdamW,2,1574913,False,0.06009529610207807,0.0005,ReduceLROnPlateau_earlystop_Brier,2026095929,2026095930,2026095931,0.005359173567049269,patience,130,2048,2048,122984,120000,fixed_training_subset_eval_mode,0.0
feature,upper,baseline_hellinger_a4,3,0.06060613057917878,0.03773407870998403,0.9999999999999999,0.04474161056967749,0.04474161056967749,1.0,0.09491832401914277,0.010322930708482076,0.12310305102169722,,,0.05,baseline,9,False,20,False,,cuda,0.060312499286489574,,14,73.6320969411172,NVIDIA RTX A5000,hellinger,0.14161997227920597,0.0,0.12432483935171668,0.02667833141602691,9935,10000,9953,10000,scaled_hellinger_float64_norm,AdamW,4,1574913,False,0.060312499286489574,0.0005,ReduceLROnPlateau_earlystop_Brier,2026095929,2026095930,2026095931,-0.0009488616433296159,patience,131,2048,2048,122984,120000,fixed_training_subset_eval_mode,0.0
feature,upper,baseline_kl_a0p5,3,0.05629000301924203,0.028578004489148393,1.0000000000000002,0.03983901336280518,0.03983901336280518,1.0,0.08005446502572444,0.007337169392001187,0.12275834704260696,,,0.05,baseline,4,False,20,False,,cuda,0.055592857080458094,,9,45.08786690700799,NVIDIA RTX A5000,kl,0.11102235069180985,0.0,0.0971263898878747,-0.00700320505745196,9935,10000,9953,10000,scaled_hellinger_float64_norm,AdamW,0.5,1574913,False,0.055592857080458094,0.0005,ReduceLROnPlateau_earlystop_Brier,2026095929,2026095930,2026095931,-0.006122365529025659,patience,132,2048,2048,122984,120000,fixed_training_subset_eval_mode,0.0
feature,upper,baseline_kl_a1,3,0.05703225282987413,0.03151903457191658,1.0000000000000002,0.04084255500854014,0.04084255500854014,1.0,0.0772853501817253,0.005901009518742176,0.12321642350331327,,,0.05,baseline,4,False,20,False,,cuda,0.055697110724672136,,9,44.14523003716022,NVIDIA RTX A5000,kl,0.17563063712778204,0.0,0.16570925544363235,-0.031013282670070166,9935,10000,9953,10000,scaled_hellinger_float64_norm,AdamW,1,1574913,False,0.055697110724672136,0.0005,ReduceLROnPlateau_earlystop_Brier,2026095929,2026095930,2026095931,-0.01193442307734582,patience,133,2048,2048,122984,120000,fixed_training_subset_eval_mode,0.0
feature,upper,baseline_kl_a2,3,0.05670776176395238,0.028750817568484743,1.0000000000000002,0.039937596704511205,0.039937596704511205,1.0,0.049085785952636796,0.006117702415106951,0.12353586570640153,,,0.05,baseline,4,False,20,False,,cuda,0.05603733972725065,,9,44.738128778059036,NVIDIA RTX A5000,kl,0.14169645882482657,0.0,0.10453734475721421,-0.04191538880465551,9935,10000,9953,10000,scaled_hellinger_float64_norm,AdamW,2,1574913,False,0.05603733972725065,0.0005,ReduceLROnPlateau_earlystop_Brier,2026095929,2026095930,2026095931,-0.008167813209765598,patience,134,2048,2048,122984,120000,fixed_training_subset_eval_mode,0.0
feature,upper,baseline_kl_a4,3,0.057844648317674545,0.03211800685796851,1.0,0.037680513413041294,0.037680513413041294,1.0,0.08744844169286284,0.006272075661187173,0.12477063269980346,,,0.05,baseline,4,False,20,False,,cuda,0.05634634387367379,,9,45.794376890640706,NVIDIA RTX A5000,kl,0.17513421756710124,0.0,0.17513421756710124,-0.08744844169286284,9935,10000,9953,10000,scaled_hellinger_float64_norm,AdamW,4,1574913,False,0.05634634387367379,0.0005,ReduceLROnPlateau_earlystop_Brier,2026095929,2026095930,2026095931,-0.011042214335499574,patience,135,2048,2048,122984,120000,fixed_training_subset_eval_mode,0.0
feature,upper,baseline_chisq_a0p5,3,0.05679321771244411,0.036807923588183994,1.0,0.03748216618105094,0.03748216618105094,1.0,0.08994874157090176,0.00699383939958168,0.1203236267930499,,,0.05,baseline,4,False,20,False,,cuda,0.05505474746894784,,9,45.725726588163525,NVIDIA RTX A5000,chisq,0.20790706877309617,0.0,0.20790706877309617,0.02709672822219675,9935,10000,9953,10000,scaled_hellinger_float64_norm,AdamW,0.5,1574913,False,0.05505474746894784,0.0005,ReduceLROnPlateau_earlystop_Brier,2026095929,2026095930,2026095931,0.024474420077816746,patience,136,2048,2048,122984,120000,fixed_training_subset_eval_mode,0.0
feature,upper,baseline_chisq_a1,3,0.05578308685946866,0.01731098195801476,1.0,0.042301054958304024,0.042301054958304024,1.0,0.07780539669675361,0.0005985513594871879,0.12191915038156065,,,0.05,baseline,4,False,20,False,,cuda,0.05473361807070627,,9,46.2436738172546,NVIDIA RTX A5000,chisq,0.1242251969207071,0.0,0.1242251969207071,-0.07011012258721544,9935,10000,9953,10000,scaled_hellinger_float64_norm,AdamW,1,1574913,False,0.05473361807070627,0.0005,ReduceLROnPlateau_earlystop_Brier,2026095929,2026095930,2026095931,-0.005372471355416542,patience,137,2048,2048,122984,120000,fixed_training_subset_eval_mode,0.0
feature,upper,baseline_chisq_a2,3,0.05572111249208078,0.027851165712437946,1.0,0.039085471717070226,0.039085471717070226,1.0,0.08294484200264235,0.005251111966033966,0.12085814862561042,,,0.05,baseline,4,False,20,False,,cuda,0.054876065231932475,,9,45.39455954218283,NVIDIA RTX A5000,chisq,0.1335536307106292,0.0,0.1335536307106292,0.003488551145640133,9935,10000,9953,10000,scaled_hellinger_float64_norm,AdamW,2,1574913,False,0.054876065231932475,0.0005,ReduceLROnPlateau_earlystop_Brier,2026095929,2026095930,2026095931,0.008789310564311455,patience,138,2048,2048,122984,120000,fixed_training_subset_eval_mode,0.0
feature,upper,baseline_chisq_a4,3,0.05602088280900577,0.028655127228019203,0.9999999999999998,0.03773476338792324,0.03773476338792324,1.0,0.08529591874412161,0.005312041409450276,0.12121657564517778,,,0.05,baseline,4,False,20,False,,cuda,0.0549649202671508,,9,45.80645953910425,NVIDIA RTX A5000,chisq,0.16715691212668937,0.0,0.16715691212668937,0.040888797251383315,9935,10000,9953,10000,scaled_hellinger_float64_norm,AdamW,4,1574913,False,0.0549649202671508,0.0005,ReduceLROnPlateau_earlystop_Brier,2026095929,2026095930,2026095931,0.007779522335412166,patience,139,2048,2048,122984,120000,fixed_training_subset_eval_mode,0.0
feature,upper,baseline_js_a0p5,3,0.055222901082019424,0.03409098162132615,0.9999999999999999,0.037854124384607654,0.037854124384607654,1.0,0.14022359800060794,0.005504099853450694,0.1198113296434287,,,0.05,baseline,4,False,20,False,,cuda,0.05422997305785038,,9,45.070240756031126,NVIDIA RTX A5000,js,0.2576687002983016,0.0,0.2015197051757731,-0.14022359800060794,9935,10000,9953,10000,scaled_hellinger_float64_norm,AdamW,0.5,1574913,False,0.05422997305785038,0.0005,ReduceLROnPlateau_earlystop_Brier,2026095929,2026095930,2026095931,-0.021967894098752803,patience,140,2048,2048,122984,120000,fixed_training_subset_eval_mode,0.0
feature,upper,baseline_js_a1,3,0.05547966668557065,0.03335387647539981,1.0,0.03900719381091128,0.03900719381091128,1.0,0.14949941853198215,0.004759463296174451,0.11947491906492923,,,0.05,baseline,4,False,20,False,,cuda,0.05449041495198798,,9,45.33220319543034,NVIDIA RTX A5000,js,0.2561105193643012,0.0,0.20007993657141188,-0.14949941853198215,9935,10000,9953,10000,scaled_hellinger_float64_norm,AdamW,1,1574913,False,0.05449041495198798,0.0005,ReduceLROnPlateau_earlystop_Brier,2026095929,2026095930,2026095931,-0.02380961841732248,patience,141,2048,2048,122984,120000,fixed_training_subset_eval_mode,0.0
feature,upper,baseline_js_a2,3,0.055192738529345045,0.029241486744144975,1.0,0.041361679895508895,0.041361679895508895,1.0,0.1383633612163844,0.004149207102133255,0.12020576866975277,,,0.05,baseline,4,False,20,False,,cuda,0.053941869617509824,,9,44.66773071466014,NVIDIA RTX A5000,js,0.22810582317675565,0.0,0.17469246363266822,-0.1383633612163844,9935,10000,9953,10000,scaled_hellinger_float64_norm,AdamW,2,1574913,False,0.053941869617509824,0.0005,ReduceLROnPlateau_earlystop_Brier,2026095929,2026095930,2026095931,-0.019863267630125993,patience,142,2048,2048,122984,120000,fixed_training_subset_eval_mode,0.0
feature,upper,baseline_js_a4,3,0.05543478285512218,0.03187751680319068,1.0,0.03599043002109917,0.03599043002109917,1.0,0.13031307785769491,0.005262536934067769,0.11941823200549144,,,0.05,baseline,4,False,20,False,,cuda,0.054371325448648006,,9,44.36729855975136,NVIDIA RTX A5000,js,0.19770160824778948,0.0,0.19770160824778948,-0.13031307785769491,9935,10000,9953,10000,scaled_hellinger_float64_norm,AdamW,4,1574913,False,0.054371325448648006,0.0005,ReduceLROnPlateau_earlystop_Brier,2026095929,2026095930,2026095931,-0.01768709060897668,patience,143,2048,2048,122984,120000,fixed_training_subset_eval_mode,0.0
feature,upper,baseline_hellinger_a0p5,4,0.05963847481491058,0.04863304088649947,0.9999999999999998,0.03627886064503165,0.03627886064503165,1.0,0.042911159122188465,0.018191426650562812,0.12131169858436694,,,0.05,baseline,13,False,20,False,,cuda,0.05879729846002449,,18,94.00776913622394,NVIDIA RTX A5000,hellinger,0.2912342076862314,0.0,0.10391377721894213,-0.02471776338899014,9935,10000,9953,10000,scaled_hellinger_float64_norm,AdamW,0.5,1574913,False,0.05879729846002449,0.0005,ReduceLROnPlateau_earlystop_Brier,2026096938,2026096939,2026096940,-0.01100591192110018,patience,144,2048,2048,122984,120000,fixed_training_subset_eval_mode,0.0
feature,upper,baseline_hellinger_a1,4,0.05809179961886863,0.03188930739792792,0.9999999999999999,0.04074066613081483,0.04074066613081483,1.0,0.015603187413188639,0.012273706580071016,0.1240668695075681,,,0.05,baseline,12,False,20,False,,cuda,0.05765044353314369,,17,88.37024000287056,NVIDIA RTX A5000,hellinger,0.21218390755398708,0.0,0.03370766634336786,0.0013030039389359065,9935,10000,9953,10000,scaled_hellinger_float64_norm,AdamW,1,1574913,False,0.05765044353314369,0.0005,ReduceLROnPlateau_earlystop_Brier,2026096938,2026096939,2026096940,-0.017926378735116454,patience,145,2048,2048,122984,120000,fixed_training_subset_eval_mode,0.0
feature,upper,baseline_hellinger_a2,4,0.059164196100351105,0.04158280796417933,0.9999999999999998,0.046739249472520845,0.046739249472520845,1.0,0.09764425163276388,0.011541524510276983,0.12119262948926292,,,0.05,baseline,13,False,20,False,,cuda,0.05892895047693675,,18,94.70171406911686,NVIDIA RTX A5000,hellinger,0.21814915096172105,0.0,0.16075925697910443,0.09764425163276388,9935,10000,9953,10000,scaled_hellinger_float64_norm,AdamW,2,1574913,False,0.05892895047693675,0.0005,ReduceLROnPlateau_earlystop_Brier,2026096938,2026096939,2026096940,-0.00028812731598962515,patience,146,2048,2048,122984,120000,fixed_training_subset_eval_mode,0.0
feature,upper,baseline_hellinger_a4,4,0.06038559988972567,0.03161303423085333,0.9999999999999998,0.05822442982015473,0.05822442982015473,1.0,0.035452832314394764,0.010677421949181738,0.12244799165297368,,,0.05,baseline,12,False,20,False,,cuda,0.05983227791857358,,17,89.31993940006942,NVIDIA RTX A5000,hellinger,0.15843421506724986,0.0,0.08847886129372695,0.01706807514910452,9935,10000,9953,10000,scaled_hellinger_float64_norm,AdamW,4,1574913,False,0.05983227791857358,0.0005,ReduceLROnPlateau_earlystop_Brier,2026096938,2026096939,2026096940,-0.021477310991579294,patience,147,2048,2048,122984,120000,fixed_training_subset_eval_mode,0.0
feature,upper,baseline_kl_a0p5,4,0.05576302507639327,0.04573237866603242,1.0,0.03396138852607254,0.03396138852607254,1.0,0.1094250372758355,0.014903765238224044,0.11870652958886126,,,0.05,baseline,6,False,20,False,,cuda,0.0567084285668055,,11,55.87214728305116,NVIDIA RTX A5000,kl,0.2066716079487685,0.0,0.2066716079487685,0.1094250372758355,9935,10000,9953,10000,scaled_hellinger_float64_norm,AdamW,0.5,1574913,False,0.0567084285668055,0.0005,ReduceLROnPlateau_earlystop_Brier,2026096938,2026096939,2026096940,0.012841952058674923,patience,148,2048,2048,122984,120000,fixed_training_subset_eval_mode,0.0
feature,upper,baseline_kl_a1,4,0.05741975832590998,0.057419777322957145,0.9999999999999999,0.026659735758062894,0.026659735758062894,1.0,0.06075739817760319,0.02670471376084923,0.115496585865838,,,0.05,baseline,7,False,20,False,,cuda,0.0576882943830717,,12,60.26815281063318,NVIDIA RTX A5000,kl,0.30306953782912566,0.0,0.14285890215656283,-0.009637722108722501,9935,10000,9953,10000,scaled_hellinger_float64_norm,AdamW,1,1574913,False,0.0576882943830717,0.0005,ReduceLROnPlateau_earlystop_Brier,2026096938,2026096939,2026096940,-0.008741492183044531,patience,149,2048,2048,122984,120000,fixed_training_subset_eval_mode,0.0
feature,upper,baseline_kl_a2,4,0.05607637024658334,0.04988847359878735,1.0,0.03335831909976891,0.03335831909976891,1.0,0.13519016247597326,0.017292793745658296,0.11669253699344304,,,0.05,baseline,6,False,20,False,,cuda,0.05678698019451331,,11,55.002950477879494,NVIDIA RTX A5000,kl,0.25577922871559267,0.0,0.25577922871559267,0.11274559073354923,9935,10000,9953,10000,scaled_hellinger_float64_norm,AdamW,2,1574913,False,0.05678698019451331,0.0005,ReduceLROnPlateau_earlystop_Brier,2026096938,2026096939,2026096940,0.015123848603062696,patience,150,2048,2048,122984,120000,fixed_training_subset_eval_mode,0.0
feature,upper,baseline_kl_a4,4,0.056436449330782644,0.05119421188795603,1.0,0.030321777353561737,0.030321777353561737,1.0,0.1131725964293208,0.021513367389532,0.1156288780441849,,,0.05,baseline,7,False,20,False,,cuda,0.057407987529814714,,12,58.397646653000265,NVIDIA RTX A5000,kl,0.3511995009010913,0.0,0.2332910650644653,-0.1131725964293208,9935,10000,9953,10000,scaled_hellinger_float64_norm,AdamW,4,1574913,False,0.057407987529814714,0.0005,ReduceLROnPlateau_earlystop_Brier,2026096938,2026096939,2026096940,-0.026474415195208933,patience,151,2048,2048,122984,120000,fixed_training_subset_eval_mode,0.0
feature,upper,baseline_chisq_a0p5,4,0.054800356708426506,0.039710646367591924,1.0,0.0358220134632774,0.0358220134632774,1.0,0.10550708188522846,0.010764536977353047,0.12257010804574456,,,0.05,baseline,4,False,20,False,,cuda,0.05600087945982495,,9,45.604933716822416,NVIDIA RTX A5000,chisq,0.26319470718726756,0.0,0.23894170528932124,0.10550708188522846,9935,10000,9953,10000,scaled_hellinger_float64_norm,AdamW,0.5,1574913,False,0.05600087945982495,0.0005,ReduceLROnPlateau_earlystop_Brier,2026096938,2026096939,2026096940,0.031115092149435458,patience,152,2048,2048,122984,120000,fixed_training_subset_eval_mode,0.0
feature,upper,baseline_chisq_a1,4,0.05535254893315928,0.04518427209063485,0.9999999999999999,0.033063041294082184,0.033063041294082184,1.0,0.1155063021678075,0.013784239468968638,0.11953642319366928,,,0.05,baseline,4,False,20,False,,cuda,0.05602660616155127,,9,46.11030978290364,NVIDIA RTX A5000,chisq,0.3340017250067433,0.0,0.3340017250067433,0.08544968791330104,9935,10000,9953,10000,scaled_hellinger_float64_norm,AdamW,1,1574913,False,0.05602660616155127,0.0005,ReduceLROnPlateau_earlystop_Brier,2026096938,2026096939,2026096940,0.02385926354254446,patience,153,2048,2048,122984,120000,fixed_training_subset_eval_mode,0.0
feature,upper,baseline_chisq_a2,4,0.05493338795472301,0.04373284001964342,0.9999999999999998,0.03477248568270873,0.03477248568270873,1.0,0.09770452628917883,0.013017043620759415,0.12014034324479801,,,0.05,baseline,4,False,20,False,,cuda,0.05571335980529432,,9,46.27065734611824,NVIDIA RTX A5000,chisq,0.21257096566416722,0.0,0.12016710858791546,0.06913381829657753,9935,10000,9953,10000,scaled_hellinger_float64_norm,AdamW,2,1574913,False,0.05571335980529432,0.0005,ReduceLROnPlateau_earlystop_Brier,2026096938,2026096939,2026096940,0.019629549045057208,patience,154,2048,2048,122984,120000,fixed_training_subset_eval_mode,0.0
feature,upper,baseline_chisq_a4,4,0.054867696309077334,0.0392430878886282,1.0,0.036532638400482265,0.036532638400482265,1.0,0.042063968662508985,0.011478729062273482,0.12178282612118357,,,0.05,baseline,4,False,20,False,,cuda,0.05566709205023426,,9,45.91776802483946,NVIDIA RTX A5000,chisq,0.2096415763027385,0.0,0.09588014470083528,0.03980713658085851,9935,10000,9953,10000,scaled_hellinger_float64_norm,AdamW,4,1574913,False,0.05566709205023426,0.0005,ReduceLROnPlateau_earlystop_Brier,2026096938,2026096939,2026096940,0.006576450470879622,patience,155,2048,2048,122984,120000,fixed_training_subset_eval_mode,0.0
feature,upper,baseline_js_a0p5,4,0.053665774144715184,0.0254461979345654,0.9999999999999998,0.04631167989550889,0.04631167989550889,1.0,0.10071882298935944,0.001792230711986535,0.1248114964535587,,,0.05,baseline,3,False,20,False,,cuda,0.054818711973176434,,8,39.89499746821821,NVIDIA RTX A5000,js,0.1699224793426667,0.0,0.1699224793426667,-0.09730740908733632,9935,10000,9953,10000,scaled_hellinger_float64_norm,AdamW,0.5,1574913,False,0.054818711973176434,0.0005,ReduceLROnPlateau_earlystop_Brier,2026096938,2026096939,2026096940,-0.01997661717930165,patience,156,2048,2048,122984,120000,fixed_training_subset_eval_mode,0.0
feature,upper,baseline_js_a1,4,0.053866619878090057,0.022578805811205523,0.9999999999999999,0.046866402089822165,0.046866402089822165,1.0,0.0933338012738994,0.001759610158138941,0.12529352447718195,,,0.05,baseline,3,False,20,False,,cuda,0.05432397024645913,,8,39.49186723306775,NVIDIA RTX A5000,js,0.2036707157736516,0.0,0.2036707157736516,-0.0933338012738994,9935,10000,9953,10000,scaled_hellinger_float64_norm,AdamW,1,1574913,False,0.05432397024645913,0.0005,ReduceLROnPlateau_earlystop_Brier,2026096938,2026096939,2026096940,-0.01644807001642024,patience,157,2048,2048,122984,120000,fixed_training_subset_eval_mode,0.0
feature,upper,baseline_js_a2,4,0.05441232459050753,0.024883463377147412,1.0000000000000002,0.04440624937204862,0.04440624937204862,1.0,0.12978028518335558,0.0025108486420530227,0.12606585392348021,,,0.05,baseline,3,False,20,False,,cuda,0.05562036532263091,,8,39.120659701991826,NVIDIA RTX A5000,js,0.21602371709317236,0.0,0.21451940455150187,-0.12978028518335558,9935,10000,9953,10000,scaled_hellinger_float64_norm,AdamW,2,1574913,False,0.05562036532263091,0.0005,ReduceLROnPlateau_earlystop_Brier,2026096938,2026096939,2026096940,-0.02032574072312267,patience,158,2048,2048,122984,120000,fixed_training_subset_eval_mode,0.0
feature,upper,baseline_js_a4,4,0.05506702262505238,0.02227431337657774,0.9999999999999998,0.044807666030342606,0.044807666030342606,1.0,0.05671291635416286,0.0014517449667961094,0.12566470365299917,,,0.05,baseline,3,False,20,False,,cuda,0.0553731674736263,,8,39.88226991519332,NVIDIA RTX A5000,js,0.2065160071085913,0.0,0.17590360041875386,-0.050418628317553796,9935,10000,9953,10000,scaled_hellinger_float64_norm,AdamW,4,1574913,False,0.0553731674736263,0.0005,ReduceLROnPlateau_earlystop_Brier,2026096938,2026096939,2026096940,-0.013605779581562777,patience,159,2048,2048,122984,120000,fixed_training_subset_eval_mode,0.0
pixel,lower,baseline_hellinger_a0p5,0,0.0008142160237797705,0.0017281887600999,0.9998999999999999,5e-05,0.0,0.0,,0.00043540509032495995,0.004661328170847475,,,0.05,baseline,6,False,20,True,5,cuda,0.0006116093835760181,0.1,11,164.59311312064528,NVIDIA RTX A5000,hellinger,1.8870705366134641,,,,9935,10000,9953,10000,scaled_hellinger_float64_norm,Adam,0.5,2765568,False,0.0006116093835760181,6.000000000000005e-05,OneCycleLR,2026092902,2026092903,2026092904,0.0014742075513982543,patience,160,2048,2048,122984,120000,fixed_training_subset_eval_mode,0.0001
pixel,lower,baseline_hellinger_a1,0,0.0004416261791412055,0.0009034444825986266,0.9999499999999999,0.0,0.0,,,0.00011750095309906309,0.0032311625062096203,,,0.05,baseline,14,False,20,True,5,cuda,0.00032628187542268713,0.1,19,283.8645352991298,NVIDIA RTX A5000,hellinger,0.0012072308846731688,,,,9935,10000,9953,10000,scaled_hellinger_float64_norm,Adam,1,2765568,False,0.00032628187542268713,6.000000000000005e-05,OneCycleLR,2026092902,2026092903,2026092904,-0.00030348628958139483,patience,161,2048,2048,122984,120000,fixed_training_subset_eval_mode,5e-05
pixel,lower,baseline_hellinger_a2,0,0.0007281776949958947,0.0013258444591255068,0.9998997638902845,0.0,0.0,,,0.00029155483148232485,0.0038672061581629504,,,0.05,baseline,8,False,20,True,5,cuda,0.0006069736891961221,0.1,13,194.9920538077131,NVIDIA RTX A5000,hellinger,0.5333006978034973,,,,9935,10000,9953,10000,scaled_hellinger_float64_norm,Adam,2,2765568,False,0.0006069736891961221,6.000000000000005e-05,OneCycleLR,2026092902,2026092903,2026092904,0.000721980168361473,patience,162,2048,2048,122984,120000,fixed_training_subset_eval_mode,0.00010023610971566363
pixel,lower,baseline_hellinger_a4,0,0.5,1.0,1.0,0.0,0.0,,,0.999631112071321,0.0007401893161567141,,,0.05,baseline,10,False,20,True,5,cuda,0.5,0.1,15,227.31553733581677,NVIDIA RTX A5000,hellinger,1.0,,,,9935,10000,9953,10000,scaled_hellinger_float64_norm,Adam,4,2765568,False,0.5,6.000000000000005e-05,OneCycleLR,2026092902,2026092903,2026092904,1.0,patience,163,2048,2048,122984,120000,fixed_training_subset_eval_mode,0.0
pixel,lower,baseline_kl_a0p5,0,0.000350269988073461,0.001299301673006894,0.9998,0.0001,0.0,0.0,,0.00012446719507789333,0.004529134088287878,,,0.05,baseline,6,False,20,True,5,cuda,0.0003538713038192048,0.1,11,162.81405991502106,NVIDIA RTX A5000,kl,0.8500681652950834,,,,9935,10000,9953,10000,scaled_hellinger_float64_norm,Adam,0.5,2765568,False,0.0003538713038192048,6.000000000000005e-05,OneCycleLR,2026092902,2026092903,2026092904,0.0003313399506806328,patience,164,2048,2048,122984,120000,fixed_training_subset_eval_mode,0.0002
pixel,lower,baseline_kl_a1,0,0.0005583224556687882,0.0017008382307076228,0.9999,0.0,0.0,,,0.0005100828456143821,0.00412734058603909,,,0.05,baseline,11,False,20,True,5,cuda,0.0005369935094870315,0.1,16,233.08689652569592,NVIDIA RTX A5000,kl,0.002796557455251092,,,,9935,10000,9953,10000,scaled_hellinger_float64_norm,Adam,1,2765568,False,0.0005369935094870315,6.000000000000005e-05,OneCycleLR,2026092902,2026092903,2026092904,0.0010976743690990576,patience,165,2048,2048,122984,120000,fixed_training_subset_eval_mode,0.0001
pixel,lower,baseline_kl_a2,0,0.0007034397585524699,0.0010974905228391815,0.9999,5e-05,0.0,0.0,,0.0003269406884127791,0.0032465831835164095,,,0.05,baseline,10,False,20,True,5,cuda,0.0007124501558569356,0.1,15,216.84188478719443,NVIDIA RTX A5000,kl,0.00219234062725282,,,,9935,10000,9953,10000,scaled_hellinger_float64_norm,Adam,2,2765568,False,0.0007124501558569356,6.000000000000005e-05,OneCycleLR,2026092902,2026092903,2026092904,0.0010974905228391815,patience,166,2048,2048,122984,120000,fixed_training_subset_eval_mode,0.0001
pixel,lower,baseline_kl_a4,0,0.0006007083554944311,0.0010005118505918243,1.0,0.0,0.0,,,0.00022929046338515888,0.0030897224242954846,,,0.05,baseline,11,False,20,True,5,cuda,0.0004691856144185786,0.1,16,227.72516487305984,NVIDIA RTX A5000,kl,0.0017987432334014564,,,,9935,10000,9953,10000,scaled_hellinger_float64_norm,Adam,4,2765568,False,0.0004691856144185786,6.000000000000005e-05,OneCycleLR,2026092902,2026092903,2026092904,0.0007993080805451526,patience,167,2048,2048,122984,120000,fixed_training_subset_eval_mode,0.0
pixel,lower,baseline_chisq_a0p5,0,0.00043584727158837153,0.0004590662057104303,0.9996490555611373,0.00015023610971566363,0.0,0.0,,2.434738263134931e-06,0.0033325102546656873,,,0.05,baseline,7,False,20,True,5,cuda,0.0004786735151773089,0.1,12,176.70764217805117,NVIDIA RTX A5000,chisq,0.7650288972165658,,,,9935,10000,9953,10000,scaled_hellinger_float64_norm,Adam,0.5,2765568,False,0.0004786735151773089,6.000000000000005e-05,OneCycleLR,2026092902,2026092903,2026092904,0.00011354601073983797,patience,168,2048,2048,122984,120000,fixed_training_subset_eval_mode,0.0003509444388626545
pixel,lower,baseline_chisq_a1,0,0.0006159520799507741,0.0015569960891122009,0.999849291670853,0.00010023610971566363,0.00010023610971566363,1.0,1.1178069543057034,0.00010722277920965311,0.0045990282680991625,,,0.05,baseline,6,False,20,True,5,cuda,0.000857207432522481,0.1,11,161.52112295897678,NVIDIA RTX A5000,chisq,1.8604139337937038,0.0,1.1511604189872742,-1.1178069543057034,9935,10000,9953,10000,scaled_hellinger_float64_norm,Adam,1,2765568,False,0.000857207432522481,6.000000000000005e-05,OneCycleLR,2026092902,2026092903,2026092904,-0.0004346746079850474,patience,169,2048,2048,122984,120000,fixed_training_subset_eval_mode,0.00015070832914699085
pixel,lower,baseline_chisq_a2,0,0.001181208471164306,0.001987058694519643,0.9998997638902843,0.00010023610971566363,0.0,0.0,,0.0006234829045074194,0.00439234237717351,,,0.05,baseline,7,False,20,True,5,cuda,0.0010079690162831736,0.1,12,173.98978870688006,NVIDIA RTX A5000,chisq,1.79615218937397,,,,9935,10000,9953,10000,scaled_hellinger_float64_norm,Adam,2,2765568,False,0.0010079690162831736,6.000000000000005e-05,OneCycleLR,2026092902,2026092903,2026092904,0.001204745763222405,patience,170,2048,2048,122984,120000,fixed_training_subset_eval_mode,0.00010023610971566363
pixel,lower,baseline_chisq_a4,0,0.0021668395431956905,0.003449035754921918,0.9999499999999999,0.00010023610971566363,0.00010023610971566363,1.0,1.1144355054410222,0.0012694927114043552,0.006162526828306094,,,0.05,baseline,5,False,20,True,5,cuda,0.0015478373502360353,0.1,10,147.84801262803376,NVIDIA RTX A5000,chisq,1.3929545283317566,0.0,1.1144355054410222,-1.1144355054410222,9935,10000,9953,10000,scaled_hellinger_float64_norm,Adam,4,2765568,False,0.0015478373502360353,6.000000000000005e-05,OneCycleLR,2026092902,2026092903,2026092904,0.0012919088008858032,patience,171,2048,2048,122984,120000,fixed_training_subset_eval_mode,5e-05
pixel,lower,baseline_js_a0p5,0,0.0001894626120450257,0.0005798874182940025,0.999849291670853,5.023610971566362e-05,0.0,0.0,,2.872248530817959e-05,0.0028871265387684433,,,0.05,baseline,10,False,20,True,5,cuda,0.000155984002625147,0.1,15,217.2152508138679,NVIDIA RTX A5000,js,1.8230903297662735,,,,9935,10000,9953,10000,scaled_hellinger_float64_norm,Adam,0.5,2765568,False,0.000155984002625147,6.000000000000005e-05,OneCycleLR,2026092902,2026092903,2026092904,0.0002023057749268335,patience,172,2048,2048,122984,120000,fixed_training_subset_eval_mode,0.00015070832914699085
pixel,lower,baseline_js_a1,0,0.00020094631645666154,0.0012054708071698177,1.0,0.0,0.0,,,0.000282537630603634,0.0033987191394773885,,,0.05,baseline,13,False,20,True,5,cuda,0.00017807540039776183,0.1,18,260.66089556133375,NVIDIA RTX A5000,js,0.002011863933432239,,,,9935,10000,9953,10000,scaled_hellinger_float64_norm,Adam,1,2765568,False,0.00017807540039776183,6.000000000000005e-05,OneCycleLR,2026092902,2026092903,2026092904,-0.0008072016720007645,patience,173,2048,2048,122984,120000,fixed_training_subset_eval_mode,0.0
pixel,lower,baseline_js_a2,0,0.00016331276089629097,0.0005982735301129287,0.9999497638902843,5.023610971566362e-05,0.0,0.0,,3.7973304982419226e-05,0.0027879705502592165,,,0.05,baseline,13,False,20,True,5,cuda,0.00015848939914757504,0.1,18,257.0154777369462,NVIDIA RTX A5000,js,0.0008050643206776713,,,,9935,10000,9953,10000,scaled_hellinger_float64_norm,Adam,2,2765568,False,0.00015848939914757504,6.000000000000005e-05,OneCycleLR,2026092902,2026092903,2026092904,-0.00020691250674493108,patience,174,2048,2048,122984,120000,fixed_training_subset_eval_mode,5.023610971566362e-05
pixel,lower,baseline_js_a4,0,0.00044493372436170674,0.0013494465783758475,0.9995481111222746,0.00015070832914699085,5.023610971566362e-05,0.33333333333333337,1.1441658735275269,0.00018095316495071154,0.0049967606818126205,,,0.05,baseline,6,False,20,True,5,cuda,0.0004013045904764294,0.1,11,160.9500475996174,NVIDIA RTX A5000,js,1.4851921796798706,0.0,1.1441658735275269,1.1441658735275269,9935,10000,9953,10000,scaled_hellinger_float64_norm,Adam,4,2765568,False,0.0004013045904764294,6.000000000000005e-05,OneCycleLR,2026092902,2026092903,2026092904,-0.0004415413266716175,patience,175,2048,2048,122984,120000,fixed_training_subset_eval_mode,0.000451888877725309
pixel,lower,baseline_hellinger_a0p5,1,0.000446819076795536,0.0012544898963687374,0.9998997638902843,0.0,0.0,,,0.00019334956931958938,0.00405742460132475,,,0.05,baseline,10,False,20,True,5,cuda,0.0003562243709419627,0.1,15,224.408764524851,NVIDIA RTX A5000,hellinger,0.7973049127550271,,,,9935,10000,9953,10000,scaled_hellinger_float64_norm,Adam,0.5,2765568,False,0.0003562243709419627,6.000000000000005e-05,OneCycleLR,2026093911,2026093912,2026093913,-4.311455183776042e-05,patience,176,2048,2048,122984,120000,fixed_training_subset_eval_mode,0.00010023610971566363
pixel,lower,baseline_hellinger_a1,1,0.0005559251424565074,0.001219514728842726,0.9999497638902843,0.0,0.0,,,0.00032707596938076335,0.0034873756118190763,,,0.05,baseline,8,False,20,True,5,cuda,0.0005551144469577951,0.1,13,195.67628125008196,NVIDIA RTX A5000,hellinger,0.5391484498977661,,,,9935,10000,9953,10000,scaled_hellinger_float64_norm,Adam,1,2765568,False,0.0005551144469577951,6.000000000000005e-05,OneCycleLR,2026093911,2026093912,2026093913,0.0010292405901953662,patience,177,2048,2048,122984,120000,fixed_training_subset_eval_mode,5.023610971566362e-05
pixel,lower,baseline_hellinger_a2,1,0.0007422017390874886,0.0016441982551435507,0.9997,5e-05,0.0,0.0,,0.000537956855476756,0.00433348481888539,,,0.05,baseline,6,False,20,True,5,cuda,0.0007961331343750847,0.1,11,166.29814562387764,NVIDIA RTX A5000,hellinger,1.3552976846694944,,,,9935,10000,9953,10000,scaled_hellinger_float64_norm,Adam,2,2765568,False,0.0007961331343750847,6.000000000000005e-05,OneCycleLR,2026093911,2026093912,2026093913,0.0014612971681325655,patience,178,2048,2048,122984,120000,fixed_training_subset_eval_mode,0.00030000000000000003
pixel,lower,baseline_hellinger_a4,1,0.5,1.0,1.0,0.0,0.0,,,0.999631112071321,0.0007401893161567141,,,0.05,baseline,17,False,20,True,5,cuda,0.5,0.1,22,324.770298960153,NVIDIA RTX A5000,hellinger,1.0,,,,9935,10000,9953,10000,scaled_hellinger_float64_norm,Adam,4,2765568,False,0.5,6.000000000000005e-05,OneCycleLR,2026093911,2026093912,2026093913,1.0,patience,179,2048,2048,122984,120000,fixed_training_subset_eval_mode,0.0
pixel,lower,baseline_kl_a0p5,1,0.0005433104479044115,0.0011161390412420078,0.999849291670853,5.023610971566362e-05,5.023610971566362e-05,1.0,1.124889850616455,0.00012084053648663115,0.004088965602428225,,,0.05,baseline,7,False,20,True,5,cuda,0.0004945507828849174,0.1,12,177.43714756006375,NVIDIA RTX A5000,kl,1.124889850616455,0.0,1.124889850616455,-1.124889850616455,9935,10000,9953,10000,scaled_hellinger_float64_norm,Adam,0.5,2765568,False,0.0004945507828849174,6.000000000000005e-05,OneCycleLR,2026093911,2026093912,2026093913,0.00014184188773385005,patience,180,2048,2048,122984,120000,fixed_training_subset_eval_mode,0.00015070832914699085
pixel,lower,baseline_kl_a1,1,0.00020193022274834203,0.0012013585916980116,0.9999497638902843,0.0,0.0,,,0.0002452143239229734,0.0035659500189623985,,,0.05,baseline,10,False,20,True,5,cuda,0.00047758047035716665,0.1,15,218.29436678113416,NVIDIA RTX A5000,kl,0.0017985058611973415,,,,9935,10000,9953,10000,scaled_hellinger_float64_norm,Adam,1,2765568,False,0.00047758047035716665,6.000000000000005e-05,OneCycleLR,2026093911,2026093912,2026093913,0.0005970552163583406,patience,181,2048,2048,122984,120000,fixed_training_subset_eval_mode,5.023610971566362e-05
pixel,lower,baseline_kl_a2,1,0.0008093207051805848,0.0016991595950020609,0.9999497638902843,5.023610971566362e-05,0.0,0.0,,0.0004454662782792845,0.004151867178785667,,,0.05,baseline,9,False,20,True,5,cuda,0.00035347602851909646,0.1,14,204.25051446817815,NVIDIA RTX A5000,kl,0.002396071235290842,,,,9935,10000,9953,10000,scaled_hellinger_float64_norm,Adam,2,2765568,False,0.00035347602851909646,6.000000000000005e-05,OneCycleLR,2026093911,2026093912,2026093913,0.0006982233222693125,patience,182,2048,2048,122984,120000,fixed_training_subset_eval_mode,5.023610971566362e-05
pixel,lower,baseline_kl_a4,1,0.5,1.0,1.0,0.0,0.0,,,0.999631112071321,0.0007401893161567141,,,0.05,baseline,3,False,20,True,5,cuda,0.5000000000000038,0.1,10,148.4984735948965,NVIDIA RTX A5000,kl,1.0,,,,9935,10000,9953,10000,scaled_hellinger_float64_norm,Adam,4,2765568,False,0.5000000000000038,6.000000000000005e-05,OneCycleLR,2026093911,2026093912,2026093913,1.0,patience,183,2048,2048,122984,120000,fixed_training_subset_eval_mode,0.0
pixel,lower,baseline_chisq_a0p5,1,0.00022625223072216699,0.0009665542945330995,0.9998497638902843,5e-05,5e-05,1.0,0.871155858039856,0.00013109664447573613,0.003775190799019999,,,0.05,baseline,7,False,20,True,5,cuda,0.0004117478175244098,0.1,12,174.88146408088505,NVIDIA RTX A5000,chisq,0.8911153233556599,0.0,0.871155858039856,-0.871155858039856,9935,10000,9953,10000,scaled_hellinger_float64_norm,Adam,0.5,2765568,False,0.0004117478175244098,6.000000000000005e-05,OneCycleLR,2026093911,2026093912,2026093913,0.0005363790287567935,patience,184,2048,2048,122984,120000,fixed_training_subset_eval_mode,0.00015023610971566363
pixel,lower,baseline_chisq_a1,1,0.0007448577449654186,0.0019579046473558767,0.9996995277805686,0.00010047221943132724,0.0,0.0,,0.00036341890872299524,0.005194992291284069,,,0.05,baseline,6,False,20,True,5,cuda,0.0006941994025465607,0.1,11,162.4089338807389,NVIDIA RTX A5000,chisq,1.82644522190094,,,,9935,10000,9953,10000,scaled_hellinger_float64_norm,Adam,1,2765568,False,0.0006941994025465607,6.000000000000005e-05,OneCycleLR,2026093911,2026093912,2026093913,0.00020534380367321001,patience,185,2048,2048,122984,120000,fixed_training_subset_eval_mode,0.00030047221943132725
pixel,lower,baseline_chisq_a2,1,0.001665702076172123,0.002850552916321356,0.9998997638902842,0.0,0.0,,,0.0009646548591189672,0.006038139602645751,,,0.05,baseline,4,False,20,True,5,cuda,0.0012480569763440284,0.1,10,147.6574859507382,NVIDIA RTX A5000,chisq,1.6875895261764526,,,,9935,10000,9953,10000,scaled_hellinger_float64_norm,Adam,2,2765568,False,0.0012480569763440284,6.000000000000005e-05,OneCycleLR,2026093911,2026093912,2026093913,0.0024105540256252425,patience,186,2048,2048,122984,120000,fixed_training_subset_eval_mode,0.00010023610971566363
pixel,lower,baseline_chisq_a4,1,0.0008008932579145669,0.0022029237556260386,0.9999,5e-05,0.0,0.0,,0.0006765041596886596,0.004787544600866026,,,0.05,baseline,7,False,20,True,5,cuda,0.0009774788684977433,0.1,12,176.59671764913946,NVIDIA RTX A5000,chisq,0.0027940271910218417,,,,9935,10000,9953,10000,scaled_hellinger_float64_norm,Adam,4,2765568,False,0.0009774788684977433,6.000000000000005e-05,OneCycleLR,2026093911,2026093912,2026093913,0.0005916530600389526,patience,187,2048,2048,122984,120000,fixed_training_subset_eval_mode,0.0001
pixel,lower,baseline_js_a0p5,1,0.00019773062719131973,0.0004029249329767423,0.999698583341706,0.00015070832914699085,0.00010047221943132724,0.6666666666666667,1.078848659992218,0.0,0.003156972190997622,,,0.05,baseline,7,False,20,True,5,cuda,0.0002771493178424428,0.1,12,176.82806317601353,NVIDIA RTX A5000,js,1.078848659992218,0.0,1.078848659992218,1.078848659992218,9935,10000,9953,10000,scaled_hellinger_float64_norm,Adam,0.5,2765568,False,0.0002771493178424428,6.000000000000005e-05,OneCycleLR,2026093911,2026093912,2026093913,0.00017387093742308608,patience,188,2048,2048,122984,120000,fixed_training_subset_eval_mode,0.0003014166582939817
pixel,lower,baseline_js_a1,1,0.0003296233606640887,0.0006040902335964291,0.9996997638902843,5e-05,0.0,0.0,,5.275209002059478e-05,0.0031858167965058523,,,0.05,baseline,7,False,20,True,5,cuda,0.00022999597179804742,0.1,12,175.07703752117231,NVIDIA RTX A5000,js,1.7569340467453003,,,,9935,10000,9953,10000,scaled_hellinger_float64_norm,Adam,1,2765568,False,0.00022999597179804742,6.000000000000005e-05,OneCycleLR,2026093911,2026093912,2026093913,0.0006040902335964291,patience,189,2048,2048,122984,120000,fixed_training_subset_eval_mode,0.00030023610971566364
pixel,lower,baseline_js_a2,1,0.00013829614143216382,0.000601907863369595,0.9999497638902843,0.0,0.0,,,4.0826898678085926e-05,0.0027882297502365766,,,0.05,baseline,12,False,20,True,5,cuda,0.0002069454027904254,0.1,17,243.7353196120821,NVIDIA RTX A5000,js,0.0008037951283366866,,,,9935,10000,9953,10000,scaled_hellinger_float64_norm,Adam,2,2765568,False,0.0002069454027904254,6.000000000000005e-05,OneCycleLR,2026093911,2026093912,2026093913,-0.00020176687943397942,patience,190,2048,2048,122984,120000,fixed_training_subset_eval_mode,5.023610971566362e-05
pixel,lower,baseline_js_a4,1,0.0003723123432849895,0.0010685046672339392,0.9999497638902843,5.023610971566362e-05,0.0,0.0,,0.0001128900950593884,0.003787264734392729,,,0.05,baseline,6,False,20,True,5,cuda,0.0004571786831106491,0.1,11,161.5897925742902,NVIDIA RTX A5000,js,0.5588619709014893,,,,9935,10000,9953,10000,scaled_hellinger_float64_norm,Adam,4,2765568,False,0.0004571786831106491,6.000000000000005e-05,OneCycleLR,2026093911,2026093912,2026093913,0.00014980209498984798,patience,191,2048,2048,122984,120000,fixed_training_subset_eval_mode,5.023610971566362e-05
pixel,lower,baseline_hellinger_a0p5,2,0.0007156550008855221,0.0010334754018414337,0.9997995277805687,0.00010047221943132724,5.023610971566362e-05,0.5,0.9978687763214111,0.0002184454501097226,0.0035933268948632694,,,0.05,baseline,7,False,20,True,5,cuda,0.00035299671416149064,0.1,12,180.24810832878575,NVIDIA RTX A5000,hellinger,0.9978687763214111,0.0,0.9978687763214111,-0.9978687763214111,9935,10000,9953,10000,scaled_hellinger_float64_norm,Adam,0.5,2765568,False,0.00035299671416149064,6.000000000000005e-05,OneCycleLR,2026094920,2026094921,2026094922,0.0007458706760856971,patience,192,2048,2048,122984,120000,fixed_training_subset_eval_mode,0.00020047221943132726
pixel,lower,baseline_hellinger_a1,2,0.0009128289697012769,0.0018800574451521318,0.9996490555611373,0.00015047221943132724,0.00010047221943132724,0.6677127499749608,1.0147688388824463,0.00013081218908087968,0.006142003932367509,,,0.05,baseline,5,False,20,True,5,cuda,0.0006193099540112914,0.1,10,152.35033972607926,NVIDIA RTX A5000,hellinger,1.7467780485749245,0.0,1.1114451885223389,-1.0147688388824463,9935,10000,9953,10000,scaled_hellinger_float64_norm,Adam,1,2765568,False,0.0006193099540112914,6.000000000000005e-05,OneCycleLR,2026094920,2026094921,2026094922,-0.0002720360802936268,patience,193,2048,2048,122984,120000,fixed_training_subset_eval_mode,0.0003509444388626545
pixel,lower,baseline_hellinger_a2,2,0.00065,0.001499700449326105,1.0,0.0,0.0,,,0.000553035061479464,0.0033935903702121926,,,0.05,baseline,17,False,20,True,5,cuda,0.00045025642101498346,0.1,22,323.8480232898146,NVIDIA RTX A5000,hellinger,0.0029955067398903523,,,,9935,10000,9953,10000,scaled_hellinger_float64_norm,Adam,2,2765568,False,0.00045025642101498346,6.000000000000005e-05,OneCycleLR,2026094920,2026094921,2026094922,0.001499700449326105,patience,194,2048,2048,122984,120000,fixed_training_subset_eval_mode,0.0
pixel,lower,baseline_hellinger_a4,2,0.4999999999880791,0.9999999999880791,1.0,0.0,0.0,,,0.9996311120594001,0.0007401893161567141,,,0.05,baseline,2,False,20,True,5,cuda,0.4999999999463912,0.1,10,151.50457025459036,NVIDIA RTX A5000,hellinger,0.9999999999880791,,,,9935,10000,9953,10000,scaled_hellinger_float64_norm,Adam,4,2765568,False,0.4999999999463912,6.000000000000005e-05,OneCycleLR,2026094920,2026094921,2026094922,0.9999999999880791,patience,195,2048,2048,122984,120000,fixed_training_subset_eval_mode,0.0
pixel,lower,baseline_kl_a0p5,2,0.00033598531968362,0.0008278803989849917,0.9998995277805687,0.0,0.0,,,0.00010264176958405677,0.0032593432656967125,,,0.05,baseline,8,False,20,True,5,cuda,0.00036812727207127176,0.1,13,189.83082894189283,NVIDIA RTX A5000,kl,0.5302096605300906,,,,9935,10000,9953,10000,scaled_hellinger_float64_norm,Adam,0.5,2765568,False,0.00036812727207127176,6.000000000000005e-05,OneCycleLR,2026094920,2026094921,2026094922,-0.0004317309971269315,patience,196,2048,2048,122984,120000,fixed_training_subset_eval_mode,0.00010047221943132724
pixel,lower,baseline_kl_a1,2,0.0005305683872180665,0.0015612482562122323,1.0,0.0,0.0,,,0.00029196582371786853,0.003964538596655272,,,0.05,baseline,9,False,20,True,5,cuda,0.0004371391255590302,0.1,14,201.41502029355615,NVIDIA RTX A5000,kl,1.6643425226211548,,,,9935,10000,9953,10000,scaled_hellinger_float64_norm,Adam,1,2765568,False,0.0004371391255590302,6.000000000000005e-05,OneCycleLR,2026094920,2026094921,2026094922,0.0002305408522974969,patience,197,2048,2048,122984,120000,fixed_training_subset_eval_mode,0.0
pixel,lower,baseline_kl_a2,2,0.0007961111773367661,0.002007047951208461,0.9999497638902843,0.0,0.0,,,0.0005604169083705884,0.004530925304281339,,,0.05,baseline,13,False,20,True,5,cuda,0.0006008357702709303,0.1,18,259.82820961717516,NVIDIA RTX A5000,kl,0.0022138407184447307,,,,9935,10000,9953,10000,scaled_hellinger_float64_norm,Adam,2,2765568,False,0.0006008357702709303,6.000000000000005e-05,OneCycleLR,2026094920,2026094921,2026094922,-0.00020535840309612933,patience,198,2048,2048,122984,120000,fixed_training_subset_eval_mode,5.023610971566362e-05
pixel,lower,baseline_kl_a4,2,0.0007606486686910581,0.0017023923541361794,0.9998497638902843,0.0,0.0,,,0.00047574007352952063,0.004298249500235993,,,0.05,baseline,10,False,20,True,5,cuda,0.0007403282255987841,0.1,15,216.88016949407756,NVIDIA RTX A5000,kl,0.002597666645523189,,,,9935,10000,9953,10000,scaled_hellinger_float64_norm,Adam,4,2765568,False,0.0007403282255987841,6.000000000000005e-05,OneCycleLR,2026094920,2026094921,2026094922,0.000896957507577454,patience,199,2048,2048,122984,120000,fixed_training_subset_eval_mode,0.00015023610971566363
pixel,lower,baseline_chisq_a0p5,2,0.0004966561058648281,0.001392740495224491,0.9999497638902843,0.0,0.0,,,0.0003062610491175483,0.00382260147354608,,,0.05,baseline,10,False,20,True,5,cuda,0.0004895619672082314,0.1,15,221.59683963796124,NVIDIA RTX A5000,chisq,0.0019837596556477877,,,,9935,10000,9953,10000,scaled_hellinger_float64_norm,Adam,0.5,2765568,False,0.0004895619672082314,6.000000000000005e-05,OneCycleLR,2026094920,2026094921,2026094922,0.0005921079410053624,patience,200,2048,2048,122984,120000,fixed_training_subset_eval_mode,5.023610971566362e-05
pixel,lower,baseline_chisq_a1,2,0.0003794501694145835,0.0009621004371962165,0.9997997638902842,5e-05,5e-05,1.0,0.8836010694503784,6.034511991400689e-05,0.003958857846250315,,,0.05,baseline,5,False,20,True,5,cuda,0.0004506368610795172,0.1,10,147.73589598108083,NVIDIA RTX A5000,chisq,0.8836010694503784,0.0,0.8836010694503784,-0.8836010694503784,9935,10000,9953,10000,scaled_hellinger_float64_norm,Adam,1,2765568,False,0.0004506368610795172,6.000000000000005e-05,OneCycleLR,2026094920,2026094921,2026094922,1.7039523667467104e-05,patience,201,2048,2048,122984,120000,fixed_training_subset_eval_mode,0.00020023610971566365
pixel,lower,baseline_chisq_a2,2,0.0008595432029024071,0.003078918753578612,0.9996999999999999,0.0001,5e-05,0.5,0.9632680416107178,0.001155834398311815,0.006546137454238398,,,0.05,baseline,5,False,20,True,5,cuda,0.001139598809802229,0.1,10,145.51392223499715,NVIDIA RTX A5000,chisq,0.9632680416107178,0.0,0.9632680416107178,0.9632680416107178,9935,10000,9953,10000,scaled_hellinger_float64_norm,Adam,2,2765568,False,0.001139598809802229,6.000000000000005e-05,OneCycleLR,2026094920,2026094921,2026094922,0.002003753366310349,patience,202,2048,2048,122984,120000,fixed_training_subset_eval_mode,0.00030000000000000003
pixel,lower,baseline_chisq_a4,2,0.0009342510762634314,0.0032621667197756266,0.9997495277805686,0.00025,0.0001,0.4,0.9391087293624878,0.0009423839314451912,0.006538190919797109,,,0.05,baseline,5,False,20,True,5,cuda,0.0011772836093209074,0.1,10,148.46993794757873,NVIDIA RTX A5000,chisq,1.8721067760574162,0.0,0.9391087293624878,-0.9391087293624878,9935,10000,9953,10000,scaled_hellinger_float64_norm,Adam,4,2765568,False,0.0011772836093209074,6.000000000000005e-05,OneCycleLR,2026094920,2026094921,2026094922,0.0005868214911662369,patience,203,2048,2048,122984,120000,fixed_training_subset_eval_mode,0.0002504722194313273
pixel,lower,baseline_js_a0p5,2,0.00016844537282767358,0.0009012609320591415,0.9999,0.0,0.0,,,0.00010307790389468916,0.0033557912910531225,,,0.05,baseline,12,False,20,True,5,cuda,0.00017866015851014097,0.1,17,244.76067647477612,NVIDIA RTX A5000,js,0.0009998720366539704,,,,9935,10000,9953,10000,scaled_hellinger_float64_norm,Adam,0.5,2765568,False,0.00017866015851014097,6.000000000000005e-05,OneCycleLR,2026094920,2026094921,2026094922,9.871062959198938e-05,patience,204,2048,2048,122984,120000,fixed_training_subset_eval_mode,0.0001
pixel,lower,baseline_js_a1,2,0.00019616925973715935,0.0007998246044967922,1.0,0.0,0.0,,,0.00013669541714071996,0.0028772755893308015,,,0.05,baseline,17,False,20,True,5,cuda,0.00018873397537679112,0.1,22,318.2088145506568,NVIDIA RTX A5000,js,0.0013995095649068088,,,,9935,10000,9953,10000,scaled_hellinger_float64_norm,Adam,1,2765568,False,0.00018873397537679112,6.000000000000005e-05,OneCycleLR,2026094920,2026094921,2026094922,-0.0005996862821612383,patience,205,2048,2048,122984,120000,fixed_training_subset_eval_mode,0.0
pixel,lower,baseline_js_a2,2,0.00024218006445009033,0.0006959448102015041,0.9997990555611374,0.0,0.0,,,4.785228956140422e-05,0.0032629416530981967,,,0.05,baseline,10,False,20,True,5,cuda,0.0003618229584178795,0.1,15,218.2730823638849,NVIDIA RTX A5000,js,0.0007938794708552965,,,,9935,10000,9953,10000,scaled_hellinger_float64_norm,Adam,2,2765568,False,0.0003618229584178795,6.000000000000005e-05,OneCycleLR,2026094920,2026094921,2026094922,9.761517023906683e-05,patience,206,2048,2048,122984,120000,fixed_training_subset_eval_mode,0.0002009444388626545
pixel,lower,baseline_js_a4,2,5.023642443977232e-05,0.0007017320843425931,1.0,0.0,0.0,,,5.375395867973854e-05,0.0028607045371043197,,,0.05,baseline,19,False,20,True,5,cuda,0.00022092286217186837,0.1,24,345.67056538397446,NVIDIA RTX A5000,js,0.0007994990835962223,,,,9935,10000,9953,10000,scaled_hellinger_float64_norm,Adam,4,2765568,False,0.00022092286217186837,6.000000000000005e-05,OneCycleLR,2026094920,2026094921,2026094922,9.768667180626707e-05,patience,207,2048,2048,122984,120000,fixed_training_subset_eval_mode,0.0
pixel,lower,baseline_hellinger_a0p5,3,0.00020071492894723581,0.001402686064662341,1.0,0.0,0.0,,,0.00028355534924163497,0.003786208004363652,,,0.05,baseline,13,False,20,True,5,cuda,0.0003372466007047229,0.1,18,267.0512573062442,NVIDIA RTX A5000,hellinger,0.0015996824609241234,,,,9935,10000,9953,10000,scaled_hellinger_float64_norm,Adam,0.5,2765568,False,0.0003372466007047229,6.000000000000005e-05,OneCycleLR,2026095929,2026095930,2026095931,0.00019667419356617154,patience,208,2048,2048,122984,120000,fixed_training_subset_eval_mode,0.0
pixel,lower,baseline_hellinger_a1,3,0.0004755105699935149,0.0007965798544388789,0.9999497638902843,0.0,0.0,,,9.774218884231571e-05,0.0030587471350307415,,,0.05,baseline,9,False,20,True,5,cuda,0.0006233505302240057,0.1,14,210.45426022494212,NVIDIA RTX A5000,hellinger,0.0011992449990400039,,,,9935,10000,9953,10000,scaled_hellinger_float64_norm,Adam,1,2765568,False,0.0006233505302240057,6.000000000000005e-05,OneCycleLR,2026095929,2026095930,2026095931,-0.0004035694373862841,patience,209,2048,2048,122984,120000,fixed_training_subset_eval_mode,5.023610971566362e-05
pixel,lower,baseline_hellinger_a2,3,0.0008007098141164939,0.0015034109516770741,1.0,0.0,0.0,,,0.0003229118439460138,0.003906743224483723,,,0.05,baseline,13,False,20,True,5,cuda,0.000604147181109554,0.1,18,266.10179052874446,NVIDIA RTX A5000,hellinger,0.0015998472943345998,,,,9935,10000,9953,10000,scaled_hellinger_float64_norm,Adam,2,2765568,False,0.000604147181109554,6.000000000000005e-05,OneCycleLR,2026095929,2026095930,2026095931,9.803392351492195e-05,patience,210,2048,2048,122984,120000,fixed_training_subset_eval_mode,0.0
pixel,lower,baseline_kl_a0p5,3,0.0003671634204493934,0.001184221529909239,0.9999497638902843,5.023610971566362e-05,0.0,0.0,,0.0001878137596741154,0.003646206755459032,,,0.05,baseline,9,False,20,True,5,cuda,0.00046753163032023186,0.1,14,203.31847157189623,NVIDIA RTX A5000,kl,0.0013769064495323668,,,,9935,10000,9953,10000,scaled_hellinger_float64_norm,Adam,0.5,2765568,False,0.00046753163032023186,6.000000000000005e-05,OneCycleLR,2026095929,2026095930,2026095931,0.00019247544722370715,patience,212,2048,2048,122984,120000,fixed_training_subset_eval_mode,5.023610971566362e-05
pixel,lower,baseline_kl_a1,3,0.000768923041271945,0.0015003874355548122,0.9999500000000001,0.0,0.0,,,0.000494726403364145,0.003650659745244658,,,0.05,baseline,16,False,20,True,5,cuda,0.0004754843197454471,0.1,21,303.63643086282536,NVIDIA RTX A5000,kl,0.0027962229072109324,,,,9935,10000,9953,10000,scaled_hellinger_float64_norm,Adam,1,2765568,False,0.0004754843197454471,6.000000000000005e-05,OneCycleLR,2026095929,2026095930,2026095931,0.0012990486477966374,patience,213,2048,2048,122984,120000,fixed_training_subset_eval_mode,5e-05
pixel,lower,baseline_kl_a2,3,0.000592462574306776,0.0015182235402549482,0.9996497638902844,0.0002,5e-05,0.25,0.8035914897918701,0.00034269853557104883,0.00461790834477295,,,0.05,baseline,6,False,20,True,5,cuda,0.0006261878123916114,0.1,11,161.44050149898976,NVIDIA RTX A5000,kl,0.8035914897918701,0.0,0.8035914897918701,0.8035914897918701,9935,10000,9953,10000,scaled_hellinger_float64_norm,Adam,2,2765568,False,0.0006261878123916114,6.000000000000005e-05,OneCycleLR,2026095929,2026095930,2026095931,0.000744083324635908,patience,214,2048,2048,122984,120000,fixed_training_subset_eval_mode,0.00035023610971566366
pixel,lower,baseline_kl_a4,3,0.0009000914797317468,0.0021980674811112304,1.0,0.0,0.0,,,0.000810467662621029,0.00431625933048101,,,0.05,baseline,11,False,20,True,5,cuda,0.000981581329256427,0.1,16,232.2625545328483,NVIDIA RTX A5000,kl,0.0037939371471444883,,,,9935,10000,9953,10000,scaled_hellinger_float64_norm,Adam,4,2765568,False,0.000981581329256427,6.000000000000005e-05,OneCycleLR,2026095929,2026095930,2026095931,0.0016026987528981183,patience,215,2048,2048,122984,120000,fixed_training_subset_eval_mode,0.0
pixel,lower,baseline_chisq_a0p5,3,0.0006282474961699653,0.001095982007589681,0.9997990555611374,0.0001,0.0001,1.0,1.1213629245758057,0.0,0.005581432186029212,,,0.05,baseline,5,False,20,True,5,cuda,0.00037220329975972056,0.1,10,146.94208483491093,NVIDIA RTX A5000,chisq,1.3217990398406982,0.0,1.187822699546814,1.1213629245758057,9935,10000,9953,10000,scaled_hellinger_float64_norm,Adam,0.5,2765568,False,0.00037220329975972056,6.000000000000005e-05,OneCycleLR,2026095929,2026095930,2026095931,0.00041491728641022697,patience,216,2048,2048,122984,120000,fixed_training_subset_eval_mode,0.0002009444388626545
pixel,lower,baseline_chisq_a1,3,0.00073117324920261,0.0014046513925908726,0.9994990555611374,0.0001,5e-05,0.5,0.01828099851892917,0.0002012537178591446,0.005385821714802117,,,0.05,baseline,5,False,20,True,5,cuda,0.0004245896755441512,0.1,10,146.65423564007506,NVIDIA RTX A5000,chisq,1.6520355294199534,0.0,0.01828099851892917,0.01828099851892917,9935,10000,9953,10000,scaled_hellinger_float64_norm,Adam,1,2765568,False,0.0004245896755441512,6.000000000000005e-05,OneCycleLR,2026095929,2026095930,2026095931,0.00048640252421906495,patience,217,2048,2048,122984,120000,fixed_training_subset_eval_mode,0.0005009444388626546
pixel,lower,baseline_chisq_a2,3,0.0007568997018912174,0.0016674713678978099,0.9998997638902842,0.0,0.0,,,0.0003883954147371221,0.004156611254099986,,,0.05,baseline,7,False,20,True,5,cuda,0.0009507317044843923,0.1,12,174.59181203693151,NVIDIA RTX A5000,chisq,1.8997585773468015,,,,9935,10000,9953,10000,scaled_hellinger_float64_norm,Adam,2,2765568,False,0.0009507317044843923,6.000000000000005e-05,OneCycleLR,2026095929,2026095930,2026095931,0.0010771996026927688,patience,218,2048,2048,122984,120000,fixed_training_subset_eval_mode,0.00010023610971566363
pixel,lower,baseline_chisq_a4,3,0.0021963317216291242,0.004614828850977403,0.9995483472319903,0.00010047221943132724,0.0,0.0,,0.0020299372799471595,0.00800489890767441,,,0.05,baseline,5,False,20,True,5,cuda,0.00220027582721437,0.1,10,147.6750844041817,NVIDIA RTX A5000,chisq,0.5558784008026123,,,,9935,10000,9953,10000,scaled_hellinger_float64_norm,Adam,4,2765568,False,0.00220027582721437,6.000000000000005e-05,OneCycleLR,2026095929,2026095930,2026095931,-0.0009893917450218793,patience,219,2048,2048,122984,120000,fixed_training_subset_eval_mode,0.0004516527680096454
pixel,lower,baseline_js_a0p5,3,0.00019954335705379202,0.0006553150557403736,0.99995,0.00015047221943132724,0.00010047221943132724,0.6677127499749608,0.5900638919816091,0.0,0.0037567624217262415,,,0.05,baseline,6,False,20,True,5,cuda,0.00031052078281599383,0.1,11,160.76698981178924,NVIDIA RTX A5000,js,1.6390650868415833,0.0,0.9127249717712402,0.3226610797896311,9935,10000,9953,10000,scaled_hellinger_float64_norm,Adam,0.5,2765568,False,0.00031052078281599383,6.000000000000005e-05,OneCycleLR,2026095929,2026095930,2026095931,0.0004915209497796501,patience,220,2048,2048,122984,120000,fixed_training_subset_eval_mode,5e-05
pixel,lower,baseline_js_a1,3,0.00015076705977197809,0.0005201062545006287,0.9998497638902843,5e-05,0.0,0.0,,3.461440274557935e-05,0.0030858289437316585,,,0.05,baseline,8,False,20,True,5,cuda,0.00025758038650839705,0.1,13,187.54392695613205,NVIDIA RTX A5000,js,0.2703701853752136,,,,9935,10000,9953,10000,scaled_hellinger_float64_norm,Adam,1,2765568,False,0.00025758038650839705,6.000000000000005e-05,OneCycleLR,2026095929,2026095930,2026095931,0.00030052632508617967,patience,221,2048,2048,122984,120000,fixed_training_subset_eval_mode,0.00015023610971566363
pixel,lower,baseline_js_a2,3,0.00015070832642984623,0.00010067445548115387,1.0,0.0,0.0,,,6.294481976457452e-08,0.001718697244427564,,,0.05,baseline,27,False,20,True,5,cuda,0.00010037934032257447,0.1,32,458.18276845803484,NVIDIA RTX A5000,js,0.00020128823933385386,,,,9935,10000,9953,10000,scaled_hellinger_float64_norm,Adam,2,2765568,False,0.00010037934032257447,6.000000000000005e-05,OneCycleLR,2026095929,2026095930,2026095931,-0.00010067445548115387,patience,222,2048,2048,122984,120000,fixed_training_subset_eval_mode,0.0
pixel,lower,baseline_js_a4,3,0.00037316032082139325,0.0011609695605362368,0.9998495277805686,5.023610971566362e-05,0.0,0.0,,0.0002633539551704053,0.0037911244242769112,,,0.05,baseline,5,False,20,True,5,cuda,0.0006158776338486815,0.1,10,145.51832079235464,NVIDIA RTX A5000,js,0.6290956735610962,,,,9935,10000,9953,10000,scaled_hellinger_float64_norm,Adam,4,2765568,False,0.0006158776338486815,6.000000000000005e-05,OneCycleLR,2026095929,2026095930,2026095931,0.0009268918650573246,patience,223,2048,2048,122984,120000,fixed_training_subset_eval_mode,0.00015047221943132724
pixel,lower,baseline_hellinger_a0p5,4,0.0004140299771066418,0.001039309941973259,0.9996490555611373,0.00015047221943132724,0.0,0.0,,0.00012965104926022464,0.004199860704528642,,,0.05,baseline,8,False,20,True,5,cuda,0.000533924309330061,0.1,13,195.90258072735742,NVIDIA RTX A5000,hellinger,0.448346734046936,,,,9935,10000,9953,10000,scaled_hellinger_float64_norm,Adam,0.5,2765568,False,0.000533924309330061,6.000000000000005e-05,OneCycleLR,2026096938,2026096939,2026096940,1.7137478488510222e-06,patience,224,2048,2048,122984,120000,fixed_training_subset_eval_mode,0.0003509444388626545
pixel,lower,baseline_hellinger_a1,4,0.0008099579609751873,0.0015367092133013798,0.99975,0.00015000000000000001,0.0001,0.6666666666666666,0.4087745923056529,0.0004899933106466017,0.00451067975350739,,,0.05,baseline,6,False,20,True,5,cuda,0.0007526836208295388,0.1,11,162.44867048598826,NVIDIA RTX A5000,hellinger,0.7730658650398253,0.0,0.7730658650398253,0.4087745923056529,9935,10000,9953,10000,scaled_hellinger_float64_norm,Adam,1,2765568,False,0.0007526836208295388,6.000000000000005e-05,OneCycleLR,2026096938,2026096939,2026096940,0.0015367092133013798,patience,225,2048,2048,122984,120000,fixed_training_subset_eval_mode,0.00025
pixel,lower,baseline_hellinger_a2,4,0.4999999898082988,0.9999999284363206,1.0,0.0,0.0,,,0.9996310405076416,0.0007401893161567141,,,0.05,baseline,2,False,20,True,5,cuda,0.49999998611615126,0.1,10,150.84853532817215,NVIDIA RTX A5000,hellinger,0.9999999284363206,,,,9935,10000,9953,10000,scaled_hellinger_float64_norm,Adam,2,2765568,False,0.49999998611615126,6.000000000000005e-05,OneCycleLR,2026096938,2026096939,2026096940,0.9999999284363206,patience,226,2048,2048,122984,120000,fixed_training_subset_eval_mode,0.0
pixel,lower,baseline_hellinger_a4,4,0.5,1.0,1.0,0.0,0.0,,,0.999631112071321,0.0007401893161567141,,,0.05,baseline,1,False,20,True,5,cuda,0.5,0.1,10,151.11007955204695,NVIDIA RTX A5000,hellinger,1.0,,,,9935,10000,9953,10000,scaled_hellinger_float64_norm,Adam,4,2765568,False,0.5,6.000000000000005e-05,OneCycleLR,2026096938,2026096939,2026096940,1.0,patience,227,2048,2048,122984,120000,fixed_training_subset_eval_mode,0.0
pixel,lower,baseline_kl_a0p5,4,0.0005902531035063613,0.000998412948819753,0.9997495277805687,0.0,0.0,,,0.0001456823394430793,0.003849619347265544,,,0.05,baseline,9,False,20,True,5,cuda,0.0003451070229063979,0.1,14,202.72800403786823,NVIDIA RTX A5000,kl,0.14059105515480042,,,,9935,10000,9953,10000,scaled_hellinger_float64_norm,Adam,0.5,2765568,False,0.0003451070229063979,6.000000000000005e-05,OneCycleLR,2026096938,2026096939,2026096940,0.00040315261985789704,patience,228,2048,2048,122984,120000,fixed_training_subset_eval_mode,0.00025047221943132723
pixel,lower,baseline_kl_a1,4,0.0006571150476100436,0.0012524073050202086,0.9999497638902843,0.0,0.0,,,4.092380823021489e-05,0.003901740632079112,,,0.05,baseline,6,False,20,True,5,cuda,0.0003667046752335049,0.1,11,160.82303698780015,NVIDIA RTX A5000,kl,1.759980792067469,,,,9935,10000,9953,10000,scaled_hellinger_float64_norm,Adam,1,2765568,False,0.0003667046752335049,6.000000000000005e-05,OneCycleLR,2026096938,2026096939,2026096940,0.0005417271802144159,patience,229,2048,2048,122984,120000,fixed_training_subset_eval_mode,5.023610971566362e-05
pixel,lower,baseline_kl_a2,4,0.000520621012963042,0.000599677492734773,0.9999499999999999,0.0,0.0,,,3.0173579692427975e-05,0.002805832822864752,,,0.05,baseline,10,False,20,True,5,cuda,0.0005748592790577673,0.1,15,217.56964237382635,NVIDIA RTX A5000,kl,0.0006004617431313907,,,,9935,10000,9953,10000,scaled_hellinger_float64_norm,Adam,2,2765568,False,0.0005748592790577673,6.000000000000005e-05,OneCycleLR,2026096938,2026096939,2026096940,-5.148797927870499e-07,patience,230,2048,2048,122984,120000,fixed_training_subset_eval_mode,5e-05
pixel,lower,baseline_kl_a4,4,0.5000000000000004,0.9999999996885922,1.0,0.0,0.0,,,0.9996311117599133,0.0007401893161567141,,,0.05,baseline,1,False,20,True,5,cuda,0.5,0.1,10,147.77834933018312,NVIDIA RTX A5000,kl,0.9999999996885922,,,,9935,10000,9953,10000,scaled_hellinger_float64_norm,Adam,4,2765568,False,0.5,6.000000000000005e-05,OneCycleLR,2026096938,2026096939,2026096940,0.9999999996885922,patience,231,2048,2048,122984,120000,fixed_training_subset_eval_mode,0.0
pixel,lower,baseline_chisq_a0p5,4,0.00033584841365212213,0.0011293241218546433,0.9997499999999999,0.00020023610971566365,0.00020023610971566365,1.0,1.0906553222868163,9.410082581448386e-06,0.004860201687387072,,,0.05,baseline,5,False,20,True,5,cuda,0.00024703427798196636,0.1,10,147.1007557460107,NVIDIA RTX A5000,chisq,1.5964009761810303,0.0,1.220380961894989,0.481184351427496,9935,10000,9953,10000,scaled_hellinger_float64_norm,Adam,0.5,2765568,False,0.00024703427798196636,6.000000000000005e-05,OneCycleLR,2026096938,2026096939,2026096940,0.0007462664489890729,patience,232,2048,2048,122984,120000,fixed_training_subset_eval_mode,0.00025
pixel,lower,baseline_chisq_a1,4,0.000964887507153526,0.002074749773200419,0.9998997638902842,0.0005004722194313273,0.00040023610971566363,0.7997169356781497,0.7937583816916112,0.00013651519230445334,0.00799671169848395,,,0.05,baseline,3,False,20,True,5,cuda,0.0007252602412927625,0.1,10,145.87189850583673,NVIDIA RTX A5000,chisq,0.9391294717788696,0.0,0.9391294717788696,-0.41762070493476855,9935,10000,9953,10000,scaled_hellinger_float64_norm,Adam,1,2765568,False,0.0007252602412927625,6.000000000000005e-05,OneCycleLR,2026096938,2026096939,2026096940,0.0007958579916755796,patience,233,2048,2048,122984,120000,fixed_training_subset_eval_mode,0.00010023610971566363
pixel,lower,baseline_chisq_a2,4,0.000673218486847223,0.002197130997301574,0.9997997638902844,5.023610971566362e-05,0.0,0.0,,0.0006864892774341214,0.004956953447770888,,,0.05,baseline,8,False,20,True,5,cuda,0.0008650480444534698,0.1,13,190.36784877069294,NVIDIA RTX A5000,chisq,0.0029972802155904255,,,,9935,10000,9953,10000,scaled_hellinger_float64_norm,Adam,2,2765568,False,0.0008650480444534698,6.000000000000005e-05,OneCycleLR,2026096938,2026096939,2026096940,0.0008007395926154948,patience,234,2048,2048,122984,120000,fixed_training_subset_eval_mode,0.00020023610971566365
pixel,lower,baseline_chisq_a4,4,0.0009014171913255193,0.003011194887157831,1.0,0.0,0.0,,,0.0011601329125328643,0.005228759451266914,,,0.05,baseline,10,False,20,True,5,cuda,0.001340414782996038,0.1,15,218.907373982016,NVIDIA RTX A5000,chisq,0.0042217815756308156,,,,9935,10000,9953,10000,scaled_hellinger_float64_norm,Adam,4,2765568,False,0.001340414782996038,6.000000000000005e-05,OneCycleLR,2026096938,2026096939,2026096940,-0.0012080655811713748,patience,235,2048,2048,122984,120000,fixed_training_subset_eval_mode,0.0
pixel,lower,baseline_js_a0p5,4,0.00015903661128263707,0.0009003594986054061,0.999849291670853,0.0,0.0,,,0.00011426281186399815,0.0034329404157105317,,,0.05,baseline,15,False,20,True,5,cuda,0.00015028120379269167,0.1,20,286.13706051092595,NVIDIA RTX A5000,js,0.0012016285998510629,,,,9935,10000,9953,10000,scaled_hellinger_float64_norm,Adam,0.5,2765568,False,0.00015028120379269167,6.000000000000005e-05,OneCycleLR,2026096938,2026096939,2026096940,-0.00030133061052654565,patience,236,2048,2048,122984,120000,fixed_training_subset_eval_mode,0.00015070832914699085
pixel,lower,baseline_js_a1,4,0.00014763287602278732,0.00029967810437013114,0.9998997638902843,0.0,0.0,,,2.702363267272341e-06,0.002356009112809045,,,0.05,baseline,10,False,20,True,5,cuda,0.00015566093859556237,0.1,15,218.53430252708495,NVIDIA RTX A5000,js,0.0003982088992440236,,,,9935,10000,9953,10000,scaled_hellinger_float64_norm,Adam,1,2765568,False,0.00015566093859556237,6.000000000000005e-05,OneCycleLR,2026096938,2026096939,2026096940,9.853051278264681e-05,patience,237,2048,2048,122984,120000,fixed_training_subset_eval_mode,0.00010023610971566363
pixel,lower,baseline_js_a2,4,9.999998814504173e-05,0.0006006198549038954,1.0,0.0,0.0,,,6.65658624437956e-05,0.0026240954808868407,,,0.05,baseline,15,False,20,True,5,cuda,0.00018773424661188738,0.1,20,289.2288022004068,NVIDIA RTX A5000,js,0.0009996967036758342,,,,9935,10000,9953,10000,scaled_hellinger_float64_norm,Adam,2,2765568,False,0.00018773424661188738,6.000000000000005e-05,OneCycleLR,2026096938,2026096939,2026096940,0.0003992767881126739,patience,238,2048,2048,122984,120000,fixed_training_subset_eval_mode,0.0
pixel,lower,baseline_js_a4,4,0.0003914794392817191,0.0005116905277062175,0.9999497638902843,0.0,0.0,,,3.781318786902261e-05,0.0026878171346937027,,,0.05,baseline,10,False,20,True,5,cuda,0.0003715011939891573,0.1,15,218.14053924987093,NVIDIA RTX A5000,js,0.2518315315246582,,,,9935,10000,9953,10000,scaled_hellinger_float64_norm,Adam,4,2765568,False,0.0003715011939891573,6.000000000000005e-05,OneCycleLR,2026096938,2026096939,2026096940,-0.00031820724536497355,patience,239,2048,2048,122984,120000,fixed_training_subset_eval_mode,5.023610971566362e-05
pixel,upper,baseline_hellinger_a0p5,0,0.004442762914899895,0.009330045315675306,0.9999999999999998,0.0009525972068722998,0.0009525972068722998,1.0,0.5299620121510821,0.0034034427998522283,0.021083955937998597,,,0.05,baseline,7,False,20,True,5,cuda,0.005364758824405191,0.1,12,178.5408794498071,NVIDIA RTX A5000,hellinger,1.0406449914520692,0.0,1.0406449914520692,-0.4228516419553539,9935,10000,9953,10000,scaled_hellinger_float64_norm,Adam,0.5,2765568,False,0.005364758824405191,6.000000000000005e-05,OneCycleLR,2026092902,2026092903,2026092904,-0.0006895659662526063,patience,240,2048,2048,122984,120000,fixed_training_subset_eval_mode,0.0
pixel,upper,baseline_hellinger_a1,0,0.006699807546074308,0.014240713683409206,0.9995488194514216,0.00030070832914699087,0.00010023610971566363,0.33333333333333337,1.1660594464137022,0.009121006013502474,0.013099457750985604,,,0.05,baseline,13,False,20,True,5,cuda,0.006895169674378556,0.1,18,269.557744785212,NVIDIA RTX A5000,hellinger,1.1982154846191406,0.0,1.1982154846191406,-0.029333599084649477,9935,10000,9953,10000,scaled_hellinger_float64_norm,Adam,1,2765568,False,0.006895169674378556,6.000000000000005e-05,OneCycleLR,2026092902,2026092903,2026092904,0.006211870788721109,patience,241,2048,2048,122984,120000,fixed_training_subset_eval_mode,0.0004511805485783182
pixel,upper,baseline_hellinger_a2,0,0.006357253059341393,0.016785721594347037,0.9995490555611373,0.00030023610971566364,5e-05,0.16653559775788504,1.0391119718551636,0.011054869065376456,0.014482419385763275,,,0.05,baseline,11,False,20,True,5,cuda,0.007441454618216113,0.1,16,238.7069550282322,NVIDIA RTX A5000,hellinger,1.629280315558904,0.0,1.0391119718551636,1.0391119718551636,9935,10000,9953,10000,scaled_hellinger_float64_norm,Adam,2,2765568,False,0.007441454618216113,6.000000000000005e-05,OneCycleLR,2026092902,2026092903,2026092904,0.0089746767024875,patience,242,2048,2048,122984,120000,fixed_training_subset_eval_mode,0.00045094443886265455
pixel,upper,baseline_hellinger_a4,0,0.00853655696256204,0.01709348667948271,0.9999999999999998,0.0007521249874409726,0.0007521249874409726,1.0,0.8974640286855693,0.009474801988789326,0.020178155353229508,,,0.05,baseline,6,False,20,True,5,cuda,0.008629335725483134,0.1,11,165.00818905513734,NVIDIA RTX A5000,hellinger,1.2422294599278791,0.0,1.1355109732065072,0.8974640286855693,9935,10000,9953,10000,scaled_hellinger_float64_norm,Adam,4,2765568,False,0.008629335725483134,6.000000000000005e-05,OneCycleLR,2026092902,2026092903,2026092904,0.010875916705505707,patience,243,2048,2048,122984,120000,fixed_training_subset_eval_mode,0.0
pixel,upper,baseline_kl_a0p5,0,0.004059069446995787,0.007179306315027969,1.0,0.001252361097156636,0.001252361097156636,1.0,0.2538805842673037,0.0016534131665051307,0.020002716611061587,,,0.05,baseline,7,False,20,True,5,cuda,0.00407590237999788,0.1,12,177.99062749603763,NVIDIA RTX A5000,kl,1.112821699893217,0.0,0.4518794818331764,-0.029454232575774335,9935,10000,9953,10000,scaled_hellinger_float64_norm,Adam,0.5,2765568,False,0.00407590237999788,6.000000000000005e-05,OneCycleLR,2026092902,2026092903,2026092904,0.0010965373167182175,patience,244,2048,2048,122984,120000,fixed_training_subset_eval_mode,0.0
pixel,upper,baseline_kl_a1,0,0.005349988991386866,0.010787469355881228,0.9999999999999998,0.0016051944137445997,0.0016051944137445997,1.0,0.9355807345722251,0.0028583460722342927,0.023224096843199565,,,0.05,baseline,7,False,20,True,5,cuda,0.005728851134421468,0.1,12,175.26223426824436,NVIDIA RTX A5000,kl,1.3390380915347906,0.0,1.2541050947999017,-0.9355807345722251,9935,10000,9953,10000,scaled_hellinger_float64_norm,Adam,1,2765568,False,0.005728851134421468,6.000000000000005e-05,OneCycleLR,2026092902,2026092903,2026092904,-0.007353341349380781,patience,245,2048,2048,122984,120000,fixed_training_subset_eval_mode,0.0
pixel,upper,baseline_kl_a2,0,0.0054046929037812035,0.009368442521566276,0.9999999999999998,0.0011537777554506178,0.0011537777554506178,1.0,0.3743014244758433,0.0034716373721768333,0.021243139435663666,,,0.05,baseline,6,False,20,True,5,cuda,0.005728752167234802,0.1,11,159.68845384614542,NVIDIA RTX A5000,kl,1.0069869794674435,0.0,1.0069869794674435,-0.24401248788742644,9935,10000,9953,10000,scaled_hellinger_float64_norm,Adam,2,2765568,False,0.005728752167234802,6.000000000000005e-05,OneCycleLR,2026092902,2026092903,2026092904,-0.0002732455396460424,patience,246,2048,2048,122984,120000,fixed_training_subset_eval_mode,0.0
pixel,upper,baseline_kl_a4,0,0.0065785911294670586,0.01385170506406915,0.9995488194514215,0.0005509444388626545,0.0002502361097156636,0.4541948190497032,0.8304122436404578,0.008138350580260006,0.014358722895084134,,,0.05,baseline,9,False,20,True,5,cuda,0.006822421023164606,0.1,14,204.76901811594144,NVIDIA RTX A5000,kl,1.6665756702423096,0.0,1.1461009902674435,-0.5457740654793594,9935,10000,9953,10000,scaled_hellinger_float64_norm,Adam,4,2765568,False,0.006822421023164606,6.000000000000005e-05,OneCycleLR,2026092902,2026092903,2026092904,0.005004294415715472,patience,247,2048,2048,122984,120000,fixed_training_subset_eval_mode,0.0004511805485783181
pixel,upper,baseline_chisq_a0p5,0,0.0049553845033730795,0.006307542342068618,0.9999999999999999,0.0022535416457349546,0.0022535416457349546,1.0,0.3416572528173387,0.0012275898629262544,0.024664054357967896,,,0.05,baseline,6,False,20,True,5,cuda,0.0049534752359849995,0.1,11,163.9822006104514,NVIDIA RTX A5000,chisq,0.6082371499552826,0.0,0.6082371499552826,-0.19846720643074864,9935,10000,9953,10000,scaled_hellinger_float64_norm,Adam,0.5,2765568,False,0.0049534752359849995,6.000000000000005e-05,OneCycleLR,2026092902,2026092903,2026092904,0.001315200926705517,patience,248,2048,2048,122984,120000,fixed_training_subset_eval_mode,0.0
pixel,upper,baseline_chisq_a1,0,0.00601684927327483,0.009604667081957442,0.9999999999999998,0.0016049583040289362,0.0016049583040289362,1.0,0.5469049093487024,0.0028965889941695512,0.025576954471919107,,,0.05,baseline,5,False,20,True,5,cuda,0.006232067312144091,0.1,10,145.94446761114523,NVIDIA RTX A5000,chisq,1.1619538417391326,0.0,1.1619538417391326,-0.4082375199825346,9935,10000,9953,10000,scaled_hellinger_float64_norm,Adam,1,2765568,False,0.006232067312144091,6.000000000000005e-05,OneCycleLR,2026092902,2026092903,2026092904,-0.0015034448463635015,patience,249,2048,2048,122984,120000,fixed_training_subset_eval_mode,0.0
pixel,upper,baseline_chisq_a2,0,0.010422010655384971,0.022603985673831355,0.999398583341706,0.00020023610971566362,5e-05,0.2497052108683108,1.1439855098724365,0.015917713642409154,0.01685110417943098,,,0.05,baseline,8,False,20,True,5,cuda,0.010092131589531492,0.1,13,188.49702923512086,NVIDIA RTX A5000,chisq,1.319481611251831,0.0,1.1439855098724365,1.1439855098724365,9935,10000,9953,10000,scaled_hellinger_float64_norm,Adam,2,2765568,False,0.010092131589531492,6.000000000000005e-05,OneCycleLR,2026092902,2026092903,2026092904,0.004965162125828967,patience,250,2048,2048,122984,120000,fixed_training_subset_eval_mode,0.0006014166582939817
pixel,upper,baseline_chisq_a4,0,0.014574258434937783,0.028852068084749397,0.9993481111222746,0.00015023610971566363,5e-05,0.33280946967163777,0.8988292217254639,0.021256620765763755,0.018554582373327952,,,0.05,baseline,7,False,20,True,5,cuda,0.014044311811303832,0.1,12,177.8693148996681,NVIDIA RTX A5000,chisq,1.365744948387146,0.0,0.8988292217254639,-0.8988292217254639,9935,10000,9953,10000,scaled_hellinger_float64_norm,Adam,4,2765568,False,0.014044311811303832,6.000000000000005e-05,OneCycleLR,2026092902,2026092903,2026092904,-0.004213735285424849,patience,251,2048,2048,122984,120000,fixed_training_subset_eval_mode,0.0006518888777253091
pixel,upper,baseline_js_a0p5,0,0.003564614894798271,0.005639557147744382,0.9999999999999998,0.0006514166582939818,0.0006514166582939818,1.0,0.596376098630901,0.0012210851817324047,0.01874786859000411,,,0.05,baseline,9,False,20,True,5,cuda,0.0035151832535628364,0.1,14,205.9315714361146,NVIDIA RTX A5000,js,1.3611866267532375,0.0,1.043940835545757,-0.5475075235134489,9935,10000,9953,10000,scaled_hellinger_float64_norm,Adam,0.5,2765568,False,0.0035151832535628364,6.000000000000005e-05,OneCycleLR,2026092902,2026092903,2026092904,-6.251213158850706e-05,patience,252,2048,2048,122984,120000,fixed_training_subset_eval_mode,0.0
pixel,upper,baseline_js_a1,0,0.0037947266168447237,0.003337618374223685,0.9999999999999998,0.0016542499748819451,0.0016542499748819451,1.0,0.2524198232890169,0.00016798962188096627,0.024178249483601567,,,0.05,baseline,6,False,20,True,5,cuda,0.0033144849755924874,0.1,11,160.79141976684332,NVIDIA RTX A5000,js,0.33465555105043443,0.0,0.3172736498518193,-0.07944380373847072,9935,10000,9953,10000,scaled_hellinger_float64_norm,Adam,1,2765568,False,0.0033144849755924874,6.000000000000005e-05,OneCycleLR,2026092902,2026092903,2026092904,0.00021460905823469592,patience,253,2048,2048,122984,120000,fixed_training_subset_eval_mode,0.0
pixel,upper,baseline_js_a2,0,0.001887248360656708,0.004113237661708687,0.999698583341706,0.0,0.0,,,0.0018006109899429787,0.006801908565554448,,,0.05,baseline,46,False,20,True,5,cuda,0.002218610410689511,0.1,50,709.106575703714,NVIDIA RTX A5000,js,0.4034659266471863,,,,9935,10000,9953,10000,scaled_hellinger_float64_norm,Adam,2,2765568,True,0.002218610410689511,6.000000000000005e-05,OneCycleLR,2026092902,2026092903,2026092904,0.0011079236934087593,max_epochs,254,2048,2048,122984,120000,fixed_training_subset_eval_mode,0.0003014166582939817
pixel,upper,baseline_js_a4,0,0.004497914245152658,0.007673489518575641,0.9999999999999998,0.0013544860845976087,0.0013544860845976087,1.0,0.4011246221991477,0.002101106248023986,0.022956726142142378,,,0.05,baseline,8,False,20,True,5,cuda,0.004675793659480555,0.1,13,192.44057864276692,NVIDIA RTX A5000,js,1.148897980711932,0.0,1.148897980711932,-0.25771906516771875,9935,10000,9953,10000,scaled_hellinger_float64_norm,Adam,4,2765568,False,0.004675793659480555,6.000000000000005e-05,OneCycleLR,2026092902,2026092903,2026092904,-0.003637126979882031,patience,255,2048,2048,122984,120000,fixed_training_subset_eval_mode,0.0
pixel,upper,baseline_hellinger_a0p5,1,0.005768544460311862,0.010074489185402734,0.9999999999999998,0.002054722194313272,0.002054722194313272,1.0,0.38810865915177295,0.002558835550536848,0.02586711499747169,,,0.05,baseline,6,False,20,True,5,cuda,0.005375696939645065,0.1,11,166.26048898976296,NVIDIA RTX A5000,hellinger,1.3369414207531385,0.0,0.7357347921653853,-0.2695069851935196,9935,10000,9953,10000,scaled_hellinger_float64_norm,Adam,0.5,2765568,False,0.005375696939645065,6.000000000000005e-05,OneCycleLR,2026093911,2026093912,2026093913,-7.656503619745283e-06,patience,256,2048,2048,122984,120000,fixed_training_subset_eval_mode,0.0
pixel,upper,baseline_hellinger_a1,1,0.00557172188311936,0.010659264657548056,0.9999,0.0003504722194313273,0.00025047221943132723,0.7146706801404715,0.6689716118809519,0.0058040826805200955,0.011924190771034127,,,0.05,baseline,13,False,20,True,5,cuda,0.005714240779179758,0.1,18,269.16958772204816,NVIDIA RTX A5000,hellinger,1.722744345664978,0.0,0.8525225845442275,-0.3537340345772469,9935,10000,9953,10000,scaled_hellinger_float64_norm,Adam,1,2765568,False,0.005714240779179758,6.000000000000005e-05,OneCycleLR,2026093911,2026093912,2026093913,0.003956509883089665,patience,257,2048,2048,122984,120000,fixed_training_subset_eval_mode,0.0001
pixel,upper,baseline_hellinger_a2,1,0.007645018969069439,0.0170136842241764,1.0,0.0014009444388626544,0.0014009444388626544,1.0,0.40910077913149545,0.007982130530550852,0.02397891189000485,,,0.05,baseline,6,False,20,True,5,cuda,0.007812483174879158,0.1,11,166.8951992727816,NVIDIA RTX A5000,hellinger,1.1981057266451212,0.0,0.7373992855595751,0.40910077913149545,9935,10000,9953,10000,scaled_hellinger_float64_norm,Adam,2,2765568,False,0.007812483174879158,6.000000000000005e-05,OneCycleLR,2026093911,2026093912,2026093913,0.011124400304557564,patience,258,2048,2048,122984,120000,fixed_training_subset_eval_mode,0.0
pixel,upper,baseline_hellinger_a4,1,0.008833703322265546,0.017988061394263167,0.9998495277805686,0.0,0.0,,,0.012075822619025392,0.013949590250091324,,,0.05,baseline,14,False,20,True,5,cuda,0.008548166778825002,0.1,19,285.04442888032645,NVIDIA RTX A5000,hellinger,1.7246332870673005,,,,9935,10000,9953,10000,scaled_hellinger_float64_norm,Adam,4,2765568,False,0.008548166778825002,6.000000000000005e-05,OneCycleLR,2026093911,2026093912,2026093913,0.007087276483354691,patience,259,2048,2048,122984,120000,fixed_training_subset_eval_mode,0.00015047221943132724
pixel,upper,baseline_kl_a0p5,1,0.004407835920939488,0.007170321616058327,0.9999999999999999,0.0013021249874409725,0.0013021249874409725,1.0,0.3145104603719894,0.0016750880130709286,0.02201837194955793,,,0.05,baseline,6,False,20,True,5,cuda,0.0041321638268359715,0.1,11,161.56119662942365,NVIDIA RTX A5000,kl,1.0463916957378387,0.0,1.0463916957378387,0.08739150904333759,9935,10000,9953,10000,scaled_hellinger_float64_norm,Adam,0.5,2765568,False,0.0041321638268359715,6.000000000000005e-05,OneCycleLR,2026093911,2026093912,2026093913,0.0028903474371328344,patience,260,2048,2048,122984,120000,fixed_training_subset_eval_mode,0.0
pixel,upper,baseline_kl_a1,1,0.004592595018042482,0.006715762762373592,0.9999999999999999,0.001653069426303627,0.001653069426303627,1.0,0.33372835645587046,0.0009328500885728347,0.023235859101584704,,,0.05,baseline,6,False,20,True,5,cuda,0.004215268105825716,0.1,11,162.77972754416987,NVIDIA RTX A5000,kl,0.830492270960822,0.0,0.830492270960822,-0.019467090296039633,9935,10000,9953,10000,scaled_hellinger_float64_norm,Adam,1,2765568,False,0.004215268105825716,6.000000000000005e-05,OneCycleLR,2026093911,2026093912,2026093913,0.0012472216150733342,patience,261,2048,2048,122984,120000,fixed_training_subset_eval_mode,0.0
pixel,upper,baseline_kl_a2,1,0.005911857949904454,0.01120266162903087,0.9999999999999999,0.0008525972068722999,0.0008525972068722999,1.0,0.6380443972222117,0.004916351274456765,0.016479550101590162,,,0.05,baseline,8,False,20,True,5,cuda,0.0055871857159750125,0.1,13,190.7200670633465,NVIDIA RTX A5000,kl,1.4230027794837952,0.0,1.1601630233844342,0.2867843741763787,9935,10000,9953,10000,scaled_hellinger_float64_norm,Adam,2,2765568,False,0.0055871857159750125,6.000000000000005e-05,OneCycleLR,2026093911,2026093912,2026093913,0.0011236754874629333,patience,262,2048,2048,122984,120000,fixed_training_subset_eval_mode,0.0
pixel,upper,baseline_kl_a4,1,0.006506047761700174,0.012228540084362659,0.999398583341706,0.00020023610971566362,0.00020023610971566362,1.0,0.9984992178553108,0.0073606563597638465,0.013508373614950435,,,0.05,baseline,10,False,20,True,5,cuda,0.006382256607303558,0.1,15,218.158054869622,NVIDIA RTX A5000,kl,1.515654981136322,0.0,1.0520202516831816,0.9984992178553108,9935,10000,9953,10000,scaled_hellinger_float64_norm,Adam,4,2765568,False,0.006382256607303558,6.000000000000005e-05,OneCycleLR,2026093911,2026093912,2026093913,0.007157034271611229,patience,263,2048,2048,122984,120000,fixed_training_subset_eval_mode,0.0006014166582939818
pixel,upper,baseline_chisq_a0p5,1,0.004553910976322449,0.008423975497205062,1.0,0.0020537777554506175,0.0020537777554506175,1.0,0.5608624638001725,0.0017007772491124992,0.02533784810486159,,,0.05,baseline,6,False,20,True,5,cuda,0.004234480685456495,0.1,11,163.83556380821392,NVIDIA RTX A5000,chisq,1.0594711625563682,0.0,1.0594711625563682,0.3895314638888526,9935,10000,9953,10000,scaled_hellinger_float64_norm,Adam,0.5,2765568,False,0.004234480685456495,6.000000000000005e-05,OneCycleLR,2026093911,2026093912,2026093913,0.004797742661418469,patience,264,2048,2048,122984,120000,fixed_training_subset_eval_mode,0.0
pixel,upper,baseline_chisq_a1,1,0.005373975982893823,0.011463732513670498,0.9996492916708528,0.0008521249874409725,0.0005014166582939818,0.5884308824222989,0.5657993490817095,0.005316727725039083,0.017253054945865622,,,0.05,baseline,7,False,20,True,5,cuda,0.005156830283439814,0.1,12,176.3799573360011,NVIDIA RTX A5000,chisq,1.4430090329687366,0.0,0.915792592099476,0.1342380211313279,9935,10000,9953,10000,scaled_hellinger_float64_norm,Adam,1,2765568,False,0.005156830283439814,6.000000000000005e-05,OneCycleLR,2026093911,2026093912,2026093913,0.001864757455672299,patience,265,2048,2048,122984,120000,fixed_training_subset_eval_mode,0.0003507083291469909
pixel,upper,baseline_chisq_a2,1,0.009650434428863063,0.018188787126467938,0.9999999999999998,0.0005011805485783181,0.0005011805485783181,1.0,0.6911182183437986,0.011837788321109736,0.015578668816241183,,,0.05,baseline,7,False,20,True,5,cuda,0.009685540706872168,0.1,12,176.0032432479784,NVIDIA RTX A5000,chisq,1.3734088341395059,0.0,0.9957039952278136,0.5130446446231063,9935,10000,9953,10000,scaled_hellinger_float64_norm,Adam,2,2765568,False,0.009685540706872168,6.000000000000005e-05,OneCycleLR,2026093911,2026093912,2026093913,0.007226622015651409,patience,266,2048,2048,122984,120000,fixed_training_subset_eval_mode,0.0
pixel,upper,baseline_chisq_a4,1,0.012151816937324656,0.027125804418514657,0.9996490555611373,0.0003507083291469909,0.0003007083291469909,0.8574313871540711,0.3326194102694053,0.019298091085418995,0.019225529476532093,,,0.05,baseline,6,False,20,True,5,cuda,0.013379308849496521,0.1,11,163.38258853182197,NVIDIA RTX A5000,chisq,1.7639646604657173,0.0,0.8291925998646495,0.3326194102694053,9935,10000,9953,10000,scaled_hellinger_float64_norm,Adam,4,2765568,False,0.013379308849496521,6.000000000000005e-05,OneCycleLR,2026093911,2026093912,2026093913,0.005199156788590819,patience,267,2048,2048,122984,120000,fixed_training_subset_eval_mode,0.00035094443886265456
pixel,upper,baseline_js_a0p5,1,0.0029155679836122108,0.007058660417063975,0.9998,0.0004004722194313273,0.00020047221943132726,0.5005895782633784,0.4358200878677991,0.002742904091887745,0.011252460932016706,,,0.05,baseline,19,False,20,True,5,cuda,0.0032627230367952625,0.1,24,349.0038695987314,NVIDIA RTX A5000,js,1.7707486033229367,0.0,0.8420162837511196,-0.4120417908940155,9935,10000,9953,10000,scaled_hellinger_float64_norm,Adam,0.5,2765568,False,0.0032627230367952625,6.000000000000005e-05,OneCycleLR,2026093911,2026093912,2026093913,0.0010330243388855375,patience,268,2048,2048,122984,120000,fixed_training_subset_eval_mode,0.0002
pixel,upper,baseline_js_a1,1,0.003054256888663403,0.005720657604188395,0.9998997638902841,0.0010023610971566363,0.0009021249874409727,0.9,0.4166227173592213,0.0012165626483258399,0.017088132095565787,,,0.05,baseline,9,False,20,True,5,cuda,0.003481799541466074,0.1,14,205.17445239564404,NVIDIA RTX A5000,js,0.9448367465697425,0.0,0.5680620861023684,-0.2617488696554289,9935,10000,9953,10000,scaled_hellinger_float64_norm,Adam,1,2765568,False,0.003481799541466074,6.000000000000005e-05,OneCycleLR,2026093911,2026093912,2026093913,-0.001925164487159638,patience,269,2048,2048,122984,120000,fixed_training_subset_eval_mode,0.00010023610971566363
pixel,upper,baseline_js_a2,1,0.004328951876960643,0.007796092776246082,0.9999999999999999,0.0009021249874409727,0.0009021249874409727,1.0,0.6175612768997795,0.002588931980053936,0.01748529660224957,,,0.05,baseline,9,False,20,True,5,cuda,0.004101402988852322,0.1,14,205.35890813404694,NVIDIA RTX A5000,js,1.1495845466025068,0.0,1.1495845466025068,-0.4424963895105496,9935,10000,9953,10000,scaled_hellinger_float64_norm,Adam,2,2765568,False,0.004101402988852322,6.000000000000005e-05,OneCycleLR,2026093911,2026093912,2026093913,-0.0015925654319924557,patience,270,2048,2048,122984,120000,fixed_training_subset_eval_mode,0.0
pixel,upper,baseline_js_a4,1,0.0038218134034103575,0.006847376708509531,0.9999999999999998,0.001102361097156636,0.001102361097156636,1.0,0.2710356050999224,0.0014112158515947363,0.020047800243164333,,,0.05,baseline,6,False,20,True,5,cuda,0.003835901668751847,0.1,11,162.67408159002662,NVIDIA RTX A5000,js,0.9510488003904678,0.0,0.540416325049192,-0.02320771192659087,9935,10000,9953,10000,scaled_hellinger_float64_norm,Adam,4,2765568,False,0.003835901668751847,6.000000000000005e-05,OneCycleLR,2026093911,2026093912,2026093913,-0.0015430433034499293,patience,271,2048,2048,122984,120000,fixed_training_subset_eval_mode,0.0
pixel,upper,baseline_hellinger_a0p5,2,0.006121980769135776,0.012599704972172788,0.9997997638902842,0.00030047221943132725,0.00025047221943132723,0.833595265164181,0.7582809931224032,0.006884445411914467,0.014159652858488489,,,0.05,baseline,13,False,20,True,5,cuda,0.005839586826403031,0.1,18,268.7422080929391,NVIDIA RTX A5000,hellinger,1.5539003320190292,0.0,0.7582809931224032,0.7582809931224032,9935,10000,9953,10000,scaled_hellinger_float64_norm,Adam,0.5,2765568,False,0.005839586826403031,6.000000000000005e-05,OneCycleLR,2026094920,2026094921,2026094922,0.005318831768343328,patience,272,2048,2048,122984,120000,fixed_training_subset_eval_mode,0.00020023610971566362
pixel,upper,baseline_hellinger_a1,2,0.006616997855143877,0.012693293140785636,0.9999999999999997,0.0016051944137445995,0.0016051944137445995,1.0,0.34695938549514677,0.0038570531440429317,0.02627265248679994,,,0.05,baseline,5,False,20,True,5,cuda,0.007108484920358334,0.1,10,151.70454145222902,NVIDIA RTX A5000,hellinger,1.1002123402835355,0.0,0.6578085668954701,-0.34695938549514677,9935,10000,9953,10000,scaled_hellinger_float64_norm,Adam,1,2765568,False,0.007108484920358334,6.000000000000005e-05,OneCycleLR,2026094920,2026094921,2026094922,-0.005710373724980861,patience,273,2048,2048,122984,120000,fixed_training_subset_eval_mode,0.0
pixel,upper,baseline_hellinger_a2,2,0.007961261897564877,0.01705987522557816,0.9997499999999999,0.0004507083291469909,0.0004507083291469909,1.0,0.9069744999444302,0.010829307538134457,0.01535105556293681,,,0.05,baseline,10,False,20,True,5,cuda,0.007907072330658158,0.1,15,225.1619750726968,NVIDIA RTX A5000,hellinger,1.4647827750712457,0.0,1.1662573516368866,0.1280694752526925,9935,10000,9953,10000,scaled_hellinger_float64_norm,Adam,2,2765568,False,0.007907072330658158,6.000000000000005e-05,OneCycleLR,2026094920,2026094921,2026094922,0.008291291937791252,patience,274,2048,2048,122984,120000,fixed_training_subset_eval_mode,0.00025
pixel,upper,baseline_hellinger_a4,2,0.008238977463798175,0.018032596396330335,1.0,0.001101888877725309,0.001101888877725309,1.0,0.3496074949589973,0.009707541475696704,0.025086839175529133,,,0.05,baseline,6,False,20,True,5,cuda,0.009128984415651346,0.1,11,167.18926379503682,NVIDIA RTX A5000,hellinger,0.76903423650474,0.0,0.49740634565157915,0.24119684033487557,9935,10000,9953,10000,scaled_hellinger_float64_norm,Adam,4,2765568,False,0.009128984415651346,6.000000000000005e-05,OneCycleLR,2026094920,2026094921,2026094922,0.008577837343383465,patience,275,2048,2048,122984,120000,fixed_training_subset_eval_mode,0.0
pixel,upper,baseline_kl_a0p5,2,0.004380991756119677,0.009065653163495401,0.9999499999999999,0.00045118054857831816,0.00040118054857831814,0.8891796196499354,0.6399916588841763,0.0042416801393255705,0.013520589957096747,,,0.05,baseline,12,False,20,True,5,cuda,0.004476106243888467,0.1,17,245.54933859594166,NVIDIA RTX A5000,kl,1.6511378775370398,0.0,1.2232794511415592,-0.5825678466757497,9935,10000,9953,10000,scaled_hellinger_float64_norm,Adam,0.5,2765568,False,0.004476106243888467,6.000000000000005e-05,OneCycleLR,2026094920,2026094921,2026094922,0.0004346475832153155,patience,276,2048,2048,122984,120000,fixed_training_subset_eval_mode,5e-05
pixel,upper,baseline_kl_a1,2,0.0055124708076103,0.010236052720822328,1.0,0.002603305536019291,0.002603305536019291,1.0,0.25300212697972674,0.003097969396324411,0.027044596380819432,,,0.05,baseline,5,False,20,True,5,cuda,0.005439298219480043,0.1,10,147.05493882205337,NVIDIA RTX A5000,kl,0.7891096386156319,0.0,0.5040046778032289,0.10932570470764959,9935,10000,9953,10000,scaled_hellinger_float64_norm,Adam,1,2765568,False,0.005439298219480043,6.000000000000005e-05,OneCycleLR,2026094920,2026094921,2026094922,0.007129235786094471,patience,277,2048,2048,122984,120000,fixed_training_subset_eval_mode,0.0
pixel,upper,baseline_kl_a2,2,0.0058039338206948305,0.012892486354205979,1.0,0.0017528333165879638,0.0017528333165879638,1.0,0.5585197034758274,0.005483558649627926,0.023088594457428366,,,0.05,baseline,6,False,20,True,5,cuda,0.006070554592747818,0.1,11,160.5414330214262,NVIDIA RTX A5000,kl,1.0415564993112174,0.0,1.0415564993112174,-0.20941263033309754,9935,10000,9953,10000,scaled_hellinger_float64_norm,Adam,2,2765568,False,0.006070554592747818,6.000000000000005e-05,OneCycleLR,2026094920,2026094921,2026094922,0.005168603615402089,patience,278,2048,2048,122984,120000,fixed_training_subset_eval_mode,0.0
pixel,upper,baseline_kl_a4,2,0.007435830508170245,0.015596621058125757,0.9996497638902843,0.00015023610971566363,0.00015023610971566363,1.0,0.8729838059234402,0.01029342752820147,0.012850548739076623,,,0.05,baseline,13,False,20,True,5,cuda,0.006755183787551956,0.1,18,260.29176834225655,NVIDIA RTX A5000,kl,1.8459370732307432,0.0,0.919007122516632,0.8729838059234402,9935,10000,9953,10000,scaled_hellinger_float64_norm,Adam,4,2765568,False,0.006755183787551956,6.000000000000005e-05,OneCycleLR,2026094920,2026094921,2026094922,0.007710045514768229,patience,279,2048,2048,122984,120000,fixed_training_subset_eval_mode,0.0003502361097156636
pixel,upper,baseline_chisq_a0p5,2,0.004527507364110921,0.0096385890415165,0.9999999999999998,0.0012025972068722998,0.0012025972068722998,1.0,0.283296116082205,0.0030323796139123675,0.01991373950036085,,,0.05,baseline,7,False,20,True,5,cuda,0.0046615239537516305,0.1,12,176.13065281370655,NVIDIA RTX A5000,chisq,1.6563426319363337,0.0,0.49958431008351356,0.2450403305640974,9935,10000,9953,10000,scaled_hellinger_float64_norm,Adam,0.5,2765568,False,0.0046615239537516305,6.000000000000005e-05,OneCycleLR,2026094920,2026094921,2026094922,0.0014787141697372914,patience,280,2048,2048,122984,120000,fixed_training_subset_eval_mode,0.0
pixel,upper,baseline_chisq_a1,2,0.005878874351715744,0.014152975219685173,1.0,0.0005521249874409726,0.0005521249874409726,1.0,0.6798992843742853,0.006396324632489493,0.020361446345706188,,,0.05,baseline,7,False,20,True,5,cuda,0.006327308480370945,0.1,12,175.06380519410595,NVIDIA RTX A5000,chisq,1.5386637605139348,0.0,0.958586573600769,0.3746991543731394,9935,10000,9953,10000,scaled_hellinger_float64_norm,Adam,1,2765568,False,0.006327308480370945,6.000000000000005e-05,OneCycleLR,2026094920,2026094921,2026094922,0.0005413243348698403,patience,281,2048,2048,122984,120000,fixed_training_subset_eval_mode,0.0
pixel,upper,baseline_chisq_a2,2,0.009713374033086822,0.020402567953023157,0.9999497638902842,0.0009016527680096453,0.0009016527680096453,1.0,0.34050116194537083,0.012131041521055139,0.0206341216095761,,,0.05,baseline,6,False,20,True,5,cuda,0.0087542708554351,0.1,11,161.2272752621211,NVIDIA RTX A5000,chisq,1.5531086866083508,0.0,1.0475224880026406,0.008581564844430714,9935,10000,9953,10000,scaled_hellinger_float64_norm,Adam,2,2765568,False,0.0087542708554351,6.000000000000005e-05,OneCycleLR,2026094920,2026094921,2026094922,0.0005991376595868797,patience,282,2048,2048,122984,120000,fixed_training_subset_eval_mode,5.023610971566362e-05
pixel,upper,baseline_chisq_a4,2,0.014444220646840127,0.03311662475041724,0.9996990555611373,0.0005509444388626545,0.0005509444388626545,1.0,0.7643555342268121,0.024147985776294345,0.02064360474559966,,,0.05,baseline,6,False,20,True,5,cuda,0.014572465213293893,0.1,11,162.24819823307917,NVIDIA RTX A5000,chisq,1.6349256038665774,0.0,1.0642187198003135,0.7643555342268121,9935,10000,9953,10000,scaled_hellinger_float64_norm,Adam,4,2765568,False,0.014572465213293893,6.000000000000005e-05,OneCycleLR,2026094920,2026094921,2026094922,0.009536340115832749,patience,283,2048,2048,122984,120000,fixed_training_subset_eval_mode,0.0003009444388626545
pixel,upper,baseline_js_a0p5,2,0.0034867406065332927,0.006971161465325629,0.9999999999999999,0.0008018888777253089,0.0008018888777253089,1.0,0.8992012591039378,0.001982951144588155,0.014684272380875432,,,0.05,baseline,12,False,20,True,5,cuda,0.0030453020917105634,0.1,17,248.7459944919683,NVIDIA RTX A5000,js,1.147812874073529,0.0,1.147812874073529,0.6122480405855554,9935,10000,9953,10000,scaled_hellinger_float64_norm,Adam,0.5,2765568,False,0.0030453020917105634,6.000000000000005e-05,OneCycleLR,2026094920,2026094921,2026094922,0.00023687366702936045,patience,284,2048,2048,122984,120000,fixed_training_subset_eval_mode,0.0
pixel,upper,baseline_js_a1,2,0.0038709348610654467,0.008021895597917978,0.9999999999999998,0.0007009444388626544,0.0007009444388626544,1.0,0.3134705914445986,0.0027524090109531064,0.01530317458526035,,,0.05,baseline,10,False,20,True,5,cuda,0.00382631963065134,0.1,15,216.9241187949665,NVIDIA RTX A5000,js,1.4532037396657989,0.0,0.7668135201704587,0.1913750124421279,9935,10000,9953,10000,scaled_hellinger_float64_norm,Adam,1,2765568,False,0.00382631963065134,6.000000000000005e-05,OneCycleLR,2026094920,2026094921,2026094922,0.0016556743916208813,patience,285,2048,2048,122984,120000,fixed_training_subset_eval_mode,0.0
pixel,upper,baseline_js_a2,2,0.0038636691826003534,0.004831976625535181,1.0,0.002654249974881945,0.002654249974881945,1.0,0.22411553596951558,0.000358964949684001,0.026613346302148934,,,0.05,baseline,6,False,20,True,5,cuda,0.004094464630654015,0.1,11,161.74022427015007,NVIDIA RTX A5000,js,0.3980795796239366,0.0,0.3980795796239366,0.19171367848737575,9935,10000,9953,10000,scaled_hellinger_float64_norm,Adam,2,2765568,False,0.004094464630654015,6.000000000000005e-05,OneCycleLR,2026094920,2026094921,2026094922,0.001869272354294404,patience,286,2048,2048,122984,120000,fixed_training_subset_eval_mode,0.0
pixel,upper,baseline_js_a4,2,0.0036028163623848556,0.006423355103015711,0.9999999999999998,0.001603777755450618,0.001603777755450618,1.0,0.3605522860759948,0.0011674678030283167,0.02396155404563514,,,0.05,baseline,6,False,20,True,5,cuda,0.0036178705178648825,0.1,11,158.7277423888445,NVIDIA RTX A5000,js,1.2437573876911598,0.0,1.2437573876911598,-0.27009186043703975,9935,10000,9953,10000,scaled_hellinger_float64_norm,Adam,4,2765568,False,0.0036178705178648825,6.000000000000005e-05,OneCycleLR,2026094920,2026094921,2026094922,-0.0016193279834094895,patience,287,2048,2048,122984,120000,fixed_training_subset_eval_mode,0.0
pixel,upper,baseline_hellinger_a0p5,3,0.005702883195136701,0.012260659605604858,0.9995990555611372,0.0009525972068722998,0.0005516527680096454,0.5791039108973548,0.5761257326663659,0.0058388687289558355,0.017553797282044446,,,0.05,baseline,9,False,20,True,5,cuda,0.00568239591744822,0.1,14,209.66890387563035,NVIDIA RTX A5000,hellinger,1.648115618617587,0.0,1.130173603693644,0.43945645057382365,9935,10000,9953,10000,scaled_hellinger_float64_norm,Adam,0.5,2765568,False,0.00568239591744822,6.000000000000005e-05,OneCycleLR,2026095929,2026095930,2026095931,0.0065962425352699226,patience,288,2048,2048,122984,120000,fixed_training_subset_eval_mode,0.0004009444388626545
pixel,upper,baseline_hellinger_a1,3,0.007506037447164637,0.012096280479564785,1.0,0.0009521249874409727,0.0009521249874409727,1.0,0.4017759264265195,0.005849877488038994,0.018498222389249537,,,0.05,baseline,7,False,20,True,5,cuda,0.007354633462273013,0.1,12,181.13846957311034,NVIDIA RTX A5000,hellinger,1.1386321584569081,0.0,1.1342181893050587,0.01200875572348887,9935,10000,9953,10000,scaled_hellinger_float64_norm,Adam,1,2765568,False,0.007354633462273013,6.000000000000005e-05,OneCycleLR,2026095929,2026095930,2026095931,0.0057201974196817666,patience,289,2048,2048,122984,120000,fixed_training_subset_eval_mode,0.0
pixel,upper,baseline_hellinger_a2,3,0.007190142475505753,0.01786933767276952,0.9996490555611373,0.00025047221943132723,0.00010023610971566363,0.4001885316592792,0.5664368609470319,0.012264564823481195,0.013726026063707215,,,0.05,baseline,16,False,20,True,5,cuda,0.007806102117300021,0.1,21,312.89585009031,NVIDIA RTX A5000,hellinger,1.7364310026168823,0.0,0.9530735015869141,0.3888816391150279,9935,10000,9953,10000,scaled_hellinger_float64_norm,Adam,2,2765568,False,0.007806102117300021,6.000000000000005e-05,OneCycleLR,2026095929,2026095930,2026095931,0.0083693117387421,patience,290,2048,2048,122984,120000,fixed_training_subset_eval_mode,0.0003509444388626545
pixel,upper,baseline_hellinger_a4,3,0.007322784614093894,0.01895010883436349,0.9998497638902842,0.00035070832914699094,0.00020047221943132726,0.5716209247693805,0.9941863139243388,0.012033557911818576,0.01652163383735051,,,0.05,baseline,8,False,20,True,5,cuda,0.008584520258153278,0.1,13,195.64764159126207,NVIDIA RTX A5000,hellinger,1.352327766720479,0.0,1.1500576734542847,-0.6363988779053943,9935,10000,9953,10000,scaled_hellinger_float64_norm,Adam,4,2765568,False,0.008584520258153278,6.000000000000005e-05,OneCycleLR,2026095929,2026095930,2026095931,0.007832509485389445,patience,291,2048,2048,122984,120000,fixed_training_subset_eval_mode,0.00015023610971566363
pixel,upper,baseline_kl_a0p5,3,0.004145678905493164,0.005171080327343403,1.0,0.001603069426303627,0.001603069426303627,1.0,0.2736264096516581,0.0009804657382801478,0.020379573889888775,,,0.05,baseline,5,False,20,True,5,cuda,0.003205128104992286,0.1,10,147.35265316301957,NVIDIA RTX A5000,kl,0.9495788951075723,0.0,0.9495788951075723,-0.19284877522351818,9935,10000,9953,10000,scaled_hellinger_float64_norm,Adam,0.5,2765568,False,0.003205128104992286,6.000000000000005e-05,OneCycleLR,2026095929,2026095930,2026095931,0.0025801833435526735,patience,292,2048,2048,122984,120000,fixed_training_subset_eval_mode,0.0
pixel,upper,baseline_kl_a1,3,0.004752073581250892,0.008834981948405289,1.0,0.0009518888777253091,0.0009518888777253091,1.0,0.19491649332127609,0.0025635384054702305,0.019526720153906607,,,0.05,baseline,6,False,20,True,5,cuda,0.004425198850832451,0.1,11,161.8781080422923,NVIDIA RTX A5000,kl,1.2095365047098718,0.0,0.47116915682491767,0.1324645513236331,9935,10000,9953,10000,scaled_hellinger_float64_norm,Adam,1,2765568,False,0.004425198850832451,6.000000000000005e-05,OneCycleLR,2026095929,2026095930,2026095931,0.005938852680083512,patience,293,2048,2048,122984,120000,fixed_training_subset_eval_mode,0.0
pixel,upper,baseline_kl_a2,3,0.005636472778683094,0.012464687373251288,0.9996992916708529,0.0006016527680096454,0.0006016527680096454,1.0,0.7136526867574076,0.006828454259711575,0.014743116105081375,,,0.05,baseline,11,False,20,True,5,cuda,0.005559080261295289,0.1,16,232.2305061207153,NVIDIA RTX A5000,kl,1.6006700992584229,0.0,1.1796876192092896,-0.46830465329849863,9935,10000,9953,10000,scaled_hellinger_float64_norm,Adam,2,2765568,False,0.005559080261295289,6.000000000000005e-05,OneCycleLR,2026095929,2026095930,2026095931,-0.0025912031754815107,patience,294,2048,2048,122984,120000,fixed_training_subset_eval_mode,0.0003007083291469909
pixel,upper,baseline_kl_a4,3,0.0064014905549712765,0.012391852774697771,0.9996992916708529,0.0003509444388626545,0.0003007083291469909,0.8568545212499464,0.5881114061895006,0.006825286626573114,0.012951334971947658,,,0.05,baseline,11,False,20,True,5,cuda,0.0065379314168171904,0.1,16,232.75058002676815,NVIDIA RTX A5000,kl,1.88072048679098,0.0,0.9560520648956299,-0.5881114061895006,9935,10000,9953,10000,scaled_hellinger_float64_norm,Adam,4,2765568,False,0.0065379314168171904,6.000000000000005e-05,OneCycleLR,2026095929,2026095930,2026095931,0.0020451013256593854,patience,295,2048,2048,122984,120000,fixed_training_subset_eval_mode,0.0003007083291469909
pixel,upper,baseline_chisq_a0p5,3,0.004620469291487342,0.00828157229833054,1.0,0.0009525972068722998,0.0009525972068722998,1.0,0.8147999725100166,0.002279663560889084,0.01748669540378921,,,0.05,baseline,7,False,20,True,5,cuda,0.00416411759632429,0.1,12,175.83939102571458,NVIDIA RTX A5000,chisq,1.159151404980458,0.0,1.1588461733046516,0.7761458389662207,9935,10000,9953,10000,scaled_hellinger_float64_norm,Adam,0.5,2765568,False,0.00416411759632429,6.000000000000005e-05,OneCycleLR,2026095929,2026095930,2026095931,0.003059154308324988,patience,296,2048,2048,122984,120000,fixed_training_subset_eval_mode,0.0
pixel,upper,baseline_chisq_a1,3,0.006412917965850418,0.011067943427487213,1.0,0.0015523610971566362,0.0015523610971566362,1.0,0.32739493160797656,0.004378143144302703,0.023959028785126575,,,0.05,baseline,5,False,20,True,5,cuda,0.006248534195634191,0.1,10,148.1741005317308,NVIDIA RTX A5000,chisq,0.8465392430569254,0.0,0.4964189060816422,0.2936302610583186,9935,10000,9953,10000,scaled_hellinger_float64_norm,Adam,1,2765568,False,0.006248534195634191,6.000000000000005e-05,OneCycleLR,2026095929,2026095930,2026095931,0.007097029414107869,patience,297,2048,2048,122984,120000,fixed_training_subset_eval_mode,0.0
pixel,upper,baseline_chisq_a2,3,0.009380287835143462,0.019613203586388718,0.9999999999999998,0.002204958304028936,0.002204958304028936,1.0,0.33200312534953896,0.008135962011712305,0.03368386863110677,,,0.05,baseline,2,False,20,True,5,cuda,0.00945535026811429,0.1,10,146.82008871994913,NVIDIA RTX A5000,chisq,0.7106335795732668,0.0,0.6503671780277409,-0.33200312534953896,9935,10000,9953,10000,scaled_hellinger_float64_norm,Adam,2,2765568,False,0.00945535026811429,6.000000000000005e-05,OneCycleLR,2026095929,2026095930,2026095931,-0.0014428773689430972,patience,298,2048,2048,122984,120000,fixed_training_subset_eval_mode,0.0
pixel,upper,baseline_chisq_a4,3,0.01501332919471082,0.031017025186226437,0.9997497638902844,0.0001,5e-05,0.5,1.1151784658432007,0.023579604112544,0.01683643615349634,,,0.05,baseline,7,False,20,True,5,cuda,0.015132873688057429,0.1,12,176.51345927175134,NVIDIA RTX A5000,chisq,1.7417882680892942,0.0,1.1151784658432007,1.1151784658432007,9935,10000,9953,10000,scaled_hellinger_float64_norm,Adam,4,2765568,False,0.015132873688057429,6.000000000000005e-05,OneCycleLR,2026095929,2026095930,2026095931,0.02037662247853022,patience,299,2048,2048,122984,120000,fixed_training_subset_eval_mode,0.00025023610971566367
pixel,upper,baseline_js_a0p5,3,0.0027642805259037208,0.005160137537401028,0.9999999999999998,0.0006009444388626545,0.0006009444388626545,1.0,0.595069578463487,0.0013001092295611026,0.013444138607405011,,,0.05,baseline,12,False,20,True,5,cuda,0.0029013610962987197,0.1,17,245.9468239871785,NVIDIA RTX A5000,js,1.4322308301925657,0.0,1.2743676900863647,-0.5633380486062312,9935,10000,9953,10000,scaled_hellinger_float64_norm,Adam,0.5,2765568,False,0.0029013610962987197,6.000000000000005e-05,OneCycleLR,2026095929,2026095930,2026095931,1.1046129384566446e-05,patience,300,2048,2048,122984,120000,fixed_training_subset_eval_mode,0.0
pixel,upper,baseline_js_a1,3,0.003684579509332709,0.005433100617494672,0.9999999999999999,0.0016518888777253091,0.0016518888777253091,1.0,0.20443833442650217,0.0009896545429158106,0.02102729521391499,,,0.05,baseline,6,False,20,True,5,cuda,0.003558834005322642,0.1,11,161.49251846922562,NVIDIA RTX A5000,js,0.8238146829730026,0.0,0.8238146829730026,0.16825258355030903,9935,10000,9953,10000,scaled_hellinger_float64_norm,Adam,1,2765568,False,0.003558834005322642,6.000000000000005e-05,OneCycleLR,2026095929,2026095930,2026095931,0.002122702980127108,patience,301,2048,2048,122984,120000,fixed_training_subset_eval_mode,0.0
pixel,upper,baseline_js_a2,3,0.003022980774265035,0.006910897550691531,0.9994995277805686,0.0004,0.00025,0.625,0.6822667417324125,0.003459786313336793,0.009822501174289459,,,0.05,baseline,17,False,20,True,5,cuda,0.003438500798253327,0.1,22,319.61041989689693,NVIDIA RTX A5000,js,1.8127349615097046,0.0,1.033746063709259,0.1447301092349947,9935,10000,9953,10000,scaled_hellinger_float64_norm,Adam,2,2765568,False,0.003438500798253327,6.000000000000005e-05,OneCycleLR,2026095929,2026095930,2026095931,0.002579287890647622,patience,302,2048,2048,122984,120000,fixed_training_subset_eval_mode,0.0005004722194313272
pixel,upper,baseline_js_a4,3,0.0021876429984620813,0.005475362898114004,0.9996990555611374,0.00020047221943132726,0.00010023610971566363,0.5,0.8160395168788523,0.0025198949369293192,0.008065023369244913,,,0.05,baseline,24,False,20,True,5,cuda,0.0025123067541901597,0.1,29,417.16252267872915,NVIDIA RTX A5000,js,1.8534843921661375,0.0,0.8160395168788523,-0.8160395168788523,9935,10000,9953,10000,scaled_hellinger_float64_norm,Adam,4,2765568,False,0.0025123067541901597,6.000000000000005e-05,OneCycleLR,2026095929,2026095930,2026095931,0.0009120226240667394,patience,303,2048,2048,122984,120000,fixed_training_subset_eval_mode,0.0003009444388626545
pixel,upper,baseline_hellinger_a0p5,4,0.006472447415903724,0.011862940016252724,1.0,0.0008014166582939818,0.0008014166582939818,1.0,0.6073944276043982,0.004641398587140855,0.019509751918102308,,,0.05,baseline,8,False,20,True,5,cuda,0.006545825391453604,0.1,13,196.1779436781071,NVIDIA RTX A5000,hellinger,1.0632486283591795,0.0,1.0632486283591795,0.11464669207486837,9935,10000,9953,10000,scaled_hellinger_float64_norm,Adam,0.5,2765568,False,0.006545825391453604,6.000000000000005e-05,OneCycleLR,2026096938,2026096939,2026096940,0.00269353174027412,patience,304,2048,2048,122984,120000,fixed_training_subset_eval_mode,0.0
pixel,upper,baseline_hellinger_a1,4,0.007229010823163344,0.012387662172658612,0.9999999999999998,0.001553777755450618,0.001553777755450618,1.0,0.5452873583700757,0.005442579775640223,0.022377786019974068,,,0.05,baseline,7,False,20,True,5,cuda,0.006909758496944266,0.1,12,180.75793724507093,NVIDIA RTX A5000,hellinger,0.9511059825577035,0.0,0.9477433622208465,0.1631766242093114,9935,10000,9953,10000,scaled_hellinger_float64_norm,Adam,1,2765568,False,0.006909758496944266,6.000000000000005e-05,OneCycleLR,2026096938,2026096939,2026096940,-0.000659438821500302,patience,305,2048,2048,122984,120000,fixed_training_subset_eval_mode,0.0
pixel,upper,baseline_hellinger_a2,4,0.008230971196996582,0.01782005078651416,0.9999999999999998,0.0014528333165879635,0.0014528333165879635,1.0,0.42376732830218833,0.008990935418305526,0.025603656331038928,,,0.05,baseline,6,False,20,True,5,cuda,0.009654867443760956,0.1,11,166.7603439129889,NVIDIA RTX A5000,hellinger,1.2626595898080348,0.0,1.2626595898080348,-0.42376732830218833,9935,10000,9953,10000,scaled_hellinger_float64_norm,Adam,2,2765568,False,0.009654867443760956,6.000000000000005e-05,OneCycleLR,2026096938,2026096939,2026096940,-0.0030477279532958694,patience,306,2048,2048,122984,120000,fixed_training_subset_eval_mode,0.0
pixel,upper,baseline_hellinger_a4,4,0.007433036792273809,0.01659670327203905,0.9998,5e-05,5e-05,1.0,0.8646857738494873,0.011693923571471573,0.011715934661180906,,,0.05,baseline,20,False,20,True,5,cuda,0.007604025425235493,0.1,25,370.26678744424134,NVIDIA RTX A5000,hellinger,0.8646857738494873,0.0,0.8646857738494873,0.8646857738494873,9935,10000,9953,10000,scaled_hellinger_float64_norm,Adam,4,2765568,False,0.007604025425235493,6.000000000000005e-05,OneCycleLR,2026096938,2026096939,2026096940,0.011169645765920961,patience,307,2048,2048,122984,120000,fixed_training_subset_eval_mode,0.0002
pixel,upper,baseline_kl_a0p5,4,0.004306598393825014,0.007471612764278082,0.9999999999999999,0.000551180548578318,0.000551180548578318,1.0,0.45464618337452256,0.0024409268005676156,0.01680041920311813,,,0.05,baseline,8,False,20,True,5,cuda,0.004241753479369733,0.1,13,190.96049092104658,NVIDIA RTX A5000,kl,1.2006582021713257,0.0,1.2006582021713257,-0.02431132028212365,9935,10000,9953,10000,scaled_hellinger_float64_norm,Adam,0.5,2765568,False,0.004241753479369733,6.000000000000005e-05,OneCycleLR,2026096938,2026096939,2026096940,0.0007608252265343362,patience,308,2048,2048,122984,120000,fixed_training_subset_eval_mode,0.0
pixel,upper,baseline_kl_a1,4,0.005395891922351733,0.010121342423584017,1.0,0.0015025972068722997,0.0015025972068722997,1.0,0.217732148193007,0.003801626290128795,0.022946110626166548,,,0.05,baseline,7,False,20,True,5,cuda,0.005025514248458966,0.1,12,175.5694125732407,NVIDIA RTX A5000,kl,0.8501366229025906,0.0,0.5801819832847557,0.056846258975640086,9935,10000,9953,10000,scaled_hellinger_float64_norm,Adam,1,2765568,False,0.005025514248458966,6.000000000000005e-05,OneCycleLR,2026096938,2026096939,2026096940,0.00625211974360411,patience,309,2048,2048,122984,120000,fixed_training_subset_eval_mode,0.0
pixel,upper,baseline_kl_a2,4,0.005759491979397691,0.010612579227320413,1.0,0.0013014166582939817,0.0013014166582939817,1.0,0.6186009004078292,0.00411208734610199,0.02055637309225135,,,0.05,baseline,6,False,20,True,5,cuda,0.006004358135812431,0.1,11,161.75293351337314,NVIDIA RTX A5000,kl,0.9700726561672788,0.0,0.9700726561672788,0.17101044031489773,9935,10000,9953,10000,scaled_hellinger_float64_norm,Adam,2,2765568,False,0.006004358135812431,6.000000000000005e-05,OneCycleLR,2026096938,2026096939,2026096940,0.007512080401842752,patience,310,2048,2048,122984,120000,fixed_training_subset_eval_mode,0.0
pixel,upper,baseline_kl_a4,4,0.0066134817393599925,0.013872225228598909,0.9998497638902843,0.0005009444388626545,0.0005009444388626545,1.0,0.9433552141501256,0.007790157838733034,0.015016218058453122,,,0.05,baseline,9,False,20,True,5,cuda,0.006842234050428169,0.1,14,204.7581293103285,NVIDIA RTX A5000,kl,1.4653853178024292,0.0,1.0794939615053134,0.13319651173632902,9935,10000,9953,10000,scaled_hellinger_float64_norm,Adam,4,2765568,False,0.006842234050428169,6.000000000000005e-05,OneCycleLR,2026096938,2026096939,2026096940,0.005288407627670879,patience,311,2048,2048,122984,120000,fixed_training_subset_eval_mode,0.00015023610971566363
pixel,upper,baseline_chisq_a0p5,4,0.004794229577346024,0.0071225650436777315,0.9999999999999998,0.0023559027428915907,0.0023559027428915907,1.0,0.41418535278679464,0.0013352457996829545,0.024608294481338434,,,0.05,baseline,6,False,20,True,5,cuda,0.005258111412010493,0.1,11,162.93728907313198,NVIDIA RTX A5000,chisq,0.7872660471230194,0.0,0.7117343886105086,-0.41418535278679464,9935,10000,9953,10000,scaled_hellinger_float64_norm,Adam,0.5,2765568,False,0.005258111412010493,6.000000000000005e-05,OneCycleLR,2026096938,2026096939,2026096940,-0.005723160128399605,patience,312,2048,2048,122984,120000,fixed_training_subset_eval_mode,0.0
pixel,upper,baseline_chisq_a1,4,0.005139482944837433,0.011223877105823789,0.9999999999999998,0.0014040138651662815,0.0014040138651662815,1.0,0.9094736529138596,0.003766983571119333,0.02256360072672201,,,0.05,baseline,6,False,20,True,5,cuda,0.00527115441862168,0.1,11,162.0920809903182,NVIDIA RTX A5000,chisq,1.2495915622568115,0.0,1.2495915622568115,-0.23790850082699444,9935,10000,9953,10000,scaled_hellinger_float64_norm,Adam,1,2765568,False,0.00527115441862168,6.000000000000005e-05,OneCycleLR,2026096938,2026096939,2026096940,-0.00013845580255608976,patience,313,2048,2048,122984,120000,fixed_training_subset_eval_mode,0.0
pixel,upper,baseline_chisq_a2,4,0.01155386835000569,0.020483658472138302,1.0,0.0024540138651662816,0.0024540138651662816,1.0,0.13525518201627046,0.010450931507710915,0.034099222731299075,,,0.05,baseline,2,False,20,True,5,cuda,0.01045732252095534,0.1,10,147.84949948079884,NVIDIA RTX A5000,chisq,0.9268454695681656,0.0,0.29966408604856754,0.02085872595659617,9935,10000,9953,10000,scaled_hellinger_float64_norm,Adam,2,2765568,False,0.01045732252095534,6.000000000000005e-05,OneCycleLR,2026096938,2026096939,2026096940,0.009440780760825603,patience,314,2048,2048,122984,120000,fixed_training_subset_eval_mode,0.0
pixel,upper,baseline_chisq_a4,4,0.014791479822912994,0.03255208087433747,0.9998997638902842,0.0002509444388626545,0.00020070832914699088,0.7998118231137269,0.7029457819392972,0.024042689130210296,0.018801415918558564,,,0.05,baseline,7,False,20,True,5,cuda,0.015267945237255692,0.1,12,175.7697286880575,NVIDIA RTX A5000,chisq,1.8393680843123388,0.0,1.251836240709811,-0.7029457819392972,9935,10000,9953,10000,scaled_hellinger_float64_norm,Adam,4,2765568,False,0.015267945237255692,6.000000000000005e-05,OneCycleLR,2026096938,2026096939,2026096940,0.003351492975248884,patience,315,2048,2048,122984,120000,fixed_training_subset_eval_mode,0.00010023610971566363
pixel,upper,baseline_js_a0p5,4,0.003031714656609735,0.00578292728944028,0.9999999999999999,0.0008011805485783182,0.0008011805485783182,1.0,0.20049544904568173,0.0010199997895291414,0.017985113092573404,,,0.05,baseline,8,False,20,True,5,cuda,0.0031682056650383867,0.1,13,190.9084125291556,NVIDIA RTX A5000,js,0.9844502210617065,0.0,0.9844502210617065,-0.07217668670466285,9935,10000,9953,10000,scaled_hellinger_float64_norm,Adam,0.5,2765568,False,0.0031682056650383867,6.000000000000005e-05,OneCycleLR,2026096938,2026096939,2026096940,-0.0010462720499299465,patience,316,2048,2048,122984,120000,fixed_training_subset_eval_mode,0.0
pixel,upper,baseline_js_a1,4,0.004476821291978503,0.005033772774231222,0.9999999999999998,0.002156138852607254,0.002156138852607254,1.0,0.36202133065097003,3.1171729462800965e-05,0.027106131496419578,,,0.05,baseline,5,False,20,True,5,cuda,0.004174914407507729,0.1,10,147.14991053985432,NVIDIA RTX A5000,js,0.989061518537096,0.0,0.989061518537096,-0.10010118637369579,9935,10000,9953,10000,scaled_hellinger_float64_norm,Adam,1,2765568,False,0.004174914407507729,6.000000000000005e-05,OneCycleLR,2026096938,2026096939,2026096940,-0.002860214827055525,patience,317,2048,2048,122984,120000,fixed_training_subset_eval_mode,0.0
pixel,upper,baseline_js_a2,4,0.0035537620517968487,0.005164935458509188,0.9999999999999998,0.001954722194313272,0.001954722194313272,1.0,0.3404899841864209,0.0007640709790996375,0.021790436565074,,,0.05,baseline,6,False,20,True,5,cuda,0.0036655604730991805,0.1,11,159.7965081068687,NVIDIA RTX A5000,js,0.7506064908374755,0.0,0.7506064908374755,0.01806925386720126,9935,10000,9953,10000,scaled_hellinger_float64_norm,Adam,2,2765568,False,0.0036655604730991805,6.000000000000005e-05,OneCycleLR,2026096938,2026096939,2026096940,0.00020622255608127032,patience,318,2048,2048,122984,120000,fixed_training_subset_eval_mode,0.0
pixel,upper,baseline_js_a4,4,0.003682575734619351,0.007234247378720094,0.9998495277805686,0.0005011805485783181,0.0005011805485783181,1.0,0.858123256424861,0.0030634783000093317,0.012760037679672083,,,0.05,baseline,12,False,20,True,5,cuda,0.0039357150395837185,0.1,17,239.92394102783874,NVIDIA RTX A5000,js,1.302883803844452,0.0,1.1600096821784973,-0.16659803943014792,9935,10000,9953,10000,scaled_hellinger_float64_norm,Adam,4,2765568,False,0.0039357150395837185,6.000000000000005e-05,OneCycleLR,2026096938,2026096939,2026096940,-9.703245665288806e-05,patience,319,2048,2048,122984,120000,fixed_training_subset_eval_mode,0.00015047221943132724
