representation,branch,repeat,panel,source,group,target,sampling_seed,shown_count,available_count,score_min,score_max,display_rank,test_row,source_id,original_final_role,rdr
feature,lower,0,ranked,lower,Smallest RDR,0,2026100318,40,40000,3.3045950704183773e-15,9.616549093496851e-13,0,4078,stylegan2_lower:psi_0p650:seed_001128262,test_calibration,3.3045950704183773e-15
feature,lower,0,ranked,lower,Smallest RDR,0,2026100318,40,40000,3.3045950704183773e-15,9.616549093496851e-13,1,12926,stylegan2_lower_extra_final_seed_022005829,test_calibration,1.1681845574695263e-14
feature,lower,0,ranked,lower,Smallest RDR,0,2026100318,40,40000,3.3045950704183773e-15,9.616549093496851e-13,2,16914,stylegan2_lower_extra_final_seed_022013792,test_calibration,2.4037624443543938e-14
feature,lower,0,ranked,lower,Smallest RDR,0,2026100318,40,40000,3.3045950704183773e-15,9.616549093496851e-13,3,38790,stylegan2_lower_extra_final_seed_022017591,test_evaluation,5.1831572345749366e-14
feature,lower,0,ranked,lower,Smallest RDR,0,2026100318,40,40000,3.3045950704183773e-15,9.616549093496851e-13,4,15292,stylegan2_lower_extra_final_seed_022010520,test_calibration,9.700697683285783e-14
feature,lower,0,ranked,lower,Smallest RDR,0,2026100318,40,40000,3.3045950704183773e-15,9.616549093496851e-13,5,15147,stylegan2_lower_extra_final_seed_022010217,test_calibration,9.785941046218383e-14
feature,lower,0,ranked,lower,Smallest RDR,0,2026100318,40,40000,3.3045950704183773e-15,9.616549093496851e-13,6,23467,stylegan2_lower:psi_0p650:seed_001126796,test_evaluation,1.2143126673462568e-13
feature,lower,0,ranked,lower,Smallest RDR,0,2026100318,40,40000,3.3045950704183773e-15,9.616549093496851e-13,7,9916,stylegan2_lower:psi_0p650:seed_001159776,test_calibration,1.2713610817328275e-13
feature,lower,0,ranked,lower,Smallest RDR,0,2026100318,40,40000,3.3045950704183773e-15,9.616549093496851e-13,8,15250,stylegan2_lower_extra_final_seed_022010434,test_calibration,1.401704409010121e-13
feature,lower,0,ranked,lower,Smallest RDR,0,2026100318,40,40000,3.3045950704183773e-15,9.616549093496851e-13,9,3241,stylegan2_lower:psi_0p650:seed_001126627,test_calibration,1.4107512629878832e-13
feature,lower,0,ranked,lower,Smallest RDR,0,2026100318,40,40000,3.3045950704183773e-15,9.616549093496851e-13,10,14983,stylegan2_lower_extra_final_seed_022009874,test_calibration,1.4183870278381555e-13
feature,lower,0,ranked,lower,Smallest RDR,0,2026100318,40,40000,3.3045950704183773e-15,9.616549093496851e-13,11,37815,stylegan2_lower_extra_final_seed_022015582,test_evaluation,1.577154476895687e-13
feature,lower,0,ranked,lower,Smallest RDR,0,2026100318,40,40000,3.3045950704183773e-15,9.616549093496851e-13,12,38834,stylegan2_lower_extra_final_seed_022017686,test_evaluation,1.5859023621243862e-13
feature,lower,0,ranked,lower,Smallest RDR,0,2026100318,40,40000,3.3045950704183773e-15,9.616549093496851e-13,13,33820,stylegan2_lower_extra_final_seed_022007695,test_evaluation,2.0295030033704725e-13
feature,lower,0,ranked,lower,Smallest RDR,0,2026100318,40,40000,3.3045950704183773e-15,9.616549093496851e-13,14,15851,stylegan2_lower_extra_final_seed_022011620,test_calibration,2.224555853110391e-13
feature,lower,0,ranked,lower,Smallest RDR,0,2026100318,40,40000,3.3045950704183773e-15,9.616549093496851e-13,15,35661,stylegan2_lower_extra_final_seed_022011407,test_evaluation,2.5790388704857725e-13
feature,lower,0,ranked,lower,Smallest RDR,0,2026100318,40,40000,3.3045950704183773e-15,9.616549093496851e-13,16,7726,stylegan2_lower:psi_0p650:seed_001155498,test_calibration,2.615324135642888e-13
feature,lower,0,ranked,lower,Smallest RDR,0,2026100318,40,40000,3.3045950704183773e-15,9.616549093496851e-13,17,20697,stylegan2_lower:psi_0p650:seed_001121391,test_evaluation,2.958462468061196e-13
feature,lower,0,ranked,lower,Smallest RDR,0,2026100318,40,40000,3.3045950704183773e-15,9.616549093496851e-13,18,34397,stylegan2_lower_extra_final_seed_022008855,test_evaluation,3.153040979350652e-13
feature,lower,0,ranked,lower,Smallest RDR,0,2026100318,40,40000,3.3045950704183773e-15,9.616549093496851e-13,19,36606,stylegan2_lower_extra_final_seed_022013251,test_evaluation,3.64591820276039e-13
feature,lower,0,ranked,lower,Smallest RDR,0,2026100318,40,40000,3.3045950704183773e-15,9.616549093496851e-13,20,32996,stylegan2_lower_extra_final_seed_022006015,test_evaluation,3.6946129749332313e-13
feature,lower,0,ranked,lower,Smallest RDR,0,2026100318,40,40000,3.3045950704183773e-15,9.616549093496851e-13,21,34794,stylegan2_lower_extra_final_seed_022009678,test_evaluation,3.704102725498454e-13
feature,lower,0,ranked,lower,Smallest RDR,0,2026100318,40,40000,3.3045950704183773e-15,9.616549093496851e-13,22,33012,stylegan2_lower_extra_final_seed_022006050,test_evaluation,4.090725967600267e-13
feature,lower,0,ranked,lower,Smallest RDR,0,2026100318,40,40000,3.3045950704183773e-15,9.616549093496851e-13,23,9993,stylegan2_lower:psi_0p650:seed_001159924,test_calibration,5.405189100124441e-13
feature,lower,0,ranked,lower,Smallest RDR,0,2026100318,40,40000,3.3045950704183773e-15,9.616549093496851e-13,24,5876,stylegan2_lower:psi_0p650:seed_001151838,test_calibration,5.99606790000623e-13
feature,lower,0,ranked,lower,Smallest RDR,0,2026100318,40,40000,3.3045950704183773e-15,9.616549093496851e-13,25,29465,stylegan2_lower:psi_0p650:seed_001158948,test_evaluation,6.141094035204409e-13
feature,lower,0,ranked,lower,Smallest RDR,0,2026100318,40,40000,3.3045950704183773e-15,9.616549093496851e-13,26,4332,stylegan2_lower:psi_0p650:seed_001128752,test_calibration,6.454719029234945e-13
feature,lower,0,ranked,lower,Smallest RDR,0,2026100318,40,40000,3.3045950704183773e-15,9.616549093496851e-13,27,39056,stylegan2_lower_extra_final_seed_022018134,test_evaluation,6.543510850352818e-13
feature,lower,0,ranked,lower,Smallest RDR,0,2026100318,40,40000,3.3045950704183773e-15,9.616549093496851e-13,28,1062,stylegan2_lower:psi_0p650:seed_001122191,test_calibration,7.07257765807795e-13
feature,lower,0,ranked,lower,Smallest RDR,0,2026100318,40,40000,3.3045950704183773e-15,9.616549093496851e-13,29,34856,stylegan2_lower_extra_final_seed_022009802,test_evaluation,7.194828500339812e-13
feature,lower,0,ranked,lower,Smallest RDR,0,2026100318,40,40000,3.3045950704183773e-15,9.616549093496851e-13,30,28572,stylegan2_lower:psi_0p650:seed_001157123,test_evaluation,7.587623021207412e-13
feature,lower,0,ranked,lower,Smallest RDR,0,2026100318,40,40000,3.3045950704183773e-15,9.616549093496851e-13,31,8901,stylegan2_lower:psi_0p650:seed_001157781,test_calibration,8.043346262469331e-13
feature,lower,0,ranked,lower,Smallest RDR,0,2026100318,40,40000,3.3045950704183773e-15,9.616549093496851e-13,32,4222,stylegan2_lower:psi_0p650:seed_001128557,test_calibration,8.127594192282317e-13
feature,lower,0,ranked,lower,Smallest RDR,0,2026100318,40,40000,3.3045950704183773e-15,9.616549093496851e-13,33,21188,stylegan2_lower:psi_0p650:seed_001122296,test_evaluation,8.371784168681451e-13
feature,lower,0,ranked,lower,Smallest RDR,0,2026100318,40,40000,3.3045950704183773e-15,9.616549093496851e-13,34,227,stylegan2_lower:psi_0p650:seed_001120457,test_calibration,8.642411330854471e-13
feature,lower,0,ranked,lower,Smallest RDR,0,2026100318,40,40000,3.3045950704183773e-15,9.616549093496851e-13,35,5893,stylegan2_lower:psi_0p650:seed_001151880,test_calibration,8.788359580000349e-13
feature,lower,0,ranked,lower,Smallest RDR,0,2026100318,40,40000,3.3045950704183773e-15,9.616549093496851e-13,36,5258,stylegan2_lower:psi_0p650:seed_001150577,test_calibration,9.061194719897636e-13
feature,lower,0,ranked,lower,Smallest RDR,0,2026100318,40,40000,3.3045950704183773e-15,9.616549093496851e-13,37,33402,stylegan2_lower_extra_final_seed_022006871,test_evaluation,9.291800185176613e-13
feature,lower,0,ranked,lower,Smallest RDR,0,2026100318,40,40000,3.3045950704183773e-15,9.616549093496851e-13,38,24331,stylegan2_lower:psi_0p650:seed_001128545,test_evaluation,9.52630986247871e-13
feature,lower,0,ranked,lower,Smallest RDR,0,2026100318,40,40000,3.3045950704183773e-15,9.616549093496851e-13,39,28397,stylegan2_lower:psi_0p650:seed_001156762,test_evaluation,9.616549093496851e-13
feature,lower,0,ranked,lower,Closest to 1,1,2026100319,40,40000,0.9832430481910706,1.0167515277862549,0,23638,stylegan2_lower:psi_0p650:seed_001127134,test_evaluation,0.9995896220207214
feature,lower,0,ranked,lower,Closest to 1,1,2026100319,40,40000,0.9832430481910706,1.0167515277862549,1,19139,stylegan2_lower_extra_final_seed_022018264,test_calibration,1.0010517835617065
feature,lower,0,ranked,lower,Closest to 1,1,2026100319,40,40000,0.9832430481910706,1.0167515277862549,2,21840,stylegan2_lower:psi_0p650:seed_001123565,test_evaluation,0.998489260673523
feature,lower,0,ranked,lower,Closest to 1,1,2026100319,40,40000,0.9832430481910706,1.0167515277862549,3,38941,stylegan2_lower_extra_final_seed_022017920,test_evaluation,1.0021151304244995
feature,lower,0,ranked,lower,Closest to 1,1,2026100319,40,40000,0.9832430481910706,1.0167515277862549,4,10207,stylegan2_lower_extra_final_seed_022000369,test_calibration,1.0023210048675537
feature,lower,0,ranked,lower,Closest to 1,1,2026100319,40,40000,0.9832430481910706,1.0167515277862549,5,11194,stylegan2_lower_extra_final_seed_022002276,test_calibration,0.9975726008415222
feature,lower,0,ranked,lower,Closest to 1,1,2026100319,40,40000,0.9832430481910706,1.0167515277862549,6,30693,stylegan2_lower_extra_final_seed_022001477,test_evaluation,1.0026264190673828
feature,lower,0,ranked,lower,Closest to 1,1,2026100319,40,40000,0.9832430481910706,1.0167515277862549,7,3474,stylegan2_lower:psi_0p650:seed_001127100,test_calibration,1.0037720203399658
feature,lower,0,ranked,lower,Closest to 1,1,2026100319,40,40000,0.9832430481910706,1.0167515277862549,8,9769,stylegan2_lower:psi_0p650:seed_001159497,test_calibration,1.003957986831665
feature,lower,0,ranked,lower,Closest to 1,1,2026100319,40,40000,0.9832430481910706,1.0167515277862549,9,10682,stylegan2_lower_extra_final_seed_022001309,test_calibration,1.0042970180511475
feature,lower,0,ranked,lower,Closest to 1,1,2026100319,40,40000,0.9832430481910706,1.0167515277862549,10,29802,stylegan2_lower:psi_0p650:seed_001159654,test_evaluation,1.0045450925827026
feature,lower,0,ranked,lower,Closest to 1,1,2026100319,40,40000,0.9832430481910706,1.0167515277862549,11,20379,stylegan2_lower:psi_0p650:seed_001120774,test_evaluation,1.0047743320465088
feature,lower,0,ranked,lower,Closest to 1,1,2026100319,40,40000,0.9832430481910706,1.0167515277862549,12,30814,stylegan2_lower_extra_final_seed_022001737,test_evaluation,1.004825234413147
feature,lower,0,ranked,lower,Closest to 1,1,2026100319,40,40000,0.9832430481910706,1.0167515277862549,13,892,stylegan2_lower:psi_0p650:seed_001121826,test_calibration,0.9949964284896851
feature,lower,0,ranked,lower,Closest to 1,1,2026100319,40,40000,0.9832430481910706,1.0167515277862549,14,8771,stylegan2_lower:psi_0p650:seed_001157538,test_calibration,1.0050750970840454
feature,lower,0,ranked,lower,Closest to 1,1,2026100319,40,40000,0.9832430481910706,1.0167515277862549,15,21104,stylegan2_lower:psi_0p650:seed_001122139,test_evaluation,0.99460768699646
feature,lower,0,ranked,lower,Closest to 1,1,2026100319,40,40000,0.9832430481910706,1.0167515277862549,16,6897,stylegan2_lower:psi_0p650:seed_001153838,test_calibration,0.99369215965271
feature,lower,0,ranked,lower,Closest to 1,1,2026100319,40,40000,0.9832430481910706,1.0167515277862549,17,20165,stylegan2_lower:psi_0p650:seed_001120310,test_evaluation,1.0071245431900024
feature,lower,0,ranked,lower,Closest to 1,1,2026100319,40,40000,0.9832430481910706,1.0167515277862549,18,32831,stylegan2_lower_extra_final_seed_022005687,test_evaluation,0.9921314120292664
feature,lower,0,ranked,lower,Closest to 1,1,2026100319,40,40000,0.9832430481910706,1.0167515277862549,19,22135,stylegan2_lower:psi_0p650:seed_001124140,test_evaluation,1.007905125617981
feature,lower,0,ranked,lower,Closest to 1,1,2026100319,40,40000,0.9832430481910706,1.0167515277862549,20,39152,stylegan2_lower_extra_final_seed_022018310,test_evaluation,0.9904443621635437
feature,lower,0,ranked,lower,Closest to 1,1,2026100319,40,40000,0.9832430481910706,1.0167515277862549,21,15687,stylegan2_lower_extra_final_seed_022011287,test_calibration,0.9903644919395447
feature,lower,0,ranked,lower,Closest to 1,1,2026100319,40,40000,0.9832430481910706,1.0167515277862549,22,4192,stylegan2_lower:psi_0p650:seed_001128503,test_calibration,1.0102050304412842
feature,lower,0,ranked,lower,Closest to 1,1,2026100319,40,40000,0.9832430481910706,1.0167515277862549,23,6940,stylegan2_lower:psi_0p650:seed_001153918,test_calibration,1.0113770961761475
feature,lower,0,ranked,lower,Closest to 1,1,2026100319,40,40000,0.9832430481910706,1.0167515277862549,24,35225,stylegan2_lower_extra_final_seed_022010513,test_evaluation,1.0115352869033813
feature,lower,0,ranked,lower,Closest to 1,1,2026100319,40,40000,0.9832430481910706,1.0167515277862549,25,31881,stylegan2_lower_extra_final_seed_022003842,test_evaluation,1.0118374824523926
feature,lower,0,ranked,lower,Closest to 1,1,2026100319,40,40000,0.9832430481910706,1.0167515277862549,26,35076,stylegan2_lower_extra_final_seed_022010226,test_evaluation,0.9876108765602112
feature,lower,0,ranked,lower,Closest to 1,1,2026100319,40,40000,0.9832430481910706,1.0167515277862549,27,17767,stylegan2_lower_extra_final_seed_022015586,test_calibration,1.0125548839569092
feature,lower,0,ranked,lower,Closest to 1,1,2026100319,40,40000,0.9832430481910706,1.0167515277862549,28,3626,stylegan2_lower:psi_0p650:seed_001127395,test_calibration,0.9870495200157166
feature,lower,0,ranked,lower,Closest to 1,1,2026100319,40,40000,0.9832430481910706,1.0167515277862549,29,3136,stylegan2_lower:psi_0p650:seed_001126404,test_calibration,0.9865849018096924
feature,lower,0,ranked,lower,Closest to 1,1,2026100319,40,40000,0.9832430481910706,1.0167515277862549,30,33789,stylegan2_lower_extra_final_seed_022007637,test_evaluation,1.0135118961334229
feature,lower,0,ranked,lower,Closest to 1,1,2026100319,40,40000,0.9832430481910706,1.0167515277862549,31,23951,stylegan2_lower:psi_0p650:seed_001127761,test_evaluation,1.014020562171936
feature,lower,0,ranked,lower,Closest to 1,1,2026100319,40,40000,0.9832430481910706,1.0167515277862549,32,5897,stylegan2_lower:psi_0p650:seed_001151886,test_calibration,0.9859091639518738
feature,lower,0,ranked,lower,Closest to 1,1,2026100319,40,40000,0.9832430481910706,1.0167515277862549,33,19807,stylegan2_lower_extra_final_seed_022019605,test_calibration,0.9859047532081604
feature,lower,0,ranked,lower,Closest to 1,1,2026100319,40,40000,0.9832430481910706,1.0167515277862549,34,36240,stylegan2_lower_extra_final_seed_022012503,test_evaluation,1.0143556594848633
feature,lower,0,ranked,lower,Closest to 1,1,2026100319,40,40000,0.9832430481910706,1.0167515277862549,35,7737,stylegan2_lower:psi_0p650:seed_001155525,test_calibration,0.9854377508163452
feature,lower,0,ranked,lower,Closest to 1,1,2026100319,40,40000,0.9832430481910706,1.0167515277862549,36,9655,stylegan2_lower:psi_0p650:seed_001159295,test_calibration,0.9851705431938171
feature,lower,0,ranked,lower,Closest to 1,1,2026100319,40,40000,0.9832430481910706,1.0167515277862549,37,1261,stylegan2_lower:psi_0p650:seed_001122629,test_calibration,1.0165817737579346
feature,lower,0,ranked,lower,Closest to 1,1,2026100319,40,40000,0.9832430481910706,1.0167515277862549,38,34561,stylegan2_lower_extra_final_seed_022009188,test_evaluation,1.0167515277862549
feature,lower,0,ranked,lower,Closest to 1,1,2026100319,40,40000,0.9832430481910706,1.0167515277862549,39,27879,stylegan2_lower:psi_0p650:seed_001155712,test_evaluation,0.9832430481910706
feature,lower,0,ranked,lower,Largest RDR,2,2026100320,40,40000,1.9903316497802734,1.9999866485595703,0,28108,stylegan2_lower:psi_0p650:seed_001156186,test_evaluation,1.9999866485595703
feature,lower,0,ranked,lower,Largest RDR,2,2026100320,40,40000,1.9903316497802734,1.9999866485595703,1,2884,stylegan2_lower:psi_0p650:seed_001125902,test_calibration,1.9999761581420898
feature,lower,0,ranked,lower,Largest RDR,2,2026100320,40,40000,1.9903316497802734,1.9999866485595703,2,10285,stylegan2_lower_extra_final_seed_022000535,test_calibration,1.999936580657959
feature,lower,0,ranked,lower,Largest RDR,2,2026100320,40,40000,1.9903316497802734,1.9999866485595703,3,24223,stylegan2_lower:psi_0p650:seed_001128348,test_evaluation,1.9996826648712158
feature,lower,0,ranked,lower,Largest RDR,2,2026100320,40,40000,1.9903316497802734,1.9999866485595703,4,13369,stylegan2_lower_extra_final_seed_022006700,test_calibration,1.9995728731155396
feature,lower,0,ranked,lower,Largest RDR,2,2026100320,40,40000,1.9903316497802734,1.9999866485595703,5,13663,stylegan2_lower_extra_final_seed_022007283,test_calibration,1.9993536472320557
feature,lower,0,ranked,lower,Largest RDR,2,2026100320,40,40000,1.9903316497802734,1.9999866485595703,6,34712,stylegan2_lower_extra_final_seed_022009509,test_evaluation,1.999226689338684
feature,lower,0,ranked,lower,Largest RDR,2,2026100320,40,40000,1.9903316497802734,1.9999866485595703,7,3266,stylegan2_lower:psi_0p650:seed_001126685,test_calibration,1.9992009401321411
feature,lower,0,ranked,lower,Largest RDR,2,2026100320,40,40000,1.9903316497802734,1.9999866485595703,8,25562,stylegan2_lower:psi_0p650:seed_001151051,test_evaluation,1.999144196510315
feature,lower,0,ranked,lower,Largest RDR,2,2026100320,40,40000,1.9903316497802734,1.9999866485595703,9,7990,stylegan2_lower:psi_0p650:seed_001156037,test_calibration,1.9987726211547852
feature,lower,0,ranked,lower,Largest RDR,2,2026100320,40,40000,1.9903316497802734,1.9999866485595703,10,39041,stylegan2_lower_extra_final_seed_022018108,test_evaluation,1.9986728429794312
feature,lower,0,ranked,lower,Largest RDR,2,2026100320,40,40000,1.9903316497802734,1.9999866485595703,11,24135,stylegan2_lower:psi_0p650:seed_001128168,test_evaluation,1.998543620109558
feature,lower,0,ranked,lower,Largest RDR,2,2026100320,40,40000,1.9903316497802734,1.9999866485595703,12,16934,stylegan2_lower_extra_final_seed_022013833,test_calibration,1.9984893798828125
feature,lower,0,ranked,lower,Largest RDR,2,2026100320,40,40000,1.9903316497802734,1.9999866485595703,13,6857,stylegan2_lower:psi_0p650:seed_001153766,test_calibration,1.9974712133407593
feature,lower,0,ranked,lower,Largest RDR,2,2026100320,40,40000,1.9903316497802734,1.9999866485595703,14,36960,stylegan2_lower_extra_final_seed_022013940,test_evaluation,1.997079849243164
feature,lower,0,ranked,lower,Largest RDR,2,2026100320,40,40000,1.9903316497802734,1.9999866485595703,15,38545,stylegan2_lower_extra_final_seed_022017086,test_evaluation,1.996912956237793
feature,lower,0,ranked,lower,Largest RDR,2,2026100320,40,40000,1.9903316497802734,1.9999866485595703,16,512,stylegan2_lower:psi_0p650:seed_001121017,test_calibration,1.9964828491210938
feature,lower,0,ranked,lower,Largest RDR,2,2026100320,40,40000,1.9903316497802734,1.9999866485595703,17,5860,stylegan2_lower:psi_0p650:seed_001151796,test_calibration,1.9963593482971191
feature,lower,0,ranked,lower,Largest RDR,2,2026100320,40,40000,1.9903316497802734,1.9999866485595703,18,25205,stylegan2_lower:psi_0p650:seed_001150336,test_evaluation,1.9952539205551147
feature,lower,0,ranked,lower,Largest RDR,2,2026100320,40,40000,1.9903316497802734,1.9999866485595703,19,16176,stylegan2_lower_extra_final_seed_022012326,test_calibration,1.995162010192871
feature,lower,0,ranked,lower,Largest RDR,2,2026100320,40,40000,1.9903316497802734,1.9999866485595703,20,799,stylegan2_lower:psi_0p650:seed_001121638,test_calibration,1.9951471090316772
feature,lower,0,ranked,lower,Largest RDR,2,2026100320,40,40000,1.9903316497802734,1.9999866485595703,21,4004,stylegan2_lower:psi_0p650:seed_001128122,test_calibration,1.9951279163360596
feature,lower,0,ranked,lower,Largest RDR,2,2026100320,40,40000,1.9903316497802734,1.9999866485595703,22,20903,stylegan2_lower:psi_0p650:seed_001121765,test_evaluation,1.9949817657470703
feature,lower,0,ranked,lower,Largest RDR,2,2026100320,40,40000,1.9903316497802734,1.9999866485595703,23,5635,stylegan2_lower:psi_0p650:seed_001151366,test_calibration,1.9944934844970703
feature,lower,0,ranked,lower,Largest RDR,2,2026100320,40,40000,1.9903316497802734,1.9999866485595703,24,5978,stylegan2_lower:psi_0p650:seed_001152062,test_calibration,1.9942492246627808
feature,lower,0,ranked,lower,Largest RDR,2,2026100320,40,40000,1.9903316497802734,1.9999866485595703,25,2764,stylegan2_lower:psi_0p650:seed_001125679,test_calibration,1.9941593408584595
feature,lower,0,ranked,lower,Largest RDR,2,2026100320,40,40000,1.9903316497802734,1.9999866485595703,26,6809,stylegan2_lower:psi_0p650:seed_001153673,test_calibration,1.9936920404434204
feature,lower,0,ranked,lower,Largest RDR,2,2026100320,40,40000,1.9903316497802734,1.9999866485595703,27,28276,stylegan2_lower:psi_0p650:seed_001156510,test_evaluation,1.9936883449554443
feature,lower,0,ranked,lower,Largest RDR,2,2026100320,40,40000,1.9903316497802734,1.9999866485595703,28,39178,stylegan2_lower_extra_final_seed_022018366,test_evaluation,1.9934064149856567
feature,lower,0,ranked,lower,Largest RDR,2,2026100320,40,40000,1.9903316497802734,1.9999866485595703,29,38462,stylegan2_lower_extra_final_seed_022016926,test_evaluation,1.9928975105285645
feature,lower,0,ranked,lower,Largest RDR,2,2026100320,40,40000,1.9903316497802734,1.9999866485595703,30,2426,stylegan2_lower:psi_0p650:seed_001125000,test_calibration,1.992114782333374
feature,lower,0,ranked,lower,Largest RDR,2,2026100320,40,40000,1.9903316497802734,1.9999866485595703,31,17069,stylegan2_lower_extra_final_seed_022014142,test_calibration,1.9919544458389282
feature,lower,0,ranked,lower,Largest RDR,2,2026100320,40,40000,1.9903316497802734,1.9999866485595703,32,15627,stylegan2_lower_extra_final_seed_022011163,test_calibration,1.9917205572128296
feature,lower,0,ranked,lower,Largest RDR,2,2026100320,40,40000,1.9903316497802734,1.9999866485595703,33,36899,stylegan2_lower_extra_final_seed_022013834,test_evaluation,1.991642951965332
feature,lower,0,ranked,lower,Largest RDR,2,2026100320,40,40000,1.9903316497802734,1.9999866485595703,34,21397,stylegan2_lower:psi_0p650:seed_001122697,test_evaluation,1.991288661956787
feature,lower,0,ranked,lower,Largest RDR,2,2026100320,40,40000,1.9903316497802734,1.9999866485595703,35,39270,stylegan2_lower_extra_final_seed_022018551,test_evaluation,1.9911177158355713
feature,lower,0,ranked,lower,Largest RDR,2,2026100320,40,40000,1.9903316497802734,1.9999866485595703,36,33756,stylegan2_lower_extra_final_seed_022007578,test_evaluation,1.9906429052352905
feature,lower,0,ranked,lower,Largest RDR,2,2026100320,40,40000,1.9903316497802734,1.9999866485595703,37,28676,stylegan2_lower:psi_0p650:seed_001157354,test_evaluation,1.990514874458313
feature,lower,0,ranked,lower,Largest RDR,2,2026100320,40,40000,1.9903316497802734,1.9999866485595703,38,6428,stylegan2_lower:psi_0p650:seed_001152920,test_calibration,1.9904592037200928
feature,lower,0,ranked,lower,Largest RDR,2,2026100320,40,40000,1.9903316497802734,1.9999866485595703,39,14873,stylegan2_lower_extra_final_seed_022009661,test_calibration,1.9903316497802734
feature,lower,0,ranked,real,Smallest RDR,0,2026100301,40,39829,3.636122301031719e-06,0.0031171597074717283,0,4585,171929.jpg,test_calibration,3.636122301031719e-06
feature,lower,0,ranked,real,Smallest RDR,0,2026100301,40,39829,3.636122301031719e-06,0.0031171597074717283,1,4977,172793.jpg,test_calibration,1.746768430166412e-05
feature,lower,0,ranked,real,Smallest RDR,0,2026100301,40,39829,3.636122301031719e-06,0.0031171597074717283,2,20306,163579.jpg,test_evaluation,2.9668219212908298e-05
feature,lower,0,ranked,real,Smallest RDR,0,2026100301,40,39829,3.636122301031719e-06,0.0031171597074717283,3,23487,169919.jpg,test_evaluation,4.551800520857796e-05
feature,lower,0,ranked,real,Smallest RDR,0,2026100301,40,39829,3.636122301031719e-06,0.0031171597074717283,4,38784,200524.jpg,test_evaluation,5.1407561841188e-05
feature,lower,0,ranked,real,Smallest RDR,0,2026100301,40,39829,3.636122301031719e-06,0.0031171597074717283,5,1984,166710.jpg,test_calibration,5.160556247574277e-05
feature,lower,0,ranked,real,Smallest RDR,0,2026100301,40,39829,3.636122301031719e-06,0.0031171597074717283,6,20959,164861.jpg,test_evaluation,5.680735193891451e-05
feature,lower,0,ranked,real,Smallest RDR,0,2026100301,40,39829,3.636122301031719e-06,0.0031171597074717283,7,6605,176019.jpg,test_calibration,6.151475827209651e-05
feature,lower,0,ranked,real,Smallest RDR,0,2026100301,40,39829,3.636122301031719e-06,0.0031171597074717283,8,14010,190788.jpg,test_calibration,7.031816494418308e-05
feature,lower,0,ranked,real,Smallest RDR,0,2026100301,40,39829,3.636122301031719e-06,0.0031171597074717283,9,20947,164844.jpg,test_evaluation,8.118434925563633e-05
feature,lower,0,ranked,real,Smallest RDR,0,2026100301,40,39829,3.636122301031719e-06,0.0031171597074717283,10,37413,197739.jpg,test_evaluation,0.0001609492173884064
feature,lower,0,ranked,real,Smallest RDR,0,2026100301,40,39829,3.636122301031719e-06,0.0031171597074717283,11,7065,176892.jpg,test_calibration,0.00024950483930297196
feature,lower,0,ranked,real,Smallest RDR,0,2026100301,40,39829,3.636122301031719e-06,0.0031171597074717283,12,39306,201554.jpg,test_evaluation,0.0003596706665121019
feature,lower,0,ranked,real,Smallest RDR,0,2026100301,40,39829,3.636122301031719e-06,0.0031171597074717283,13,24256,171472.jpg,test_evaluation,0.0003752039629034698
feature,lower,0,ranked,real,Smallest RDR,0,2026100301,40,39829,3.636122301031719e-06,0.0031171597074717283,14,19214,201242.jpg,test_calibration,0.00038074495387263596
feature,lower,0,ranked,real,Smallest RDR,0,2026100301,40,39829,3.636122301031719e-06,0.0031171597074717283,15,32213,187436.jpg,test_evaluation,0.0004501823568716645
feature,lower,0,ranked,real,Smallest RDR,0,2026100301,40,39829,3.636122301031719e-06,0.0031171597074717283,16,2205,167152.jpg,test_calibration,0.0004588786687236279
feature,lower,0,ranked,real,Smallest RDR,0,2026100301,40,39829,3.636122301031719e-06,0.0031171597074717283,17,11341,185422.jpg,test_calibration,0.0007323118625208735
feature,lower,0,ranked,real,Smallest RDR,0,2026100301,40,39829,3.636122301031719e-06,0.0031171597074717283,18,10261,183254.jpg,test_calibration,0.0010094933677464724
feature,lower,0,ranked,real,Smallest RDR,0,2026100301,40,39829,3.636122301031719e-06,0.0031171597074717283,19,15992,194796.jpg,test_calibration,0.0010217223316431046
feature,lower,0,ranked,real,Smallest RDR,0,2026100301,40,39829,3.636122301031719e-06,0.0031171597074717283,20,793,164379.jpg,test_calibration,0.001123003545217216
feature,lower,0,ranked,real,Smallest RDR,0,2026100301,40,39829,3.636122301031719e-06,0.0031171597074717283,21,29960,182924.jpg,test_evaluation,0.0012209070846438408
feature,lower,0,ranked,real,Smallest RDR,0,2026100301,40,39829,3.636122301031719e-06,0.0031171597074717283,22,10438,183615.jpg,test_calibration,0.0013054725714027882
feature,lower,0,ranked,real,Smallest RDR,0,2026100301,40,39829,3.636122301031719e-06,0.0031171597074717283,23,4596,171958.jpg,test_calibration,0.001359547721222043
feature,lower,0,ranked,real,Smallest RDR,0,2026100301,40,39829,3.636122301031719e-06,0.0031171597074717283,24,31433,185849.jpg,test_evaluation,0.001471565687097609
feature,lower,0,ranked,real,Smallest RDR,0,2026100301,40,39829,3.636122301031719e-06,0.0031171597074717283,25,10618,183967.jpg,test_calibration,0.0015575226861983538
feature,lower,0,ranked,real,Smallest RDR,0,2026100301,40,39829,3.636122301031719e-06,0.0031171597074717283,26,11964,186659.jpg,test_calibration,0.0015672366134822369
feature,lower,0,ranked,real,Smallest RDR,0,2026100301,40,39829,3.636122301031719e-06,0.0031171597074717283,27,32393,187785.jpg,test_evaluation,0.0016477602766826749
feature,lower,0,ranked,real,Smallest RDR,0,2026100301,40,39829,3.636122301031719e-06,0.0031171597074717283,28,35754,194420.jpg,test_evaluation,0.0016749257920309901
feature,lower,0,ranked,real,Smallest RDR,0,2026100301,40,39829,3.636122301031719e-06,0.0031171597074717283,29,10749,184229.jpg,test_calibration,0.001754704979248345
feature,lower,0,ranked,real,Smallest RDR,0,2026100301,40,39829,3.636122301031719e-06,0.0031171597074717283,30,35249,193390.jpg,test_evaluation,0.002179903443902731
feature,lower,0,ranked,real,Smallest RDR,0,2026100301,40,39829,3.636122301031719e-06,0.0031171597074717283,31,27190,177328.jpg,test_evaluation,0.0022075395099818707
feature,lower,0,ranked,real,Smallest RDR,0,2026100301,40,39829,3.636122301031719e-06,0.0031171597074717283,32,17134,197087.jpg,test_calibration,0.002322546672075987
feature,lower,0,ranked,real,Smallest RDR,0,2026100301,40,39829,3.636122301031719e-06,0.0031171597074717283,33,8962,180671.jpg,test_calibration,0.0023648389615118504
feature,lower,0,ranked,real,Smallest RDR,0,2026100301,40,39829,3.636122301031719e-06,0.0031171597074717283,34,13186,189121.jpg,test_calibration,0.002490720711648464
feature,lower,0,ranked,real,Smallest RDR,0,2026100301,40,39829,3.636122301031719e-06,0.0031171597074717283,35,1526,165816.jpg,test_calibration,0.0025721685960888863
feature,lower,0,ranked,real,Smallest RDR,0,2026100301,40,39829,3.636122301031719e-06,0.0031171597074717283,36,24955,172803.jpg,test_evaluation,0.002593754790723324
feature,lower,0,ranked,real,Smallest RDR,0,2026100301,40,39829,3.636122301031719e-06,0.0031171597074717283,37,33920,190800.jpg,test_evaluation,0.002764818025752902
feature,lower,0,ranked,real,Smallest RDR,0,2026100301,40,39829,3.636122301031719e-06,0.0031171597074717283,38,19777,202310.jpg,test_calibration,0.0030089044012129307
feature,lower,0,ranked,real,Smallest RDR,0,2026100301,40,39829,3.636122301031719e-06,0.0031171597074717283,39,19276,201355.jpg,test_calibration,0.0031171597074717283
feature,lower,0,ranked,real,Closest to 1,1,2026100302,40,39829,0.9797253012657166,1.019042730331421,0,25967,174823.jpg,test_evaluation,1.0005122423171997
feature,lower,0,ranked,real,Closest to 1,1,2026100302,40,39829,0.9797253012657166,1.019042730331421,1,17299,197403.jpg,test_calibration,1.0014957189559937
feature,lower,0,ranked,real,Closest to 1,1,2026100302,40,39829,0.9797253012657166,1.019042730331421,2,2817,168391.jpg,test_calibration,1.0017365217208862
feature,lower,0,ranked,real,Closest to 1,1,2026100302,40,39829,0.9797253012657166,1.019042730331421,3,28233,179447.jpg,test_evaluation,0.9975958466529846
feature,lower,0,ranked,real,Closest to 1,1,2026100302,40,39829,0.9797253012657166,1.019042730331421,4,22792,168566.jpg,test_evaluation,0.9974588751792908
feature,lower,0,ranked,real,Closest to 1,1,2026100302,40,39829,0.9797253012657166,1.019042730331421,5,21918,166824.jpg,test_evaluation,0.9964722394943237
feature,lower,0,ranked,real,Closest to 1,1,2026100302,40,39829,0.9797253012657166,1.019042730331421,6,17062,196930.jpg,test_calibration,1.003732681274414
feature,lower,0,ranked,real,Closest to 1,1,2026100302,40,39829,0.9797253012657166,1.019042730331421,7,22614,168209.jpg,test_evaluation,0.9960606694221497
feature,lower,0,ranked,real,Closest to 1,1,2026100302,40,39829,0.9797253012657166,1.019042730331421,8,28158,179297.jpg,test_evaluation,1.0048134326934814
feature,lower,0,ranked,real,Closest to 1,1,2026100302,40,39829,0.9797253012657166,1.019042730331421,9,14473,191693.jpg,test_calibration,1.0049395561218262
feature,lower,0,ranked,real,Closest to 1,1,2026100302,40,39829,0.9797253012657166,1.019042730331421,10,30593,184184.jpg,test_evaluation,0.9950414299964905
feature,lower,0,ranked,real,Closest to 1,1,2026100302,40,39829,0.9797253012657166,1.019042730331421,11,39380,201702.jpg,test_evaluation,1.005338191986084
feature,lower,0,ranked,real,Closest to 1,1,2026100302,40,39829,0.9797253012657166,1.019042730331421,12,4569,171901.jpg,test_calibration,1.0071362257003784
feature,lower,0,ranked,real,Closest to 1,1,2026100302,40,39829,0.9797253012657166,1.019042730331421,13,37004,196934.jpg,test_evaluation,1.0074564218521118
feature,lower,0,ranked,real,Closest to 1,1,2026100302,40,39829,0.9797253012657166,1.019042730331421,14,4158,171074.jpg,test_calibration,0.9908291101455688
feature,lower,0,ranked,real,Closest to 1,1,2026100302,40,39829,0.9797253012657166,1.019042730331421,15,34259,191507.jpg,test_evaluation,1.0097620487213135
feature,lower,0,ranked,real,Closest to 1,1,2026100302,40,39829,0.9797253012657166,1.019042730331421,16,26940,176844.jpg,test_evaluation,0.9893302321434021
feature,lower,0,ranked,real,Closest to 1,1,2026100302,40,39829,0.9797253012657166,1.019042730331421,17,22291,167565.jpg,test_evaluation,1.011257290840149
feature,lower,0,ranked,real,Closest to 1,1,2026100302,40,39829,0.9797253012657166,1.019042730331421,18,20557,164066.jpg,test_evaluation,0.9880470037460327
feature,lower,0,ranked,real,Closest to 1,1,2026100302,40,39829,0.9797253012657166,1.019042730331421,19,27776,178533.jpg,test_evaluation,1.012007713317871
feature,lower,0,ranked,real,Closest to 1,1,2026100302,40,39829,0.9797253012657166,1.019042730331421,20,38858,200658.jpg,test_evaluation,0.9876986742019653
feature,lower,0,ranked,real,Closest to 1,1,2026100302,40,39829,0.9797253012657166,1.019042730331421,21,23085,169132.jpg,test_evaluation,1.0124763250350952
feature,lower,0,ranked,real,Closest to 1,1,2026100302,40,39829,0.9797253012657166,1.019042730331421,22,36074,195051.jpg,test_evaluation,0.9874531626701355
feature,lower,0,ranked,real,Closest to 1,1,2026100302,40,39829,0.9797253012657166,1.019042730331421,23,29997,182991.jpg,test_evaluation,1.013328194618225
feature,lower,0,ranked,real,Closest to 1,1,2026100302,40,39829,0.9797253012657166,1.019042730331421,24,19069,200939.jpg,test_calibration,1.0143569707870483
feature,lower,0,ranked,real,Closest to 1,1,2026100302,40,39829,0.9797253012657166,1.019042730331421,25,38429,199808.jpg,test_evaluation,1.0147546529769897
feature,lower,0,ranked,real,Closest to 1,1,2026100302,40,39829,0.9797253012657166,1.019042730331421,26,36362,195673.jpg,test_evaluation,0.9852238893508911
feature,lower,0,ranked,real,Closest to 1,1,2026100302,40,39829,0.9797253012657166,1.019042730331421,27,21160,165289.jpg,test_evaluation,1.0148104429244995
feature,lower,0,ranked,real,Closest to 1,1,2026100302,40,39829,0.9797253012657166,1.019042730331421,28,565,163904.jpg,test_calibration,1.0148615837097168
feature,lower,0,ranked,real,Closest to 1,1,2026100302,40,39829,0.9797253012657166,1.019042730331421,29,21491,165954.jpg,test_evaluation,1.0150913000106812
feature,lower,0,ranked,real,Closest to 1,1,2026100302,40,39829,0.9797253012657166,1.019042730331421,30,28271,179521.jpg,test_evaluation,0.9846488833427429
feature,lower,0,ranked,real,Closest to 1,1,2026100302,40,39829,0.9797253012657166,1.019042730331421,31,36124,195162.jpg,test_evaluation,0.9845446348190308
feature,lower,0,ranked,real,Closest to 1,1,2026100302,40,39829,0.9797253012657166,1.019042730331421,32,13914,190597.jpg,test_calibration,1.0161126852035522
feature,lower,0,ranked,real,Closest to 1,1,2026100302,40,39829,0.9797253012657166,1.019042730331421,33,38519,199995.jpg,test_evaluation,1.0174086093902588
feature,lower,0,ranked,real,Closest to 1,1,2026100302,40,39829,0.9797253012657166,1.019042730331421,34,35273,193438.jpg,test_evaluation,0.9811668992042542
feature,lower,0,ranked,real,Closest to 1,1,2026100302,40,39829,0.9797253012657166,1.019042730331421,35,25582,174074.jpg,test_evaluation,1.019042730331421
feature,lower,0,ranked,real,Closest to 1,1,2026100302,40,39829,0.9797253012657166,1.019042730331421,36,125,163017.jpg,test_calibration,0.980932354927063
feature,lower,0,ranked,real,Closest to 1,1,2026100302,40,39829,0.9797253012657166,1.019042730331421,37,16262,195329.jpg,test_calibration,0.9808121919631958
feature,lower,0,ranked,real,Closest to 1,1,2026100302,40,39829,0.9797253012657166,1.019042730331421,38,35260,193407.jpg,test_evaluation,0.9807243347167969
feature,lower,0,ranked,real,Closest to 1,1,2026100302,40,39829,0.9797253012657166,1.019042730331421,39,30293,183575.jpg,test_evaluation,0.9797253012657166
feature,lower,0,ranked,real,Largest RDR,2,2026100303,40,39829,2.0,2.0,0,25903,174697.jpg,test_evaluation,2.0
feature,lower,0,ranked,real,Largest RDR,2,2026100303,40,39829,2.0,2.0,1,15050,192893.jpg,test_calibration,2.0
feature,lower,0,ranked,real,Largest RDR,2,2026100303,40,39829,2.0,2.0,2,19506,201791.jpg,test_calibration,2.0
feature,lower,0,ranked,real,Largest RDR,2,2026100303,40,39829,2.0,2.0,3,3034,168824.jpg,test_calibration,2.0
feature,lower,0,ranked,real,Largest RDR,2,2026100303,40,39829,2.0,2.0,4,27797,178586.jpg,test_evaluation,2.0
feature,lower,0,ranked,real,Largest RDR,2,2026100303,40,39829,2.0,2.0,5,14328,191405.jpg,test_calibration,2.0
feature,lower,0,ranked,real,Largest RDR,2,2026100303,40,39829,2.0,2.0,6,28027,179048.jpg,test_evaluation,2.0
feature,lower,0,ranked,real,Largest RDR,2,2026100303,40,39829,2.0,2.0,7,19211,201235.jpg,test_calibration,2.0
feature,lower,0,ranked,real,Largest RDR,2,2026100303,40,39829,2.0,2.0,8,17070,196952.jpg,test_calibration,2.0
feature,lower,0,ranked,real,Largest RDR,2,2026100303,40,39829,2.0,2.0,9,10132,182996.jpg,test_calibration,2.0
feature,lower,0,ranked,real,Largest RDR,2,2026100303,40,39829,2.0,2.0,10,25851,174603.jpg,test_evaluation,2.0
feature,lower,0,ranked,real,Largest RDR,2,2026100303,40,39829,2.0,2.0,11,22451,167867.jpg,test_evaluation,2.0
feature,lower,0,ranked,real,Largest RDR,2,2026100303,40,39829,2.0,2.0,12,21883,166752.jpg,test_evaluation,2.0
feature,lower,0,ranked,real,Largest RDR,2,2026100303,40,39829,2.0,2.0,13,9836,182392.jpg,test_calibration,2.0
feature,lower,0,ranked,real,Largest RDR,2,2026100303,40,39829,2.0,2.0,14,25928,174744.jpg,test_evaluation,2.0
feature,lower,0,ranked,real,Largest RDR,2,2026100303,40,39829,2.0,2.0,15,3111,168986.jpg,test_calibration,2.0
feature,lower,0,ranked,real,Largest RDR,2,2026100303,40,39829,2.0,2.0,16,5546,173921.jpg,test_calibration,2.0
feature,lower,0,ranked,real,Largest RDR,2,2026100303,40,39829,2.0,2.0,17,39353,201655.jpg,test_evaluation,2.0
feature,lower,0,ranked,real,Largest RDR,2,2026100303,40,39829,2.0,2.0,18,12961,188645.jpg,test_calibration,2.0
feature,lower,0,ranked,real,Largest RDR,2,2026100303,40,39829,2.0,2.0,19,39603,202176.jpg,test_evaluation,2.0
feature,lower,0,ranked,real,Largest RDR,2,2026100303,40,39829,2.0,2.0,20,8674,180122.jpg,test_calibration,2.0
feature,lower,0,ranked,real,Largest RDR,2,2026100303,40,39829,2.0,2.0,21,12752,188222.jpg,test_calibration,2.0
feature,lower,0,ranked,real,Largest RDR,2,2026100303,40,39829,2.0,2.0,22,38309,199595.jpg,test_evaluation,2.0
feature,lower,0,ranked,real,Largest RDR,2,2026100303,40,39829,2.0,2.0,23,9150,181045.jpg,test_calibration,2.0
feature,lower,0,ranked,real,Largest RDR,2,2026100303,40,39829,2.0,2.0,24,29526,182035.jpg,test_evaluation,2.0
feature,lower,0,ranked,real,Largest RDR,2,2026100303,40,39829,2.0,2.0,25,17854,198449.jpg,test_calibration,2.0
feature,lower,0,ranked,real,Largest RDR,2,2026100303,40,39829,2.0,2.0,26,12784,188291.jpg,test_calibration,2.0
feature,lower,0,ranked,real,Largest RDR,2,2026100303,40,39829,2.0,2.0,27,10070,182865.jpg,test_calibration,2.0
feature,lower,0,ranked,real,Largest RDR,2,2026100303,40,39829,2.0,2.0,28,4516,171800.jpg,test_calibration,2.0
feature,lower,0,ranked,real,Largest RDR,2,2026100303,40,39829,2.0,2.0,29,20244,163462.jpg,test_evaluation,2.0
feature,lower,0,ranked,real,Largest RDR,2,2026100303,40,39829,2.0,2.0,30,36768,196476.jpg,test_evaluation,2.0
feature,lower,0,ranked,real,Largest RDR,2,2026100303,40,39829,2.0,2.0,31,7109,176986.jpg,test_calibration,2.0
feature,lower,0,ranked,real,Largest RDR,2,2026100303,40,39829,2.0,2.0,32,31719,186443.jpg,test_evaluation,2.0
feature,lower,0,ranked,real,Largest RDR,2,2026100303,40,39829,2.0,2.0,33,23623,170207.jpg,test_evaluation,2.0
feature,lower,0,ranked,real,Largest RDR,2,2026100303,40,39829,2.0,2.0,34,3621,170015.jpg,test_calibration,2.0
feature,lower,0,ranked,real,Largest RDR,2,2026100303,40,39829,2.0,2.0,35,15118,193030.jpg,test_calibration,2.0
feature,lower,0,ranked,real,Largest RDR,2,2026100303,40,39829,2.0,2.0,36,1309,165368.jpg,test_calibration,2.0
feature,lower,0,ranked,real,Largest RDR,2,2026100303,40,39829,2.0,2.0,37,33146,189276.jpg,test_evaluation,2.0
feature,lower,0,ranked,real,Largest RDR,2,2026100303,40,39829,2.0,2.0,38,10666,184061.jpg,test_calibration,2.0
feature,lower,0,ranked,real,Largest RDR,2,2026100303,40,39829,2.0,2.0,39,39166,201249.jpg,test_evaluation,2.0
feature,upper,0,ranked,real,Smallest RDR,0,2026101301,40,39829,1.9318304111948237e-05,0.00269488082267344,0,442,163649.jpg,test_calibration,1.9318304111948237e-05
feature,upper,0,ranked,real,Smallest RDR,0,2026101301,40,39829,1.9318304111948237e-05,0.00269488082267344,1,20395,163754.jpg,test_evaluation,3.771071715163998e-05
feature,upper,0,ranked,real,Smallest RDR,0,2026101301,40,39829,1.9318304111948237e-05,0.00269488082267344,2,181,163146.jpg,test_calibration,5.738040272262879e-05
feature,upper,0,ranked,real,Smallest RDR,0,2026101301,40,39829,1.9318304111948237e-05,0.00269488082267344,3,33841,190636.jpg,test_evaluation,0.00014872434257995337
feature,upper,0,ranked,real,Smallest RDR,0,2026101301,40,39829,1.9318304111948237e-05,0.00269488082267344,4,14227,191220.jpg,test_calibration,0.0003668373974505812
feature,upper,0,ranked,real,Smallest RDR,0,2026101301,40,39829,1.9318304111948237e-05,0.00269488082267344,5,26464,175845.jpg,test_evaluation,0.0005912554915994406
feature,upper,0,ranked,real,Smallest RDR,0,2026101301,40,39829,1.9318304111948237e-05,0.00269488082267344,6,13998,190763.jpg,test_calibration,0.0006546846707351506
feature,upper,0,ranked,real,Smallest RDR,0,2026101301,40,39829,1.9318304111948237e-05,0.00269488082267344,7,30456,183917.jpg,test_evaluation,0.000728091225028038
feature,upper,0,ranked,real,Smallest RDR,0,2026101301,40,39829,1.9318304111948237e-05,0.00269488082267344,8,18379,199504.jpg,test_calibration,0.000754200154915452
feature,upper,0,ranked,real,Smallest RDR,0,2026101301,40,39829,1.9318304111948237e-05,0.00269488082267344,9,26690,176323.jpg,test_evaluation,0.0007872438291087747
feature,upper,0,ranked,real,Smallest RDR,0,2026101301,40,39829,1.9318304111948237e-05,0.00269488082267344,10,26777,176478.jpg,test_evaluation,0.0008345344685949385
feature,upper,0,ranked,real,Smallest RDR,0,2026101301,40,39829,1.9318304111948237e-05,0.00269488082267344,11,28307,179586.jpg,test_evaluation,0.0008417207282036543
feature,upper,0,ranked,real,Smallest RDR,0,2026101301,40,39829,1.9318304111948237e-05,0.00269488082267344,12,11386,185504.jpg,test_calibration,0.00089812814258039
feature,upper,0,ranked,real,Smallest RDR,0,2026101301,40,39829,1.9318304111948237e-05,0.00269488082267344,13,3702,170170.jpg,test_calibration,0.0009680837392807007
feature,upper,0,ranked,real,Smallest RDR,0,2026101301,40,39829,1.9318304111948237e-05,0.00269488082267344,14,39804,202553.jpg,test_evaluation,0.0010298563865944743
feature,upper,0,ranked,real,Smallest RDR,0,2026101301,40,39829,1.9318304111948237e-05,0.00269488082267344,15,10160,183054.jpg,test_calibration,0.0010307927150279284
feature,upper,0,ranked,real,Smallest RDR,0,2026101301,40,39829,1.9318304111948237e-05,0.00269488082267344,16,13931,190639.jpg,test_calibration,0.0011912903282791376
feature,upper,0,ranked,real,Smallest RDR,0,2026101301,40,39829,1.9318304111948237e-05,0.00269488082267344,17,18829,200432.jpg,test_calibration,0.0012320569949224591
feature,upper,0,ranked,real,Smallest RDR,0,2026101301,40,39829,1.9318304111948237e-05,0.00269488082267344,18,9683,182120.jpg,test_calibration,0.0012426204048097134
feature,upper,0,ranked,real,Smallest RDR,0,2026101301,40,39829,1.9318304111948237e-05,0.00269488082267344,19,349,163456.jpg,test_calibration,0.0013191048055887222
feature,upper,0,ranked,real,Smallest RDR,0,2026101301,40,39829,1.9318304111948237e-05,0.00269488082267344,20,36731,196409.jpg,test_evaluation,0.0013469227124005556
feature,upper,0,ranked,real,Smallest RDR,0,2026101301,40,39829,1.9318304111948237e-05,0.00269488082267344,21,35316,193524.jpg,test_evaluation,0.0013493631267920136
feature,upper,0,ranked,real,Smallest RDR,0,2026101301,40,39829,1.9318304111948237e-05,0.00269488082267344,22,27809,178608.jpg,test_evaluation,0.0013791272649541497
feature,upper,0,ranked,real,Smallest RDR,0,2026101301,40,39829,1.9318304111948237e-05,0.00269488082267344,23,10520,183772.jpg,test_calibration,0.0014671513345092535
feature,upper,0,ranked,real,Smallest RDR,0,2026101301,40,39829,1.9318304111948237e-05,0.00269488082267344,24,5548,173924.jpg,test_calibration,0.001526655163615942
feature,upper,0,ranked,real,Smallest RDR,0,2026101301,40,39829,1.9318304111948237e-05,0.00269488082267344,25,15272,193383.jpg,test_calibration,0.0015535191632807255
feature,upper,0,ranked,real,Smallest RDR,0,2026101301,40,39829,1.9318304111948237e-05,0.00269488082267344,26,33104,189194.jpg,test_evaluation,0.001575760543346405
feature,upper,0,ranked,real,Smallest RDR,0,2026101301,40,39829,1.9318304111948237e-05,0.00269488082267344,27,15683,194179.jpg,test_calibration,0.001653940067626536
feature,upper,0,ranked,real,Smallest RDR,0,2026101301,40,39829,1.9318304111948237e-05,0.00269488082267344,28,10414,183571.jpg,test_calibration,0.0017098980024456978
feature,upper,0,ranked,real,Smallest RDR,0,2026101301,40,39829,1.9318304111948237e-05,0.00269488082267344,29,30057,183109.jpg,test_evaluation,0.0017107471358031034
feature,upper,0,ranked,real,Smallest RDR,0,2026101301,40,39829,1.9318304111948237e-05,0.00269488082267344,30,4535,171833.jpg,test_calibration,0.0017216888954862952
feature,upper,0,ranked,real,Smallest RDR,0,2026101301,40,39829,1.9318304111948237e-05,0.00269488082267344,31,19260,201330.jpg,test_calibration,0.0018135304562747478
feature,upper,0,ranked,real,Smallest RDR,0,2026101301,40,39829,1.9318304111948237e-05,0.00269488082267344,32,35910,194738.jpg,test_evaluation,0.0018148536328226328
feature,upper,0,ranked,real,Smallest RDR,0,2026101301,40,39829,1.9318304111948237e-05,0.00269488082267344,33,8259,179273.jpg,test_calibration,0.001958829117938876
feature,upper,0,ranked,real,Smallest RDR,0,2026101301,40,39829,1.9318304111948237e-05,0.00269488082267344,34,19151,201107.jpg,test_calibration,0.0019791896920651197
feature,upper,0,ranked,real,Smallest RDR,0,2026101301,40,39829,1.9318304111948237e-05,0.00269488082267344,35,2950,168655.jpg,test_calibration,0.0020609297789633274
feature,upper,0,ranked,real,Smallest RDR,0,2026101301,40,39829,1.9318304111948237e-05,0.00269488082267344,36,30438,183886.jpg,test_evaluation,0.002459694864228368
feature,upper,0,ranked,real,Smallest RDR,0,2026101301,40,39829,1.9318304111948237e-05,0.00269488082267344,37,1417,165609.jpg,test_calibration,0.0026075614150613546
feature,upper,0,ranked,real,Smallest RDR,0,2026101301,40,39829,1.9318304111948237e-05,0.00269488082267344,38,38748,200454.jpg,test_evaluation,0.0026252176612615585
feature,upper,0,ranked,real,Smallest RDR,0,2026101301,40,39829,1.9318304111948237e-05,0.00269488082267344,39,15088,192966.jpg,test_calibration,0.00269488082267344
feature,upper,0,ranked,real,Closest to 1,1,2026101302,40,39829,0.9950547218322754,1.004756212234497,0,19700,202164.jpg,test_calibration,1.000037670135498
feature,upper,0,ranked,real,Closest to 1,1,2026101302,40,39829,0.9950547218322754,1.004756212234497,1,31374,185749.jpg,test_evaluation,1.0000929832458496
feature,upper,0,ranked,real,Closest to 1,1,2026101302,40,39829,0.9950547218322754,1.004756212234497,2,32519,188043.jpg,test_evaluation,1.0002259016036987
feature,upper,0,ranked,real,Closest to 1,1,2026101302,40,39829,0.9950547218322754,1.004756212234497,3,26597,176125.jpg,test_evaluation,0.9996896982192993
feature,upper,0,ranked,real,Closest to 1,1,2026101302,40,39829,0.9950547218322754,1.004756212234497,4,35979,194870.jpg,test_evaluation,1.0003801584243774
feature,upper,0,ranked,real,Closest to 1,1,2026101302,40,39829,0.9950547218322754,1.004756212234497,5,31842,186680.jpg,test_evaluation,1.000394582748413
feature,upper,0,ranked,real,Closest to 1,1,2026101302,40,39829,0.9950547218322754,1.004756212234497,6,4717,172240.jpg,test_calibration,0.9995567202568054
feature,upper,0,ranked,real,Closest to 1,1,2026101302,40,39829,0.9950547218322754,1.004756212234497,7,13549,189828.jpg,test_calibration,1.0004569292068481
feature,upper,0,ranked,real,Closest to 1,1,2026101302,40,39829,0.9950547218322754,1.004756212234497,8,17352,197535.jpg,test_calibration,1.0006070137023926
feature,upper,0,ranked,real,Closest to 1,1,2026101302,40,39829,0.9950547218322754,1.004756212234497,9,11584,185913.jpg,test_calibration,0.9992049336433411
feature,upper,0,ranked,real,Closest to 1,1,2026101302,40,39829,0.9950547218322754,1.004756212234497,10,25345,173573.jpg,test_evaluation,0.9987865090370178
feature,upper,0,ranked,real,Closest to 1,1,2026101302,40,39829,0.9950547218322754,1.004756212234497,11,9877,182466.jpg,test_calibration,0.9983870983123779
feature,upper,0,ranked,real,Closest to 1,1,2026101302,40,39829,0.9950547218322754,1.004756212234497,12,1550,165865.jpg,test_calibration,1.0016251802444458
feature,upper,0,ranked,real,Closest to 1,1,2026101302,40,39829,0.9950547218322754,1.004756212234497,13,35582,194075.jpg,test_evaluation,0.9982064962387085
feature,upper,0,ranked,real,Closest to 1,1,2026101302,40,39829,0.9950547218322754,1.004756212234497,14,25407,173710.jpg,test_evaluation,0.9979673027992249
feature,upper,0,ranked,real,Closest to 1,1,2026101302,40,39829,0.9950547218322754,1.004756212234497,15,33980,190914.jpg,test_evaluation,0.9978766441345215
feature,upper,0,ranked,real,Closest to 1,1,2026101302,40,39829,0.9950547218322754,1.004756212234497,16,32975,188935.jpg,test_evaluation,1.0025966167449951
feature,upper,0,ranked,real,Closest to 1,1,2026101302,40,39829,0.9950547218322754,1.004756212234497,17,26749,176431.jpg,test_evaluation,0.99716717004776
feature,upper,0,ranked,real,Closest to 1,1,2026101302,40,39829,0.9950547218322754,1.004756212234497,18,2499,167747.jpg,test_calibration,1.0029391050338745
feature,upper,0,ranked,real,Closest to 1,1,2026101302,40,39829,0.9950547218322754,1.004756212234497,19,33654,190289.jpg,test_evaluation,0.9969393014907837
feature,upper,0,ranked,real,Closest to 1,1,2026101302,40,39829,0.9950547218322754,1.004756212234497,20,28829,180640.jpg,test_evaluation,1.0032824277877808
feature,upper,0,ranked,real,Closest to 1,1,2026101302,40,39829,0.9950547218322754,1.004756212234497,21,13915,190598.jpg,test_calibration,0.9966872334480286
feature,upper,0,ranked,real,Closest to 1,1,2026101302,40,39829,0.9950547218322754,1.004756212234497,22,25190,173240.jpg,test_evaluation,0.9966448545455933
feature,upper,0,ranked,real,Closest to 1,1,2026101302,40,39829,0.9950547218322754,1.004756212234497,23,15390,193608.jpg,test_calibration,1.0034619569778442
feature,upper,0,ranked,real,Closest to 1,1,2026101302,40,39829,0.9950547218322754,1.004756212234497,24,10042,182810.jpg,test_calibration,1.0036184787750244
feature,upper,0,ranked,real,Closest to 1,1,2026101302,40,39829,0.9950547218322754,1.004756212234497,25,10930,184582.jpg,test_calibration,0.9963676929473877
feature,upper,0,ranked,real,Closest to 1,1,2026101302,40,39829,0.9950547218322754,1.004756212234497,26,10210,183150.jpg,test_calibration,1.0037087202072144
feature,upper,0,ranked,real,Closest to 1,1,2026101302,40,39829,0.9950547218322754,1.004756212234497,27,23658,170260.jpg,test_evaluation,0.9962852001190186
feature,upper,0,ranked,real,Closest to 1,1,2026101302,40,39829,0.9950547218322754,1.004756212234497,28,20008,162986.jpg,test_evaluation,0.9962722063064575
feature,upper,0,ranked,real,Closest to 1,1,2026101302,40,39829,0.9950547218322754,1.004756212234497,29,35062,193058.jpg,test_evaluation,0.9958325028419495
feature,upper,0,ranked,real,Closest to 1,1,2026101302,40,39829,0.9950547218322754,1.004756212234497,30,5089,173027.jpg,test_calibration,1.0044517517089844
feature,upper,0,ranked,real,Closest to 1,1,2026101302,40,39829,0.9950547218322754,1.004756212234497,31,37938,198846.jpg,test_evaluation,1.0044584274291992
feature,upper,0,ranked,real,Closest to 1,1,2026101302,40,39829,0.9950547218322754,1.004756212234497,32,1199,165164.jpg,test_calibration,0.995500385761261
feature,upper,0,ranked,real,Closest to 1,1,2026101302,40,39829,0.9950547218322754,1.004756212234497,33,33462,189912.jpg,test_evaluation,1.0045301914215088
feature,upper,0,ranked,real,Closest to 1,1,2026101302,40,39829,0.9950547218322754,1.004756212234497,34,6763,176317.jpg,test_calibration,1.0046069622039795
feature,upper,0,ranked,real,Closest to 1,1,2026101302,40,39829,0.9950547218322754,1.004756212234497,35,14517,191789.jpg,test_calibration,1.004637360572815
feature,upper,0,ranked,real,Closest to 1,1,2026101302,40,39829,0.9950547218322754,1.004756212234497,36,35311,193517.jpg,test_evaluation,1.004683256149292
feature,upper,0,ranked,real,Closest to 1,1,2026101302,40,39829,0.9950547218322754,1.004756212234497,37,12739,188200.jpg,test_calibration,1.004756212234497
feature,upper,0,ranked,real,Closest to 1,1,2026101302,40,39829,0.9950547218322754,1.004756212234497,38,1706,166167.jpg,test_calibration,0.995169460773468
feature,upper,0,ranked,real,Closest to 1,1,2026101302,40,39829,0.9950547218322754,1.004756212234497,39,18954,200690.jpg,test_calibration,0.9950547218322754
feature,upper,0,ranked,real,Largest RDR,2,2026101303,40,39829,1.9999985694885254,2.0,0,18626,200029.jpg,test_calibration,2.0
feature,upper,0,ranked,real,Largest RDR,2,2026101303,40,39829,1.9999985694885254,2.0,1,7901,178544.jpg,test_calibration,1.999999761581421
feature,upper,0,ranked,real,Largest RDR,2,2026101303,40,39829,1.9999985694885254,2.0,2,15799,194414.jpg,test_calibration,1.999999761581421
feature,upper,0,ranked,real,Largest RDR,2,2026101303,40,39829,1.9999985694885254,2.0,3,23258,169447.jpg,test_evaluation,1.999999761581421
feature,upper,0,ranked,real,Largest RDR,2,2026101303,40,39829,1.9999985694885254,2.0,4,10238,183215.jpg,test_calibration,1.999999761581421
feature,upper,0,ranked,real,Largest RDR,2,2026101303,40,39829,1.9999985694885254,2.0,5,20785,164498.jpg,test_evaluation,1.999999761581421
feature,upper,0,ranked,real,Largest RDR,2,2026101303,40,39829,1.9999985694885254,2.0,6,38849,200638.jpg,test_evaluation,1.999999761581421
feature,upper,0,ranked,real,Largest RDR,2,2026101303,40,39829,1.9999985694885254,2.0,7,25994,174880.jpg,test_evaluation,1.9999995231628418
feature,upper,0,ranked,real,Largest RDR,2,2026101303,40,39829,1.9999985694885254,2.0,8,25556,174018.jpg,test_evaluation,1.9999995231628418
feature,upper,0,ranked,real,Largest RDR,2,2026101303,40,39829,1.9999985694885254,2.0,9,9514,181750.jpg,test_calibration,1.9999995231628418
feature,upper,0,ranked,real,Largest RDR,2,2026101303,40,39829,1.9999985694885254,2.0,10,17665,198100.jpg,test_calibration,1.9999995231628418
feature,upper,0,ranked,real,Largest RDR,2,2026101303,40,39829,1.9999985694885254,2.0,11,22723,168433.jpg,test_evaluation,1.9999995231628418
feature,upper,0,ranked,real,Largest RDR,2,2026101303,40,39829,1.9999985694885254,2.0,12,7585,177926.jpg,test_calibration,1.9999995231628418
feature,upper,0,ranked,real,Largest RDR,2,2026101303,40,39829,1.9999985694885254,2.0,13,21808,166601.jpg,test_evaluation,1.9999992847442627
feature,upper,0,ranked,real,Largest RDR,2,2026101303,40,39829,1.9999985694885254,2.0,14,39608,202184.jpg,test_evaluation,1.9999992847442627
feature,upper,0,ranked,real,Largest RDR,2,2026101303,40,39829,1.9999985694885254,2.0,15,23472,169875.jpg,test_evaluation,1.9999992847442627
feature,upper,0,ranked,real,Largest RDR,2,2026101303,40,39829,1.9999985694885254,2.0,16,30941,184881.jpg,test_evaluation,1.9999992847442627
feature,upper,0,ranked,real,Largest RDR,2,2026101303,40,39829,1.9999985694885254,2.0,17,10886,184500.jpg,test_calibration,1.9999992847442627
feature,upper,0,ranked,real,Largest RDR,2,2026101303,40,39829,1.9999985694885254,2.0,18,8071,178877.jpg,test_calibration,1.9999992847442627
feature,upper,0,ranked,real,Largest RDR,2,2026101303,40,39829,1.9999985694885254,2.0,19,6686,176170.jpg,test_calibration,1.9999990463256836
feature,upper,0,ranked,real,Largest RDR,2,2026101303,40,39829,1.9999985694885254,2.0,20,35936,194791.jpg,test_evaluation,1.9999990463256836
feature,upper,0,ranked,real,Largest RDR,2,2026101303,40,39829,1.9999985694885254,2.0,21,16283,195372.jpg,test_calibration,1.9999990463256836
feature,upper,0,ranked,real,Largest RDR,2,2026101303,40,39829,1.9999985694885254,2.0,22,39145,201210.jpg,test_evaluation,1.9999990463256836
feature,upper,0,ranked,real,Largest RDR,2,2026101303,40,39829,1.9999985694885254,2.0,23,18181,199131.jpg,test_calibration,1.9999990463256836
feature,upper,0,ranked,real,Largest RDR,2,2026101303,40,39829,1.9999985694885254,2.0,24,18380,199505.jpg,test_calibration,1.9999988079071045
feature,upper,0,ranked,real,Largest RDR,2,2026101303,40,39829,1.9999985694885254,2.0,25,6782,176354.jpg,test_calibration,1.9999988079071045
feature,upper,0,ranked,real,Largest RDR,2,2026101303,40,39829,1.9999985694885254,2.0,26,38699,200356.jpg,test_evaluation,1.9999988079071045
feature,upper,0,ranked,real,Largest RDR,2,2026101303,40,39829,1.9999985694885254,2.0,27,13966,190702.jpg,test_calibration,1.9999988079071045
feature,upper,0,ranked,real,Largest RDR,2,2026101303,40,39829,1.9999985694885254,2.0,28,6303,175400.jpg,test_calibration,1.9999988079071045
feature,upper,0,ranked,real,Largest RDR,2,2026101303,40,39829,1.9999985694885254,2.0,29,11419,185572.jpg,test_calibration,1.9999988079071045
feature,upper,0,ranked,real,Largest RDR,2,2026101303,40,39829,1.9999985694885254,2.0,30,10908,184534.jpg,test_calibration,1.9999988079071045
feature,upper,0,ranked,real,Largest RDR,2,2026101303,40,39829,1.9999985694885254,2.0,31,15567,193960.jpg,test_calibration,1.9999988079071045
feature,upper,0,ranked,real,Largest RDR,2,2026101303,40,39829,1.9999985694885254,2.0,32,12469,187673.jpg,test_calibration,1.9999988079071045
feature,upper,0,ranked,real,Largest RDR,2,2026101303,40,39829,1.9999985694885254,2.0,33,8628,180016.jpg,test_calibration,1.9999985694885254
feature,upper,0,ranked,real,Largest RDR,2,2026101303,40,39829,1.9999985694885254,2.0,34,16747,196280.jpg,test_calibration,1.9999985694885254
feature,upper,0,ranked,real,Largest RDR,2,2026101303,40,39829,1.9999985694885254,2.0,35,39772,202496.jpg,test_evaluation,1.9999985694885254
feature,upper,0,ranked,real,Largest RDR,2,2026101303,40,39829,1.9999985694885254,2.0,36,33158,189295.jpg,test_evaluation,1.9999985694885254
feature,upper,0,ranked,real,Largest RDR,2,2026101303,40,39829,1.9999985694885254,2.0,37,32815,188637.jpg,test_evaluation,1.9999985694885254
feature,upper,0,ranked,real,Largest RDR,2,2026101303,40,39829,1.9999985694885254,2.0,38,39358,201661.jpg,test_evaluation,1.9999985694885254
feature,upper,0,ranked,real,Largest RDR,2,2026101303,40,39829,1.9999985694885254,2.0,39,1402,165581.jpg,test_calibration,1.9999985694885254
feature,upper,0,ranked,upper,Smallest RDR,0,2026101318,40,40000,1.0682302015947221e-15,1.583981383557198e-11,0,1352,stylegan2_upper:psi_1p569:seed_004122625,test_calibration,1.0682302015947221e-15
feature,upper,0,ranked,upper,Smallest RDR,0,2026101318,40,40000,1.0682302015947221e-15,1.583981383557198e-11,1,32899,stylegan2_upper_extra_final_seed_023005644,test_evaluation,2.3307475266747153e-15
feature,upper,0,ranked,upper,Smallest RDR,0,2026101318,40,40000,1.0682302015947221e-15,1.583981383557198e-11,2,26743,stylegan2_upper:psi_1p569:seed_004153389,test_evaluation,9.465263689750324e-15
feature,upper,0,ranked,upper,Smallest RDR,0,2026101318,40,40000,1.0682302015947221e-15,1.583981383557198e-11,3,22430,stylegan2_upper:psi_1p569:seed_004124816,test_evaluation,8.544505841799957e-14
feature,upper,0,ranked,upper,Smallest RDR,0,2026101318,40,40000,1.0682302015947221e-15,1.583981383557198e-11,4,26003,stylegan2_upper:psi_1p569:seed_004151952,test_evaluation,1.1724753383891146e-13
feature,upper,0,ranked,upper,Smallest RDR,0,2026101318,40,40000,1.0682302015947221e-15,1.583981383557198e-11,5,28631,stylegan2_upper:psi_1p569:seed_004157153,test_evaluation,1.7466766694031882e-13
feature,upper,0,ranked,upper,Smallest RDR,0,2026101318,40,40000,1.0682302015947221e-15,1.583981383557198e-11,6,3197,stylegan2_upper:psi_1p569:seed_004126510,test_calibration,2.125372089694516e-13
feature,upper,0,ranked,upper,Smallest RDR,0,2026101318,40,40000,1.0682302015947221e-15,1.583981383557198e-11,7,29391,stylegan2_upper:psi_1p569:seed_004158693,test_evaluation,2.9161476835723454e-13
feature,upper,0,ranked,upper,Smallest RDR,0,2026101318,40,40000,1.0682302015947221e-15,1.583981383557198e-11,8,14065,stylegan2_upper_extra_final_seed_023008216,test_calibration,3.2790382822195374e-13
feature,upper,0,ranked,upper,Smallest RDR,0,2026101318,40,40000,1.0682302015947221e-15,1.583981383557198e-11,9,408,stylegan2_upper:psi_1p569:seed_004120815,test_calibration,3.7781469576156357e-13
feature,upper,0,ranked,upper,Smallest RDR,0,2026101318,40,40000,1.0682302015947221e-15,1.583981383557198e-11,10,30567,stylegan2_upper_extra_final_seed_023001032,test_evaluation,4.881682081139815e-13
feature,upper,0,ranked,upper,Smallest RDR,0,2026101318,40,40000,1.0682302015947221e-15,1.583981383557198e-11,11,31800,stylegan2_upper_extra_final_seed_023003449,test_evaluation,8.144571172000181e-13
feature,upper,0,ranked,upper,Smallest RDR,0,2026101318,40,40000,1.0682302015947221e-15,1.583981383557198e-11,12,25424,stylegan2_upper:psi_1p569:seed_004150858,test_evaluation,8.83673559673448e-13
feature,upper,0,ranked,upper,Smallest RDR,0,2026101318,40,40000,1.0682302015947221e-15,1.583981383557198e-11,13,11428,stylegan2_upper_extra_final_seed_023003004,test_calibration,9.55899964218132e-13
feature,upper,0,ranked,upper,Smallest RDR,0,2026101318,40,40000,1.0682302015947221e-15,1.583981383557198e-11,14,25783,stylegan2_upper:psi_1p569:seed_004151534,test_evaluation,1.0636756232751399e-12
feature,upper,0,ranked,upper,Smallest RDR,0,2026101318,40,40000,1.0682302015947221e-15,1.583981383557198e-11,15,5906,stylegan2_upper:psi_1p569:seed_004151865,test_calibration,1.244241363586307e-12
feature,upper,0,ranked,upper,Smallest RDR,0,2026101318,40,40000,1.0682302015947221e-15,1.583981383557198e-11,16,18038,stylegan2_upper_extra_final_seed_023016047,test_calibration,1.5539333058159355e-12
feature,upper,0,ranked,upper,Smallest RDR,0,2026101318,40,40000,1.0682302015947221e-15,1.583981383557198e-11,17,36811,stylegan2_upper_extra_final_seed_023013642,test_evaluation,1.7543068777173265e-12
feature,upper,0,ranked,upper,Smallest RDR,0,2026101318,40,40000,1.0682302015947221e-15,1.583981383557198e-11,18,33149,stylegan2_upper_extra_final_seed_023006160,test_evaluation,2.787554475441878e-12
feature,upper,0,ranked,upper,Smallest RDR,0,2026101318,40,40000,1.0682302015947221e-15,1.583981383557198e-11,19,9298,stylegan2_upper:psi_1p569:seed_004158684,test_calibration,3.0798323960579133e-12
feature,upper,0,ranked,upper,Smallest RDR,0,2026101318,40,40000,1.0682302015947221e-15,1.583981383557198e-11,20,20556,stylegan2_upper:psi_1p569:seed_004121161,test_evaluation,3.221480157286627e-12
feature,upper,0,ranked,upper,Smallest RDR,0,2026101318,40,40000,1.0682302015947221e-15,1.583981383557198e-11,21,16830,stylegan2_upper_extra_final_seed_023013639,test_calibration,4.435203506542029e-12
feature,upper,0,ranked,upper,Smallest RDR,0,2026101318,40,40000,1.0682302015947221e-15,1.583981383557198e-11,22,20370,stylegan2_upper:psi_1p569:seed_004120754,test_evaluation,5.349356374528824e-12
feature,upper,0,ranked,upper,Smallest RDR,0,2026101318,40,40000,1.0682302015947221e-15,1.583981383557198e-11,23,33848,stylegan2_upper_extra_final_seed_023007570,test_evaluation,6.234201956750729e-12
feature,upper,0,ranked,upper,Smallest RDR,0,2026101318,40,40000,1.0682302015947221e-15,1.583981383557198e-11,24,10560,stylegan2_upper_extra_final_seed_023001253,test_calibration,6.588386086692211e-12
feature,upper,0,ranked,upper,Smallest RDR,0,2026101318,40,40000,1.0682302015947221e-15,1.583981383557198e-11,25,4475,stylegan2_upper:psi_1p569:seed_004128946,test_calibration,7.496739340417946e-12
feature,upper,0,ranked,upper,Smallest RDR,0,2026101318,40,40000,1.0682302015947221e-15,1.583981383557198e-11,26,27699,stylegan2_upper:psi_1p569:seed_004155345,test_evaluation,8.033522631845091e-12
feature,upper,0,ranked,upper,Smallest RDR,0,2026101318,40,40000,1.0682302015947221e-15,1.583981383557198e-11,27,647,stylegan2_upper:psi_1p569:seed_004121252,test_calibration,8.623693772968899e-12
feature,upper,0,ranked,upper,Smallest RDR,0,2026101318,40,40000,1.0682302015947221e-15,1.583981383557198e-11,28,1618,stylegan2_upper:psi_1p569:seed_004123186,test_calibration,1.0931977545425298e-11
feature,upper,0,ranked,upper,Smallest RDR,0,2026101318,40,40000,1.0682302015947221e-15,1.583981383557198e-11,29,8260,stylegan2_upper:psi_1p569:seed_004156632,test_calibration,1.1547703765435458e-11
feature,upper,0,ranked,upper,Smallest RDR,0,2026101318,40,40000,1.0682302015947221e-15,1.583981383557198e-11,30,39564,stylegan2_upper_extra_final_seed_023019059,test_evaluation,1.232345302193405e-11
feature,upper,0,ranked,upper,Smallest RDR,0,2026101318,40,40000,1.0682302015947221e-15,1.583981383557198e-11,31,2071,stylegan2_upper:psi_1p569:seed_004124165,test_calibration,1.2409759851672586e-11
feature,upper,0,ranked,upper,Smallest RDR,0,2026101318,40,40000,1.0682302015947221e-15,1.583981383557198e-11,32,34000,stylegan2_upper_extra_final_seed_023007891,test_evaluation,1.2697435117225986e-11
feature,upper,0,ranked,upper,Smallest RDR,0,2026101318,40,40000,1.0682302015947221e-15,1.583981383557198e-11,33,30064,stylegan2_upper_extra_final_seed_023000023,test_evaluation,1.3397230373690672e-11
feature,upper,0,ranked,upper,Smallest RDR,0,2026101318,40,40000,1.0682302015947221e-15,1.583981383557198e-11,34,4971,stylegan2_upper:psi_1p569:seed_004129943,test_calibration,1.43698152335614e-11
feature,upper,0,ranked,upper,Smallest RDR,0,2026101318,40,40000,1.0682302015947221e-15,1.583981383557198e-11,35,4066,stylegan2_upper:psi_1p569:seed_004128182,test_calibration,1.460178679357771e-11
feature,upper,0,ranked,upper,Smallest RDR,0,2026101318,40,40000,1.0682302015947221e-15,1.583981383557198e-11,36,25207,stylegan2_upper:psi_1p569:seed_004150392,test_evaluation,1.5379496287604155e-11
feature,upper,0,ranked,upper,Smallest RDR,0,2026101318,40,40000,1.0682302015947221e-15,1.583981383557198e-11,37,27041,stylegan2_upper:psi_1p569:seed_004153979,test_evaluation,1.562249114794856e-11
feature,upper,0,ranked,upper,Smallest RDR,0,2026101318,40,40000,1.0682302015947221e-15,1.583981383557198e-11,38,37509,stylegan2_upper_extra_final_seed_023015040,test_evaluation,1.571867462579757e-11
feature,upper,0,ranked,upper,Smallest RDR,0,2026101318,40,40000,1.0682302015947221e-15,1.583981383557198e-11,39,6498,stylegan2_upper:psi_1p569:seed_004153077,test_calibration,1.583981383557198e-11
feature,upper,0,ranked,upper,Closest to 1,1,2026101319,40,40000,0.9915593266487122,1.0087552070617676,0,36895,stylegan2_upper_extra_final_seed_023013804,test_evaluation,1.0001593828201294
feature,upper,0,ranked,upper,Closest to 1,1,2026101319,40,40000,0.9915593266487122,1.0087552070617676,1,4615,stylegan2_upper:psi_1p569:seed_004129211,test_calibration,1.0003619194030762
feature,upper,0,ranked,upper,Closest to 1,1,2026101319,40,40000,0.9915593266487122,1.0087552070617676,2,7467,stylegan2_upper:psi_1p569:seed_004154968,test_calibration,1.0004162788391113
feature,upper,0,ranked,upper,Closest to 1,1,2026101319,40,40000,0.9915593266487122,1.0087552070617676,3,3282,stylegan2_upper:psi_1p569:seed_004126664,test_calibration,1.0004336833953857
feature,upper,0,ranked,upper,Closest to 1,1,2026101319,40,40000,0.9915593266487122,1.0087552070617676,4,34275,stylegan2_upper_extra_final_seed_023008462,test_evaluation,1.0005685091018677
feature,upper,0,ranked,upper,Closest to 1,1,2026101319,40,40000,0.9915593266487122,1.0087552070617676,5,7939,stylegan2_upper:psi_1p569:seed_004155985,test_calibration,0.9991426467895508
feature,upper,0,ranked,upper,Closest to 1,1,2026101319,40,40000,0.9915593266487122,1.0087552070617676,6,36621,stylegan2_upper_extra_final_seed_023013252,test_evaluation,1.0010985136032104
feature,upper,0,ranked,upper,Closest to 1,1,2026101319,40,40000,0.9915593266487122,1.0087552070617676,7,19135,stylegan2_upper_extra_final_seed_023018379,test_calibration,1.0011227130889893
feature,upper,0,ranked,upper,Closest to 1,1,2026101319,40,40000,0.9915593266487122,1.0087552070617676,8,11070,stylegan2_upper_extra_final_seed_023002266,test_calibration,1.001632809638977
feature,upper,0,ranked,upper,Closest to 1,1,2026101319,40,40000,0.9915593266487122,1.0087552070617676,9,9117,stylegan2_upper:psi_1p569:seed_004158326,test_calibration,0.9979307651519775
feature,upper,0,ranked,upper,Closest to 1,1,2026101319,40,40000,0.9915593266487122,1.0087552070617676,10,38358,stylegan2_upper_extra_final_seed_023016721,test_evaluation,0.997920572757721
feature,upper,0,ranked,upper,Closest to 1,1,2026101319,40,40000,0.9915593266487122,1.0087552070617676,11,10045,stylegan2_upper_extra_final_seed_023000211,test_calibration,1.0022512674331665
feature,upper,0,ranked,upper,Closest to 1,1,2026101319,40,40000,0.9915593266487122,1.0087552070617676,12,39239,stylegan2_upper_extra_final_seed_023018369,test_evaluation,1.003129005432129
feature,upper,0,ranked,upper,Closest to 1,1,2026101319,40,40000,0.9915593266487122,1.0087552070617676,13,885,stylegan2_upper:psi_1p569:seed_004121697,test_calibration,0.9967165589332581
feature,upper,0,ranked,upper,Closest to 1,1,2026101319,40,40000,0.9915593266487122,1.0087552070617676,14,1490,stylegan2_upper:psi_1p569:seed_004122929,test_calibration,0.9964565634727478
feature,upper,0,ranked,upper,Closest to 1,1,2026101319,40,40000,0.9915593266487122,1.0087552070617676,15,26969,stylegan2_upper:psi_1p569:seed_004153830,test_evaluation,0.9956547021865845
feature,upper,0,ranked,upper,Closest to 1,1,2026101319,40,40000,0.9915593266487122,1.0087552070617676,16,4385,stylegan2_upper:psi_1p569:seed_004128778,test_calibration,0.9955217838287354
feature,upper,0,ranked,upper,Closest to 1,1,2026101319,40,40000,0.9915593266487122,1.0087552070617676,17,28721,stylegan2_upper:psi_1p569:seed_004157341,test_evaluation,1.0048658847808838
feature,upper,0,ranked,upper,Closest to 1,1,2026101319,40,40000,0.9915593266487122,1.0087552070617676,18,7606,stylegan2_upper:psi_1p569:seed_004155271,test_calibration,0.9948505759239197
feature,upper,0,ranked,upper,Closest to 1,1,2026101319,40,40000,0.9915593266487122,1.0087552070617676,19,7535,stylegan2_upper:psi_1p569:seed_004155111,test_calibration,0.9947172999382019
feature,upper,0,ranked,upper,Closest to 1,1,2026101319,40,40000,0.9915593266487122,1.0087552070617676,20,25650,stylegan2_upper:psi_1p569:seed_004151288,test_evaluation,0.9945704340934753
feature,upper,0,ranked,upper,Closest to 1,1,2026101319,40,40000,0.9915593266487122,1.0087552070617676,21,1378,stylegan2_upper:psi_1p569:seed_004122690,test_calibration,0.9944745898246765
feature,upper,0,ranked,upper,Closest to 1,1,2026101319,40,40000,0.9915593266487122,1.0087552070617676,22,32714,stylegan2_upper_extra_final_seed_023005295,test_evaluation,0.994278073310852
feature,upper,0,ranked,upper,Closest to 1,1,2026101319,40,40000,0.9915593266487122,1.0087552070617676,23,5070,stylegan2_upper:psi_1p569:seed_004150147,test_calibration,0.9941666126251221
feature,upper,0,ranked,upper,Closest to 1,1,2026101319,40,40000,0.9915593266487122,1.0087552070617676,24,488,stylegan2_upper:psi_1p569:seed_004120957,test_calibration,1.0058748722076416
feature,upper,0,ranked,upper,Closest to 1,1,2026101319,40,40000,0.9915593266487122,1.0087552070617676,25,32566,stylegan2_upper_extra_final_seed_023005004,test_evaluation,0.9938324689865112
feature,upper,0,ranked,upper,Closest to 1,1,2026101319,40,40000,0.9915593266487122,1.0087552070617676,26,36250,stylegan2_upper_extra_final_seed_023012523,test_evaluation,1.0062193870544434
feature,upper,0,ranked,upper,Closest to 1,1,2026101319,40,40000,0.9915593266487122,1.0087552070617676,27,819,stylegan2_upper:psi_1p569:seed_004121576,test_calibration,1.0067387819290161
feature,upper,0,ranked,upper,Closest to 1,1,2026101319,40,40000,0.9915593266487122,1.0087552070617676,28,30920,stylegan2_upper_extra_final_seed_023001735,test_evaluation,0.9931528568267822
feature,upper,0,ranked,upper,Closest to 1,1,2026101319,40,40000,0.9915593266487122,1.0087552070617676,29,26417,stylegan2_upper:psi_1p569:seed_004152747,test_evaluation,1.0070301294326782
feature,upper,0,ranked,upper,Closest to 1,1,2026101319,40,40000,0.9915593266487122,1.0087552070617676,30,32845,stylegan2_upper_extra_final_seed_023005540,test_evaluation,0.9927977919578552
feature,upper,0,ranked,upper,Closest to 1,1,2026101319,40,40000,0.9915593266487122,1.0087552070617676,31,39636,stylegan2_upper_extra_final_seed_023019218,test_evaluation,0.9926121830940247
feature,upper,0,ranked,upper,Closest to 1,1,2026101319,40,40000,0.9915593266487122,1.0087552070617676,32,29591,stylegan2_upper:psi_1p569:seed_004159064,test_evaluation,1.0075130462646484
feature,upper,0,ranked,upper,Closest to 1,1,2026101319,40,40000,0.9915593266487122,1.0087552070617676,33,8172,stylegan2_upper:psi_1p569:seed_004156448,test_calibration,1.0080581903457642
feature,upper,0,ranked,upper,Closest to 1,1,2026101319,40,40000,0.9915593266487122,1.0087552070617676,34,35898,stylegan2_upper_extra_final_seed_023011771,test_evaluation,0.9916806817054749
feature,upper,0,ranked,upper,Closest to 1,1,2026101319,40,40000,0.9915593266487122,1.0087552070617676,35,39596,stylegan2_upper_extra_final_seed_023019132,test_evaluation,0.9916315674781799
feature,upper,0,ranked,upper,Closest to 1,1,2026101319,40,40000,0.9915593266487122,1.0087552070617676,36,9873,stylegan2_upper:psi_1p569:seed_004159870,test_calibration,0.9915593266487122
feature,upper,0,ranked,upper,Closest to 1,1,2026101319,40,40000,0.9915593266487122,1.0087552070617676,37,38201,stylegan2_upper_extra_final_seed_023016439,test_evaluation,1.0085638761520386
feature,upper,0,ranked,upper,Closest to 1,1,2026101319,40,40000,0.9915593266487122,1.0087552070617676,38,23001,stylegan2_upper:psi_1p569:seed_004125888,test_evaluation,1.008596420288086
feature,upper,0,ranked,upper,Closest to 1,1,2026101319,40,40000,0.9915593266487122,1.0087552070617676,39,35293,stylegan2_upper_extra_final_seed_023010507,test_evaluation,1.0087552070617676
feature,upper,0,ranked,upper,Largest RDR,2,2026101320,40,40000,1.9894753694534302,1.998429775238037,0,18226,stylegan2_upper_extra_final_seed_023016418,test_calibration,1.998429775238037
feature,upper,0,ranked,upper,Largest RDR,2,2026101320,40,40000,1.9894753694534302,1.998429775238037,1,47,stylegan2_upper:psi_1p569:seed_004120088,test_calibration,1.9980487823486328
feature,upper,0,ranked,upper,Largest RDR,2,2026101320,40,40000,1.9894753694534302,1.998429775238037,2,28371,stylegan2_upper:psi_1p569:seed_004156630,test_evaluation,1.9977582693099976
feature,upper,0,ranked,upper,Largest RDR,2,2026101320,40,40000,1.9894753694534302,1.998429775238037,3,13602,stylegan2_upper_extra_final_seed_023007331,test_calibration,1.9974876642227173
feature,upper,0,ranked,upper,Largest RDR,2,2026101320,40,40000,1.9894753694534302,1.998429775238037,4,33514,stylegan2_upper_extra_final_seed_023006886,test_evaluation,1.9973949193954468
feature,upper,0,ranked,upper,Largest RDR,2,2026101320,40,40000,1.9894753694534302,1.998429775238037,5,17330,stylegan2_upper_extra_final_seed_023014647,test_calibration,1.9973490238189697
feature,upper,0,ranked,upper,Largest RDR,2,2026101320,40,40000,1.9894753694534302,1.998429775238037,6,1109,stylegan2_upper:psi_1p569:seed_004122137,test_calibration,1.9971611499786377
feature,upper,0,ranked,upper,Largest RDR,2,2026101320,40,40000,1.9894753694534302,1.998429775238037,7,14776,stylegan2_upper_extra_final_seed_023009690,test_calibration,1.996946930885315
feature,upper,0,ranked,upper,Largest RDR,2,2026101320,40,40000,1.9894753694534302,1.998429775238037,8,30345,stylegan2_upper_extra_final_seed_023000603,test_evaluation,1.996944785118103
feature,upper,0,ranked,upper,Largest RDR,2,2026101320,40,40000,1.9894753694534302,1.998429775238037,9,7567,stylegan2_upper:psi_1p569:seed_004155173,test_calibration,1.9966139793395996
feature,upper,0,ranked,upper,Largest RDR,2,2026101320,40,40000,1.9894753694534302,1.998429775238037,10,23293,stylegan2_upper:psi_1p569:seed_004126468,test_evaluation,1.9966075420379639
feature,upper,0,ranked,upper,Largest RDR,2,2026101320,40,40000,1.9894753694534302,1.998429775238037,11,28380,stylegan2_upper:psi_1p569:seed_004156645,test_evaluation,1.9965952634811401
feature,upper,0,ranked,upper,Largest RDR,2,2026101320,40,40000,1.9894753694534302,1.998429775238037,12,18630,stylegan2_upper_extra_final_seed_023017314,test_calibration,1.9964146614074707
feature,upper,0,ranked,upper,Largest RDR,2,2026101320,40,40000,1.9894753694534302,1.998429775238037,13,27919,stylegan2_upper:psi_1p569:seed_004155733,test_evaluation,1.9957062005996704
feature,upper,0,ranked,upper,Largest RDR,2,2026101320,40,40000,1.9894753694534302,1.998429775238037,14,4638,stylegan2_upper:psi_1p569:seed_004129257,test_calibration,1.9955679178237915
feature,upper,0,ranked,upper,Largest RDR,2,2026101320,40,40000,1.9894753694534302,1.998429775238037,15,9002,stylegan2_upper:psi_1p569:seed_004158072,test_calibration,1.9954928159713745
feature,upper,0,ranked,upper,Largest RDR,2,2026101320,40,40000,1.9894753694534302,1.998429775238037,16,22195,stylegan2_upper:psi_1p569:seed_004124356,test_evaluation,1.995287299156189
feature,upper,0,ranked,upper,Largest RDR,2,2026101320,40,40000,1.9894753694534302,1.998429775238037,17,14895,stylegan2_upper_extra_final_seed_023009911,test_calibration,1.994889497756958
feature,upper,0,ranked,upper,Largest RDR,2,2026101320,40,40000,1.9894753694534302,1.998429775238037,18,7100,stylegan2_upper:psi_1p569:seed_004154309,test_calibration,1.994875431060791
feature,upper,0,ranked,upper,Largest RDR,2,2026101320,40,40000,1.9894753694534302,1.998429775238037,19,20367,stylegan2_upper:psi_1p569:seed_004120750,test_evaluation,1.9947445392608643
feature,upper,0,ranked,upper,Largest RDR,2,2026101320,40,40000,1.9894753694534302,1.998429775238037,20,19187,stylegan2_upper_extra_final_seed_023018477,test_calibration,1.9945403337478638
feature,upper,0,ranked,upper,Largest RDR,2,2026101320,40,40000,1.9894753694534302,1.998429775238037,21,3513,stylegan2_upper:psi_1p569:seed_004127121,test_calibration,1.9945112466812134
feature,upper,0,ranked,upper,Largest RDR,2,2026101320,40,40000,1.9894753694534302,1.998429775238037,22,24418,stylegan2_upper:psi_1p569:seed_004128831,test_evaluation,1.9942909479141235
feature,upper,0,ranked,upper,Largest RDR,2,2026101320,40,40000,1.9894753694534302,1.998429775238037,23,17091,stylegan2_upper_extra_final_seed_023014161,test_calibration,1.9939671754837036
feature,upper,0,ranked,upper,Largest RDR,2,2026101320,40,40000,1.9894753694534302,1.998429775238037,24,4439,stylegan2_upper:psi_1p569:seed_004128874,test_calibration,1.9939022064208984
feature,upper,0,ranked,upper,Largest RDR,2,2026101320,40,40000,1.9894753694534302,1.998429775238037,25,27299,stylegan2_upper:psi_1p569:seed_004154527,test_evaluation,1.9937835931777954
feature,upper,0,ranked,upper,Largest RDR,2,2026101320,40,40000,1.9894753694534302,1.998429775238037,26,9807,stylegan2_upper:psi_1p569:seed_004159724,test_calibration,1.9933197498321533
feature,upper,0,ranked,upper,Largest RDR,2,2026101320,40,40000,1.9894753694534302,1.998429775238037,27,20098,stylegan2_upper:psi_1p569:seed_004120188,test_evaluation,1.9930859804153442
feature,upper,0,ranked,upper,Largest RDR,2,2026101320,40,40000,1.9894753694534302,1.998429775238037,28,35253,stylegan2_upper_extra_final_seed_023010426,test_evaluation,1.992559552192688
feature,upper,0,ranked,upper,Largest RDR,2,2026101320,40,40000,1.9894753694534302,1.998429775238037,29,36774,stylegan2_upper_extra_final_seed_023013575,test_evaluation,1.9919319152832031
feature,upper,0,ranked,upper,Largest RDR,2,2026101320,40,40000,1.9894753694534302,1.998429775238037,30,33634,stylegan2_upper_extra_final_seed_023007142,test_evaluation,1.9917510747909546
feature,upper,0,ranked,upper,Largest RDR,2,2026101320,40,40000,1.9894753694534302,1.998429775238037,31,31043,stylegan2_upper_extra_final_seed_023001971,test_evaluation,1.9915441274642944
feature,upper,0,ranked,upper,Largest RDR,2,2026101320,40,40000,1.9894753694534302,1.998429775238037,32,31644,stylegan2_upper_extra_final_seed_023003161,test_evaluation,1.9909199476242065
feature,upper,0,ranked,upper,Largest RDR,2,2026101320,40,40000,1.9894753694534302,1.998429775238037,33,35836,stylegan2_upper_extra_final_seed_023011666,test_evaluation,1.9908794164657593
feature,upper,0,ranked,upper,Largest RDR,2,2026101320,40,40000,1.9894753694534302,1.998429775238037,34,12105,stylegan2_upper_extra_final_seed_023004331,test_calibration,1.9906024932861328
feature,upper,0,ranked,upper,Largest RDR,2,2026101320,40,40000,1.9894753694534302,1.998429775238037,35,6966,stylegan2_upper:psi_1p569:seed_004154032,test_calibration,1.9905191659927368
feature,upper,0,ranked,upper,Largest RDR,2,2026101320,40,40000,1.9894753694534302,1.998429775238037,36,29143,stylegan2_upper:psi_1p569:seed_004158215,test_evaluation,1.9904799461364746
feature,upper,0,ranked,upper,Largest RDR,2,2026101320,40,40000,1.9894753694534302,1.998429775238037,37,31987,stylegan2_upper_extra_final_seed_023003828,test_evaluation,1.9899051189422607
feature,upper,0,ranked,upper,Largest RDR,2,2026101320,40,40000,1.9894753694534302,1.998429775238037,38,15883,stylegan2_upper_extra_final_seed_023011789,test_calibration,1.9896035194396973
feature,upper,0,ranked,upper,Largest RDR,2,2026101320,40,40000,1.9894753694534302,1.998429775238037,39,12320,stylegan2_upper_extra_final_seed_023004757,test_calibration,1.9894753694534302
pixel,lower,0,ranked,lower,Smallest RDR,0,2026102318,40,40000,0.0,0.0,0,8796,stylegan2_lower:psi_0p650:seed_001157583,test_calibration,0.0
pixel,lower,0,ranked,lower,Smallest RDR,0,2026102318,40,40000,0.0,0.0,1,31313,stylegan2_lower_extra_final_seed_022002720,test_evaluation,0.0
pixel,lower,0,ranked,lower,Smallest RDR,0,2026102318,40,40000,0.0,0.0,2,15479,stylegan2_lower_extra_final_seed_022010853,test_calibration,0.0
pixel,lower,0,ranked,lower,Smallest RDR,0,2026102318,40,40000,0.0,0.0,3,37437,stylegan2_lower_extra_final_seed_022014821,test_evaluation,0.0
pixel,lower,0,ranked,lower,Smallest RDR,0,2026102318,40,40000,0.0,0.0,4,34220,stylegan2_lower_extra_final_seed_022008489,test_evaluation,0.0
pixel,lower,0,ranked,lower,Smallest RDR,0,2026102318,40,40000,0.0,0.0,5,30070,stylegan2_lower_extra_final_seed_022000184,test_evaluation,0.0
pixel,lower,0,ranked,lower,Smallest RDR,0,2026102318,40,40000,0.0,0.0,6,29777,stylegan2_lower:psi_0p650:seed_001159594,test_evaluation,0.0
pixel,lower,0,ranked,lower,Smallest RDR,0,2026102318,40,40000,0.0,0.0,7,37138,stylegan2_lower_extra_final_seed_022014260,test_evaluation,0.0
pixel,lower,0,ranked,lower,Smallest RDR,0,2026102318,40,40000,0.0,0.0,8,3526,stylegan2_lower:psi_0p650:seed_001127185,test_calibration,0.0
pixel,lower,0,ranked,lower,Smallest RDR,0,2026102318,40,40000,0.0,0.0,9,27714,stylegan2_lower:psi_0p650:seed_001155388,test_evaluation,0.0
pixel,lower,0,ranked,lower,Smallest RDR,0,2026102318,40,40000,0.0,0.0,10,21022,stylegan2_lower:psi_0p650:seed_001121988,test_evaluation,0.0
pixel,lower,0,ranked,lower,Smallest RDR,0,2026102318,40,40000,0.0,0.0,11,9724,stylegan2_lower:psi_0p650:seed_001159415,test_calibration,0.0
pixel,lower,0,ranked,lower,Smallest RDR,0,2026102318,40,40000,0.0,0.0,12,6779,stylegan2_lower:psi_0p650:seed_001153617,test_calibration,0.0
pixel,lower,0,ranked,lower,Smallest RDR,0,2026102318,40,40000,0.0,0.0,13,15770,stylegan2_lower_extra_final_seed_022011456,test_calibration,0.0
pixel,lower,0,ranked,lower,Smallest RDR,0,2026102318,40,40000,0.0,0.0,14,24533,stylegan2_lower:psi_0p650:seed_001128980,test_evaluation,0.0
pixel,lower,0,ranked,lower,Smallest RDR,0,2026102318,40,40000,0.0,0.0,15,9102,stylegan2_lower:psi_0p650:seed_001158194,test_calibration,0.0
pixel,lower,0,ranked,lower,Smallest RDR,0,2026102318,40,40000,0.0,0.0,16,35204,stylegan2_lower_extra_final_seed_022010469,test_evaluation,0.0
pixel,lower,0,ranked,lower,Smallest RDR,0,2026102318,40,40000,0.0,0.0,17,15637,stylegan2_lower_extra_final_seed_022011185,test_calibration,0.0
pixel,lower,0,ranked,lower,Smallest RDR,0,2026102318,40,40000,0.0,0.0,18,9155,stylegan2_lower:psi_0p650:seed_001158304,test_calibration,0.0
pixel,lower,0,ranked,lower,Smallest RDR,0,2026102318,40,40000,0.0,0.0,19,20382,stylegan2_lower:psi_0p650:seed_001120781,test_evaluation,0.0
pixel,lower,0,ranked,lower,Smallest RDR,0,2026102318,40,40000,0.0,0.0,20,26607,stylegan2_lower:psi_0p650:seed_001153130,test_evaluation,0.0
pixel,lower,0,ranked,lower,Smallest RDR,0,2026102318,40,40000,0.0,0.0,21,75,stylegan2_lower:psi_0p650:seed_001120159,test_calibration,0.0
pixel,lower,0,ranked,lower,Smallest RDR,0,2026102318,40,40000,0.0,0.0,22,27685,stylegan2_lower:psi_0p650:seed_001155325,test_evaluation,0.0
pixel,lower,0,ranked,lower,Smallest RDR,0,2026102318,40,40000,0.0,0.0,23,17390,stylegan2_lower_extra_final_seed_022014835,test_calibration,0.0
pixel,lower,0,ranked,lower,Smallest RDR,0,2026102318,40,40000,0.0,0.0,24,26194,stylegan2_lower:psi_0p650:seed_001152318,test_evaluation,0.0
pixel,lower,0,ranked,lower,Smallest RDR,0,2026102318,40,40000,0.0,0.0,25,8601,stylegan2_lower:psi_0p650:seed_001157221,test_calibration,0.0
pixel,lower,0,ranked,lower,Smallest RDR,0,2026102318,40,40000,0.0,0.0,26,11679,stylegan2_lower_extra_final_seed_022003253,test_calibration,0.0
pixel,lower,0,ranked,lower,Smallest RDR,0,2026102318,40,40000,0.0,0.0,27,10780,stylegan2_lower_extra_final_seed_022001467,test_calibration,0.0
pixel,lower,0,ranked,lower,Smallest RDR,0,2026102318,40,40000,0.0,0.0,28,35702,stylegan2_lower_extra_final_seed_022011492,test_evaluation,0.0
pixel,lower,0,ranked,lower,Smallest RDR,0,2026102318,40,40000,0.0,0.0,29,1717,stylegan2_lower:psi_0p650:seed_001123552,test_calibration,0.0
pixel,lower,0,ranked,lower,Smallest RDR,0,2026102318,40,40000,0.0,0.0,30,18707,stylegan2_lower_extra_final_seed_022017409,test_calibration,0.0
pixel,lower,0,ranked,lower,Smallest RDR,0,2026102318,40,40000,0.0,0.0,31,10313,stylegan2_lower_extra_final_seed_022000600,test_calibration,0.0
pixel,lower,0,ranked,lower,Smallest RDR,0,2026102318,40,40000,0.0,0.0,32,39207,stylegan2_lower_extra_final_seed_022018411,test_evaluation,0.0
pixel,lower,0,ranked,lower,Smallest RDR,0,2026102318,40,40000,0.0,0.0,33,8829,stylegan2_lower:psi_0p650:seed_001157657,test_calibration,0.0
pixel,lower,0,ranked,lower,Smallest RDR,0,2026102318,40,40000,0.0,0.0,34,21487,stylegan2_lower:psi_0p650:seed_001122877,test_evaluation,0.0
pixel,lower,0,ranked,lower,Smallest RDR,0,2026102318,40,40000,0.0,0.0,35,25267,stylegan2_lower:psi_0p650:seed_001150476,test_evaluation,0.0
pixel,lower,0,ranked,lower,Smallest RDR,0,2026102318,40,40000,0.0,0.0,36,20342,stylegan2_lower:psi_0p650:seed_001120684,test_evaluation,0.0
pixel,lower,0,ranked,lower,Smallest RDR,0,2026102318,40,40000,0.0,0.0,37,4222,stylegan2_lower:psi_0p650:seed_001128557,test_calibration,0.0
pixel,lower,0,ranked,lower,Smallest RDR,0,2026102318,40,40000,0.0,0.0,38,6851,stylegan2_lower:psi_0p650:seed_001153758,test_calibration,0.0
pixel,lower,0,ranked,lower,Smallest RDR,0,2026102318,40,40000,0.0,0.0,39,18976,stylegan2_lower_extra_final_seed_022017915,test_calibration,0.0
pixel,lower,0,ranked,lower,Closest to 1,1,2026102319,40,40000,0.0,1.9999949932098389,0,33231,stylegan2_lower_extra_final_seed_022006500,test_evaluation,1.905121922492981
pixel,lower,0,ranked,lower,Closest to 1,1,2026102319,40,40000,0.0,1.9999949932098389,1,11106,stylegan2_lower_extra_final_seed_022002097,test_calibration,3.59876939910464e-05
pixel,lower,0,ranked,lower,Closest to 1,1,2026102319,40,40000,0.0,1.9999949932098389,2,8475,stylegan2_lower:psi_0p650:seed_001156978,test_calibration,9.536588549963199e-06
pixel,lower,0,ranked,lower,Closest to 1,1,2026102319,40,40000,0.0,1.9999949932098389,3,7376,stylegan2_lower:psi_0p650:seed_001154803,test_calibration,1.9999949932098389
pixel,lower,0,ranked,lower,Closest to 1,1,2026102319,40,40000,0.0,1.9999949932098389,4,9721,stylegan2_lower:psi_0p650:seed_001159407,test_calibration,1.2487901130953105e-06
pixel,lower,0,ranked,lower,Closest to 1,1,2026102319,40,40000,0.0,1.9999949932098389,5,31613,stylegan2_lower_extra_final_seed_022003326,test_evaluation,4.744268779915961e-12
pixel,lower,0,ranked,lower,Closest to 1,1,2026102319,40,40000,0.0,1.9999949932098389,6,30040,stylegan2_lower_extra_final_seed_022000125,test_evaluation,3.688010400543229e-12
pixel,lower,0,ranked,lower,Closest to 1,1,2026102319,40,40000,0.0,1.9999949932098389,7,12062,stylegan2_lower_extra_final_seed_022004067,test_calibration,1.1007105600244205e-12
pixel,lower,0,ranked,lower,Closest to 1,1,2026102319,40,40000,0.0,1.9999949932098389,8,3326,stylegan2_lower:psi_0p650:seed_001126788,test_calibration,2.1578503144482203e-16
pixel,lower,0,ranked,lower,Closest to 1,1,2026102319,40,40000,0.0,1.9999949932098389,9,33405,stylegan2_lower_extra_final_seed_022006874,test_evaluation,9.65643169381667e-17
pixel,lower,0,ranked,lower,Closest to 1,1,2026102319,40,40000,0.0,1.9999949932098389,10,3253,stylegan2_lower:psi_0p650:seed_001126649,test_calibration,0.0
pixel,lower,0,ranked,lower,Closest to 1,1,2026102319,40,40000,0.0,1.9999949932098389,11,3414,stylegan2_lower:psi_0p650:seed_001126983,test_calibration,0.0
pixel,lower,0,ranked,lower,Closest to 1,1,2026102319,40,40000,0.0,1.9999949932098389,12,16460,stylegan2_lower_extra_final_seed_022012876,test_calibration,0.0
pixel,lower,0,ranked,lower,Closest to 1,1,2026102319,40,40000,0.0,1.9999949932098389,13,1319,stylegan2_lower:psi_0p650:seed_001122737,test_calibration,0.0
pixel,lower,0,ranked,lower,Closest to 1,1,2026102319,40,40000,0.0,1.9999949932098389,14,12906,stylegan2_lower_extra_final_seed_022005793,test_calibration,0.0
pixel,lower,0,ranked,lower,Closest to 1,1,2026102319,40,40000,0.0,1.9999949932098389,15,25793,stylegan2_lower:psi_0p650:seed_001151497,test_evaluation,0.0
pixel,lower,0,ranked,lower,Closest to 1,1,2026102319,40,40000,0.0,1.9999949932098389,16,25832,stylegan2_lower:psi_0p650:seed_001151564,test_evaluation,0.0
pixel,lower,0,ranked,lower,Closest to 1,1,2026102319,40,40000,0.0,1.9999949932098389,17,15763,stylegan2_lower_extra_final_seed_022011436,test_calibration,0.0
pixel,lower,0,ranked,lower,Closest to 1,1,2026102319,40,40000,0.0,1.9999949932098389,18,33639,stylegan2_lower_extra_final_seed_022007323,test_evaluation,0.0
pixel,lower,0,ranked,lower,Closest to 1,1,2026102319,40,40000,0.0,1.9999949932098389,19,31520,stylegan2_lower_extra_final_seed_022003146,test_evaluation,0.0
pixel,lower,0,ranked,lower,Closest to 1,1,2026102319,40,40000,0.0,1.9999949932098389,20,24590,stylegan2_lower:psi_0p650:seed_001129091,test_evaluation,0.0
pixel,lower,0,ranked,lower,Closest to 1,1,2026102319,40,40000,0.0,1.9999949932098389,21,32139,stylegan2_lower_extra_final_seed_022004322,test_evaluation,0.0
pixel,lower,0,ranked,lower,Closest to 1,1,2026102319,40,40000,0.0,1.9999949932098389,22,25205,stylegan2_lower:psi_0p650:seed_001150336,test_evaluation,0.0
pixel,lower,0,ranked,lower,Closest to 1,1,2026102319,40,40000,0.0,1.9999949932098389,23,21570,stylegan2_lower:psi_0p650:seed_001123045,test_evaluation,0.0
pixel,lower,0,ranked,lower,Closest to 1,1,2026102319,40,40000,0.0,1.9999949932098389,24,18973,stylegan2_lower_extra_final_seed_022017911,test_calibration,0.0
pixel,lower,0,ranked,lower,Closest to 1,1,2026102319,40,40000,0.0,1.9999949932098389,25,29931,stylegan2_lower:psi_0p650:seed_001159925,test_evaluation,0.0
pixel,lower,0,ranked,lower,Closest to 1,1,2026102319,40,40000,0.0,1.9999949932098389,26,1467,stylegan2_lower:psi_0p650:seed_001123025,test_calibration,0.0
pixel,lower,0,ranked,lower,Closest to 1,1,2026102319,40,40000,0.0,1.9999949932098389,27,21572,stylegan2_lower:psi_0p650:seed_001123048,test_evaluation,0.0
pixel,lower,0,ranked,lower,Closest to 1,1,2026102319,40,40000,0.0,1.9999949932098389,28,16145,stylegan2_lower_extra_final_seed_022012263,test_calibration,0.0
pixel,lower,0,ranked,lower,Closest to 1,1,2026102319,40,40000,0.0,1.9999949932098389,29,29463,stylegan2_lower:psi_0p650:seed_001158946,test_evaluation,0.0
pixel,lower,0,ranked,lower,Closest to 1,1,2026102319,40,40000,0.0,1.9999949932098389,30,10898,stylegan2_lower_extra_final_seed_022001695,test_calibration,0.0
pixel,lower,0,ranked,lower,Closest to 1,1,2026102319,40,40000,0.0,1.9999949932098389,31,22641,stylegan2_lower:psi_0p650:seed_001125127,test_evaluation,0.0
pixel,lower,0,ranked,lower,Closest to 1,1,2026102319,40,40000,0.0,1.9999949932098389,32,37141,stylegan2_lower_extra_final_seed_022014270,test_evaluation,0.0
pixel,lower,0,ranked,lower,Closest to 1,1,2026102319,40,40000,0.0,1.9999949932098389,33,36240,stylegan2_lower_extra_final_seed_022012503,test_evaluation,0.0
pixel,lower,0,ranked,lower,Closest to 1,1,2026102319,40,40000,0.0,1.9999949932098389,34,4037,stylegan2_lower:psi_0p650:seed_001128176,test_calibration,0.0
pixel,lower,0,ranked,lower,Closest to 1,1,2026102319,40,40000,0.0,1.9999949932098389,35,37151,stylegan2_lower_extra_final_seed_022014296,test_evaluation,0.0
pixel,lower,0,ranked,lower,Closest to 1,1,2026102319,40,40000,0.0,1.9999949932098389,36,14688,stylegan2_lower_extra_final_seed_022009305,test_calibration,0.0
pixel,lower,0,ranked,lower,Closest to 1,1,2026102319,40,40000,0.0,1.9999949932098389,37,1075,stylegan2_lower:psi_0p650:seed_001122224,test_calibration,0.0
pixel,lower,0,ranked,lower,Closest to 1,1,2026102319,40,40000,0.0,1.9999949932098389,38,4725,stylegan2_lower:psi_0p650:seed_001129532,test_calibration,0.0
pixel,lower,0,ranked,lower,Closest to 1,1,2026102319,40,40000,0.0,1.9999949932098389,39,5840,stylegan2_lower:psi_0p650:seed_001151766,test_calibration,0.0
pixel,lower,0,ranked,lower,Largest RDR,2,2026102320,40,40000,0.0,2.0,0,1236,stylegan2_lower:psi_0p650:seed_001122568,test_calibration,2.0
pixel,lower,0,ranked,lower,Largest RDR,2,2026102320,40,40000,0.0,2.0,1,7376,stylegan2_lower:psi_0p650:seed_001154803,test_calibration,1.9999949932098389
pixel,lower,0,ranked,lower,Largest RDR,2,2026102320,40,40000,0.0,2.0,2,33231,stylegan2_lower_extra_final_seed_022006500,test_evaluation,1.905121922492981
pixel,lower,0,ranked,lower,Largest RDR,2,2026102320,40,40000,0.0,2.0,3,11106,stylegan2_lower_extra_final_seed_022002097,test_calibration,3.59876939910464e-05
pixel,lower,0,ranked,lower,Largest RDR,2,2026102320,40,40000,0.0,2.0,4,8475,stylegan2_lower:psi_0p650:seed_001156978,test_calibration,9.536588549963199e-06
pixel,lower,0,ranked,lower,Largest RDR,2,2026102320,40,40000,0.0,2.0,5,9721,stylegan2_lower:psi_0p650:seed_001159407,test_calibration,1.2487901130953105e-06
pixel,lower,0,ranked,lower,Largest RDR,2,2026102320,40,40000,0.0,2.0,6,31613,stylegan2_lower_extra_final_seed_022003326,test_evaluation,4.744268779915961e-12
pixel,lower,0,ranked,lower,Largest RDR,2,2026102320,40,40000,0.0,2.0,7,30040,stylegan2_lower_extra_final_seed_022000125,test_evaluation,3.688010400543229e-12
pixel,lower,0,ranked,lower,Largest RDR,2,2026102320,40,40000,0.0,2.0,8,12062,stylegan2_lower_extra_final_seed_022004067,test_calibration,1.1007105600244205e-12
pixel,lower,0,ranked,lower,Largest RDR,2,2026102320,40,40000,0.0,2.0,9,3326,stylegan2_lower:psi_0p650:seed_001126788,test_calibration,2.1578503144482203e-16
pixel,lower,0,ranked,lower,Largest RDR,2,2026102320,40,40000,0.0,2.0,10,15146,stylegan2_lower_extra_final_seed_022010215,test_calibration,0.0
pixel,lower,0,ranked,lower,Largest RDR,2,2026102320,40,40000,0.0,2.0,11,18802,stylegan2_lower_extra_final_seed_022017596,test_calibration,0.0
pixel,lower,0,ranked,lower,Largest RDR,2,2026102320,40,40000,0.0,2.0,12,23751,stylegan2_lower:psi_0p650:seed_001127365,test_evaluation,0.0
pixel,lower,0,ranked,lower,Largest RDR,2,2026102320,40,40000,0.0,2.0,13,22653,stylegan2_lower:psi_0p650:seed_001125142,test_evaluation,0.0
pixel,lower,0,ranked,lower,Largest RDR,2,2026102320,40,40000,0.0,2.0,14,18837,stylegan2_lower_extra_final_seed_022017659,test_calibration,0.0
pixel,lower,0,ranked,lower,Largest RDR,2,2026102320,40,40000,0.0,2.0,15,25855,stylegan2_lower:psi_0p650:seed_001151616,test_evaluation,0.0
pixel,lower,0,ranked,lower,Largest RDR,2,2026102320,40,40000,0.0,2.0,16,33218,stylegan2_lower_extra_final_seed_022006469,test_evaluation,0.0
pixel,lower,0,ranked,lower,Largest RDR,2,2026102320,40,40000,0.0,2.0,17,23867,stylegan2_lower:psi_0p650:seed_001127588,test_evaluation,0.0
pixel,lower,0,ranked,lower,Largest RDR,2,2026102320,40,40000,0.0,2.0,18,20962,stylegan2_lower:psi_0p650:seed_001121879,test_evaluation,0.0
pixel,lower,0,ranked,lower,Largest RDR,2,2026102320,40,40000,0.0,2.0,19,20022,stylegan2_lower:psi_0p650:seed_001120041,test_evaluation,0.0
pixel,lower,0,ranked,lower,Largest RDR,2,2026102320,40,40000,0.0,2.0,20,39940,stylegan2_lower_extra_final_seed_022019903,test_evaluation,0.0
pixel,lower,0,ranked,lower,Largest RDR,2,2026102320,40,40000,0.0,2.0,21,24724,stylegan2_lower:psi_0p650:seed_001129354,test_evaluation,0.0
pixel,lower,0,ranked,lower,Largest RDR,2,2026102320,40,40000,0.0,2.0,22,33418,stylegan2_lower_extra_final_seed_022006894,test_evaluation,0.0
pixel,lower,0,ranked,lower,Largest RDR,2,2026102320,40,40000,0.0,2.0,23,30917,stylegan2_lower_extra_final_seed_022001939,test_evaluation,0.0
pixel,lower,0,ranked,lower,Largest RDR,2,2026102320,40,40000,0.0,2.0,24,24847,stylegan2_lower:psi_0p650:seed_001129608,test_evaluation,0.0
pixel,lower,0,ranked,lower,Largest RDR,2,2026102320,40,40000,0.0,2.0,25,16029,stylegan2_lower_extra_final_seed_022012004,test_calibration,0.0
pixel,lower,0,ranked,lower,Largest RDR,2,2026102320,40,40000,0.0,2.0,26,27836,stylegan2_lower:psi_0p650:seed_001155629,test_evaluation,0.0
pixel,lower,0,ranked,lower,Largest RDR,2,2026102320,40,40000,0.0,2.0,27,31825,stylegan2_lower_extra_final_seed_022003727,test_evaluation,0.0
pixel,lower,0,ranked,lower,Largest RDR,2,2026102320,40,40000,0.0,2.0,28,36875,stylegan2_lower_extra_final_seed_022013789,test_evaluation,0.0
pixel,lower,0,ranked,lower,Largest RDR,2,2026102320,40,40000,0.0,2.0,29,11367,stylegan2_lower_extra_final_seed_022002649,test_calibration,0.0
pixel,lower,0,ranked,lower,Largest RDR,2,2026102320,40,40000,0.0,2.0,30,31759,stylegan2_lower_extra_final_seed_022003608,test_evaluation,0.0
pixel,lower,0,ranked,lower,Largest RDR,2,2026102320,40,40000,0.0,2.0,31,2946,stylegan2_lower:psi_0p650:seed_001126027,test_calibration,0.0
pixel,lower,0,ranked,lower,Largest RDR,2,2026102320,40,40000,0.0,2.0,32,30425,stylegan2_lower_extra_final_seed_022000861,test_evaluation,0.0
pixel,lower,0,ranked,lower,Largest RDR,2,2026102320,40,40000,0.0,2.0,33,1067,stylegan2_lower:psi_0p650:seed_001122204,test_calibration,0.0
pixel,lower,0,ranked,lower,Largest RDR,2,2026102320,40,40000,0.0,2.0,34,24189,stylegan2_lower:psi_0p650:seed_001128277,test_evaluation,0.0
pixel,lower,0,ranked,lower,Largest RDR,2,2026102320,40,40000,0.0,2.0,35,5498,stylegan2_lower:psi_0p650:seed_001151073,test_calibration,0.0
pixel,lower,0,ranked,lower,Largest RDR,2,2026102320,40,40000,0.0,2.0,36,17028,stylegan2_lower_extra_final_seed_022014054,test_calibration,0.0
pixel,lower,0,ranked,lower,Largest RDR,2,2026102320,40,40000,0.0,2.0,37,30063,stylegan2_lower_extra_final_seed_022000175,test_evaluation,0.0
pixel,lower,0,ranked,lower,Largest RDR,2,2026102320,40,40000,0.0,2.0,38,37836,stylegan2_lower_extra_final_seed_022015610,test_evaluation,0.0
pixel,lower,0,ranked,lower,Largest RDR,2,2026102320,40,40000,0.0,2.0,39,255,stylegan2_lower:psi_0p650:seed_001120500,test_calibration,0.0
pixel,lower,0,ranked,real,Smallest RDR,0,2026102301,40,39829,6.0291258791145265e-37,2.0,0,24434,171835.jpg,test_evaluation,6.0291258791145265e-37
pixel,lower,0,ranked,real,Smallest RDR,0,2026102301,40,39829,6.0291258791145265e-37,2.0,1,21938,166862.jpg,test_evaluation,3.5975149434775886e-32
pixel,lower,0,ranked,real,Smallest RDR,0,2026102301,40,39829,6.0291258791145265e-37,2.0,2,14839,192444.jpg,test_calibration,7.287664683022862e-18
pixel,lower,0,ranked,real,Smallest RDR,0,2026102301,40,39829,6.0291258791145265e-37,2.0,3,20707,164357.jpg,test_evaluation,1.3549915746874976e-17
pixel,lower,0,ranked,real,Smallest RDR,0,2026102301,40,39829,6.0291258791145265e-37,2.0,4,36706,196359.jpg,test_evaluation,1.5456594337770468e-12
pixel,lower,0,ranked,real,Smallest RDR,0,2026102301,40,39829,6.0291258791145265e-37,2.0,5,38964,200855.jpg,test_evaluation,4.7624945653801376e-11
pixel,lower,0,ranked,real,Smallest RDR,0,2026102301,40,39829,6.0291258791145265e-37,2.0,6,21783,166543.jpg,test_evaluation,5.129851543550501e-10
pixel,lower,0,ranked,real,Smallest RDR,0,2026102301,40,39829,6.0291258791145265e-37,2.0,7,24965,172822.jpg,test_evaluation,2.8312996391832712e-09
pixel,lower,0,ranked,real,Smallest RDR,0,2026102301,40,39829,6.0291258791145265e-37,2.0,8,6630,176067.jpg,test_calibration,3.4201228515939874e-08
pixel,lower,0,ranked,real,Smallest RDR,0,2026102301,40,39829,6.0291258791145265e-37,2.0,9,25072,173026.jpg,test_evaluation,0.0028473958373069763
pixel,lower,0,ranked,real,Smallest RDR,0,2026102301,40,39829,6.0291258791145265e-37,2.0,10,19618,202005.jpg,test_calibration,0.0066445814445614815
pixel,lower,0,ranked,real,Smallest RDR,0,2026102301,40,39829,6.0291258791145265e-37,2.0,11,25226,173318.jpg,test_evaluation,0.019567687064409256
pixel,lower,0,ranked,real,Smallest RDR,0,2026102301,40,39829,6.0291258791145265e-37,2.0,12,1568,165893.jpg,test_calibration,0.6810854077339172
pixel,lower,0,ranked,real,Smallest RDR,0,2026102301,40,39829,6.0291258791145265e-37,2.0,13,6114,175046.jpg,test_calibration,1.860352635383606
pixel,lower,0,ranked,real,Smallest RDR,0,2026102301,40,39829,6.0291258791145265e-37,2.0,14,19055,200911.jpg,test_calibration,1.8650479316711426
pixel,lower,0,ranked,real,Smallest RDR,0,2026102301,40,39829,6.0291258791145265e-37,2.0,15,12915,188566.jpg,test_calibration,1.8771657943725586
pixel,lower,0,ranked,real,Smallest RDR,0,2026102301,40,39829,6.0291258791145265e-37,2.0,16,22115,167217.jpg,test_evaluation,1.9668163061141968
pixel,lower,0,ranked,real,Smallest RDR,0,2026102301,40,39829,6.0291258791145265e-37,2.0,17,18860,200494.jpg,test_calibration,1.9982136487960815
pixel,lower,0,ranked,real,Smallest RDR,0,2026102301,40,39829,6.0291258791145265e-37,2.0,18,21679,166342.jpg,test_evaluation,1.9987871646881104
pixel,lower,0,ranked,real,Smallest RDR,0,2026102301,40,39829,6.0291258791145265e-37,2.0,19,30751,184507.jpg,test_evaluation,1.999216914176941
pixel,lower,0,ranked,real,Smallest RDR,0,2026102301,40,39829,6.0291258791145265e-37,2.0,20,20449,163846.jpg,test_evaluation,1.999943733215332
pixel,lower,0,ranked,real,Smallest RDR,0,2026102301,40,39829,6.0291258791145265e-37,2.0,21,24953,172799.jpg,test_evaluation,1.9999604225158691
pixel,lower,0,ranked,real,Smallest RDR,0,2026102301,40,39829,6.0291258791145265e-37,2.0,22,37942,198853.jpg,test_evaluation,1.9999942779541016
pixel,lower,0,ranked,real,Smallest RDR,0,2026102301,40,39829,6.0291258791145265e-37,2.0,23,19257,201327.jpg,test_calibration,1.9999966621398926
pixel,lower,0,ranked,real,Smallest RDR,0,2026102301,40,39829,6.0291258791145265e-37,2.0,24,19547,201875.jpg,test_calibration,1.9999992847442627
pixel,lower,0,ranked,real,Smallest RDR,0,2026102301,40,39829,6.0291258791145265e-37,2.0,25,22489,167951.jpg,test_evaluation,1.9999995231628418
pixel,lower,0,ranked,real,Smallest RDR,0,2026102301,40,39829,6.0291258791145265e-37,2.0,26,14430,191611.jpg,test_calibration,1.999999761581421
pixel,lower,0,ranked,real,Smallest RDR,0,2026102301,40,39829,6.0291258791145265e-37,2.0,27,29380,181775.jpg,test_evaluation,1.999999761581421
pixel,lower,0,ranked,real,Smallest RDR,0,2026102301,40,39829,6.0291258791145265e-37,2.0,28,17140,197097.jpg,test_calibration,1.999999761581421
pixel,lower,0,ranked,real,Smallest RDR,0,2026102301,40,39829,6.0291258791145265e-37,2.0,29,32456,187930.jpg,test_evaluation,2.0
pixel,lower,0,ranked,real,Smallest RDR,0,2026102301,40,39829,6.0291258791145265e-37,2.0,30,18615,200003.jpg,test_calibration,2.0
pixel,lower,0,ranked,real,Smallest RDR,0,2026102301,40,39829,6.0291258791145265e-37,2.0,31,9310,181351.jpg,test_calibration,2.0
pixel,lower,0,ranked,real,Smallest RDR,0,2026102301,40,39829,6.0291258791145265e-37,2.0,32,31814,186632.jpg,test_evaluation,2.0
pixel,lower,0,ranked,real,Smallest RDR,0,2026102301,40,39829,6.0291258791145265e-37,2.0,33,12737,188191.jpg,test_calibration,2.0
pixel,lower,0,ranked,real,Smallest RDR,0,2026102301,40,39829,6.0291258791145265e-37,2.0,34,39246,201420.jpg,test_evaluation,2.0
pixel,lower,0,ranked,real,Smallest RDR,0,2026102301,40,39829,6.0291258791145265e-37,2.0,35,5633,174082.jpg,test_calibration,2.0
pixel,lower,0,ranked,real,Smallest RDR,0,2026102301,40,39829,6.0291258791145265e-37,2.0,36,29187,181379.jpg,test_evaluation,2.0
pixel,lower,0,ranked,real,Smallest RDR,0,2026102301,40,39829,6.0291258791145265e-37,2.0,37,22929,168832.jpg,test_evaluation,2.0
pixel,lower,0,ranked,real,Smallest RDR,0,2026102301,40,39829,6.0291258791145265e-37,2.0,38,12876,188475.jpg,test_calibration,2.0
pixel,lower,0,ranked,real,Smallest RDR,0,2026102301,40,39829,6.0291258791145265e-37,2.0,39,8012,178767.jpg,test_calibration,2.0
pixel,lower,0,ranked,real,Closest to 1,1,2026102302,40,39829,1.5456594337770468e-12,2.0,0,1568,165893.jpg,test_calibration,0.6810854077339172
pixel,lower,0,ranked,real,Closest to 1,1,2026102302,40,39829,1.5456594337770468e-12,2.0,1,6114,175046.jpg,test_calibration,1.860352635383606
pixel,lower,0,ranked,real,Closest to 1,1,2026102302,40,39829,1.5456594337770468e-12,2.0,2,19055,200911.jpg,test_calibration,1.8650479316711426
pixel,lower,0,ranked,real,Closest to 1,1,2026102302,40,39829,1.5456594337770468e-12,2.0,3,12915,188566.jpg,test_calibration,1.8771657943725586
pixel,lower,0,ranked,real,Closest to 1,1,2026102302,40,39829,1.5456594337770468e-12,2.0,4,22115,167217.jpg,test_evaluation,1.9668163061141968
pixel,lower,0,ranked,real,Closest to 1,1,2026102302,40,39829,1.5456594337770468e-12,2.0,5,25226,173318.jpg,test_evaluation,0.019567687064409256
pixel,lower,0,ranked,real,Closest to 1,1,2026102302,40,39829,1.5456594337770468e-12,2.0,6,19618,202005.jpg,test_calibration,0.0066445814445614815
pixel,lower,0,ranked,real,Closest to 1,1,2026102302,40,39829,1.5456594337770468e-12,2.0,7,25072,173026.jpg,test_evaluation,0.0028473958373069763
pixel,lower,0,ranked,real,Closest to 1,1,2026102302,40,39829,1.5456594337770468e-12,2.0,8,18860,200494.jpg,test_calibration,1.9982136487960815
pixel,lower,0,ranked,real,Closest to 1,1,2026102302,40,39829,1.5456594337770468e-12,2.0,9,21679,166342.jpg,test_evaluation,1.9987871646881104
pixel,lower,0,ranked,real,Closest to 1,1,2026102302,40,39829,1.5456594337770468e-12,2.0,10,30751,184507.jpg,test_evaluation,1.999216914176941
pixel,lower,0,ranked,real,Closest to 1,1,2026102302,40,39829,1.5456594337770468e-12,2.0,11,20449,163846.jpg,test_evaluation,1.999943733215332
pixel,lower,0,ranked,real,Closest to 1,1,2026102302,40,39829,1.5456594337770468e-12,2.0,12,24953,172799.jpg,test_evaluation,1.9999604225158691
pixel,lower,0,ranked,real,Closest to 1,1,2026102302,40,39829,1.5456594337770468e-12,2.0,13,37942,198853.jpg,test_evaluation,1.9999942779541016
pixel,lower,0,ranked,real,Closest to 1,1,2026102302,40,39829,1.5456594337770468e-12,2.0,14,19257,201327.jpg,test_calibration,1.9999966621398926
pixel,lower,0,ranked,real,Closest to 1,1,2026102302,40,39829,1.5456594337770468e-12,2.0,15,19547,201875.jpg,test_calibration,1.9999992847442627
pixel,lower,0,ranked,real,Closest to 1,1,2026102302,40,39829,1.5456594337770468e-12,2.0,16,22489,167951.jpg,test_evaluation,1.9999995231628418
pixel,lower,0,ranked,real,Closest to 1,1,2026102302,40,39829,1.5456594337770468e-12,2.0,17,29380,181775.jpg,test_evaluation,1.999999761581421
pixel,lower,0,ranked,real,Closest to 1,1,2026102302,40,39829,1.5456594337770468e-12,2.0,18,17140,197097.jpg,test_calibration,1.999999761581421
pixel,lower,0,ranked,real,Closest to 1,1,2026102302,40,39829,1.5456594337770468e-12,2.0,19,14430,191611.jpg,test_calibration,1.999999761581421
pixel,lower,0,ranked,real,Closest to 1,1,2026102302,40,39829,1.5456594337770468e-12,2.0,20,6630,176067.jpg,test_calibration,3.4201228515939874e-08
pixel,lower,0,ranked,real,Closest to 1,1,2026102302,40,39829,1.5456594337770468e-12,2.0,21,24965,172822.jpg,test_evaluation,2.8312996391832712e-09
pixel,lower,0,ranked,real,Closest to 1,1,2026102302,40,39829,1.5456594337770468e-12,2.0,22,21783,166543.jpg,test_evaluation,5.129851543550501e-10
pixel,lower,0,ranked,real,Closest to 1,1,2026102302,40,39829,1.5456594337770468e-12,2.0,23,38964,200855.jpg,test_evaluation,4.7624945653801376e-11
pixel,lower,0,ranked,real,Closest to 1,1,2026102302,40,39829,1.5456594337770468e-12,2.0,24,36706,196359.jpg,test_evaluation,1.5456594337770468e-12
pixel,lower,0,ranked,real,Closest to 1,1,2026102302,40,39829,1.5456594337770468e-12,2.0,25,6990,176759.jpg,test_calibration,2.0
pixel,lower,0,ranked,real,Closest to 1,1,2026102302,40,39829,1.5456594337770468e-12,2.0,26,3553,169900.jpg,test_calibration,2.0
pixel,lower,0,ranked,real,Closest to 1,1,2026102302,40,39829,1.5456594337770468e-12,2.0,27,24044,171058.jpg,test_evaluation,2.0
pixel,lower,0,ranked,real,Closest to 1,1,2026102302,40,39829,1.5456594337770468e-12,2.0,28,34749,192462.jpg,test_evaluation,2.0
pixel,lower,0,ranked,real,Closest to 1,1,2026102302,40,39829,1.5456594337770468e-12,2.0,29,8501,179769.jpg,test_calibration,2.0
pixel,lower,0,ranked,real,Closest to 1,1,2026102302,40,39829,1.5456594337770468e-12,2.0,30,5938,174719.jpg,test_calibration,2.0
pixel,lower,0,ranked,real,Closest to 1,1,2026102302,40,39829,1.5456594337770468e-12,2.0,31,24039,171047.jpg,test_evaluation,2.0
pixel,lower,0,ranked,real,Closest to 1,1,2026102302,40,39829,1.5456594337770468e-12,2.0,32,31549,186080.jpg,test_evaluation,2.0
pixel,lower,0,ranked,real,Closest to 1,1,2026102302,40,39829,1.5456594337770468e-12,2.0,33,39360,201667.jpg,test_evaluation,2.0
pixel,lower,0,ranked,real,Closest to 1,1,2026102302,40,39829,1.5456594337770468e-12,2.0,34,21474,165918.jpg,test_evaluation,2.0
pixel,lower,0,ranked,real,Closest to 1,1,2026102302,40,39829,1.5456594337770468e-12,2.0,35,14620,191992.jpg,test_calibration,2.0
pixel,lower,0,ranked,real,Closest to 1,1,2026102302,40,39829,1.5456594337770468e-12,2.0,36,24912,172724.jpg,test_evaluation,2.0
pixel,lower,0,ranked,real,Closest to 1,1,2026102302,40,39829,1.5456594337770468e-12,2.0,37,26911,176777.jpg,test_evaluation,2.0
pixel,lower,0,ranked,real,Closest to 1,1,2026102302,40,39829,1.5456594337770468e-12,2.0,38,39250,201428.jpg,test_evaluation,2.0
pixel,lower,0,ranked,real,Closest to 1,1,2026102302,40,39829,1.5456594337770468e-12,2.0,39,9870,182453.jpg,test_calibration,2.0
pixel,lower,0,ranked,real,Largest RDR,2,2026102303,40,39829,2.0,2.0,0,32354,187701.jpg,test_evaluation,2.0
pixel,lower,0,ranked,real,Largest RDR,2,2026102303,40,39829,2.0,2.0,1,32659,188322.jpg,test_evaluation,2.0
pixel,lower,0,ranked,real,Largest RDR,2,2026102303,40,39829,2.0,2.0,2,22777,168543.jpg,test_evaluation,2.0
pixel,lower,0,ranked,real,Largest RDR,2,2026102303,40,39829,2.0,2.0,3,25650,174213.jpg,test_evaluation,2.0
pixel,lower,0,ranked,real,Largest RDR,2,2026102303,40,39829,2.0,2.0,4,33967,190888.jpg,test_evaluation,2.0
pixel,lower,0,ranked,real,Largest RDR,2,2026102303,40,39829,2.0,2.0,5,9479,181690.jpg,test_calibration,2.0
pixel,lower,0,ranked,real,Largest RDR,2,2026102303,40,39829,2.0,2.0,6,26525,175974.jpg,test_evaluation,2.0
pixel,lower,0,ranked,real,Largest RDR,2,2026102303,40,39829,2.0,2.0,7,6908,176613.jpg,test_calibration,2.0
pixel,lower,0,ranked,real,Largest RDR,2,2026102303,40,39829,2.0,2.0,8,15826,194465.jpg,test_calibration,2.0
pixel,lower,0,ranked,real,Largest RDR,2,2026102303,40,39829,2.0,2.0,9,4037,170845.jpg,test_calibration,2.0
pixel,lower,0,ranked,real,Largest RDR,2,2026102303,40,39829,2.0,2.0,10,7811,178372.jpg,test_calibration,2.0
pixel,lower,0,ranked,real,Largest RDR,2,2026102303,40,39829,2.0,2.0,11,36942,196804.jpg,test_evaluation,2.0
pixel,lower,0,ranked,real,Largest RDR,2,2026102303,40,39829,2.0,2.0,12,16327,195455.jpg,test_calibration,2.0
pixel,lower,0,ranked,real,Largest RDR,2,2026102303,40,39829,2.0,2.0,13,8760,180280.jpg,test_calibration,2.0
pixel,lower,0,ranked,real,Largest RDR,2,2026102303,40,39829,2.0,2.0,14,19766,202290.jpg,test_calibration,2.0
pixel,lower,0,ranked,real,Largest RDR,2,2026102303,40,39829,2.0,2.0,15,28452,179883.jpg,test_evaluation,2.0
pixel,lower,0,ranked,real,Largest RDR,2,2026102303,40,39829,2.0,2.0,16,33160,189297.jpg,test_evaluation,2.0
pixel,lower,0,ranked,real,Largest RDR,2,2026102303,40,39829,2.0,2.0,17,22267,167524.jpg,test_evaluation,2.0
pixel,lower,0,ranked,real,Largest RDR,2,2026102303,40,39829,2.0,2.0,18,6619,176046.jpg,test_calibration,2.0
pixel,lower,0,ranked,real,Largest RDR,2,2026102303,40,39829,2.0,2.0,19,9645,182038.jpg,test_calibration,2.0
pixel,lower,0,ranked,real,Largest RDR,2,2026102303,40,39829,2.0,2.0,20,32369,187723.jpg,test_evaluation,2.0
pixel,lower,0,ranked,real,Largest RDR,2,2026102303,40,39829,2.0,2.0,21,17852,198447.jpg,test_calibration,2.0
pixel,lower,0,ranked,real,Largest RDR,2,2026102303,40,39829,2.0,2.0,22,11076,184885.jpg,test_calibration,2.0
pixel,lower,0,ranked,real,Largest RDR,2,2026102303,40,39829,2.0,2.0,23,38525,200006.jpg,test_evaluation,2.0
pixel,lower,0,ranked,real,Largest RDR,2,2026102303,40,39829,2.0,2.0,24,12268,187265.jpg,test_calibration,2.0
pixel,lower,0,ranked,real,Largest RDR,2,2026102303,40,39829,2.0,2.0,25,16153,195126.jpg,test_calibration,2.0
pixel,lower,0,ranked,real,Largest RDR,2,2026102303,40,39829,2.0,2.0,26,27396,177762.jpg,test_evaluation,2.0
pixel,lower,0,ranked,real,Largest RDR,2,2026102303,40,39829,2.0,2.0,27,36768,196476.jpg,test_evaluation,2.0
pixel,lower,0,ranked,real,Largest RDR,2,2026102303,40,39829,2.0,2.0,28,27329,177623.jpg,test_evaluation,2.0
pixel,lower,0,ranked,real,Largest RDR,2,2026102303,40,39829,2.0,2.0,29,23285,169503.jpg,test_evaluation,2.0
pixel,lower,0,ranked,real,Largest RDR,2,2026102303,40,39829,2.0,2.0,30,31021,185041.jpg,test_evaluation,2.0
pixel,lower,0,ranked,real,Largest RDR,2,2026102303,40,39829,2.0,2.0,31,20849,164642.jpg,test_evaluation,2.0
pixel,lower,0,ranked,real,Largest RDR,2,2026102303,40,39829,2.0,2.0,32,38670,200286.jpg,test_evaluation,2.0
pixel,lower,0,ranked,real,Largest RDR,2,2026102303,40,39829,2.0,2.0,33,26028,174955.jpg,test_evaluation,2.0
pixel,lower,0,ranked,real,Largest RDR,2,2026102303,40,39829,2.0,2.0,34,14474,191694.jpg,test_calibration,2.0
pixel,lower,0,ranked,real,Largest RDR,2,2026102303,40,39829,2.0,2.0,35,25510,173922.jpg,test_evaluation,2.0
pixel,lower,0,ranked,real,Largest RDR,2,2026102303,40,39829,2.0,2.0,36,28442,179854.jpg,test_evaluation,2.0
pixel,lower,0,ranked,real,Largest RDR,2,2026102303,40,39829,2.0,2.0,37,34415,191809.jpg,test_evaluation,2.0
pixel,lower,0,ranked,real,Largest RDR,2,2026102303,40,39829,2.0,2.0,38,16767,196314.jpg,test_calibration,2.0
pixel,lower,0,ranked,real,Largest RDR,2,2026102303,40,39829,2.0,2.0,39,36177,195264.jpg,test_evaluation,2.0
pixel,upper,0,ranked,real,Smallest RDR,0,2026103301,40,39829,0.0,6.700232813017237e-09,0,21938,166862.jpg,test_evaluation,0.0
pixel,upper,0,ranked,real,Smallest RDR,0,2026103301,40,39829,0.0,6.700232813017237e-09,1,16752,196292.jpg,test_calibration,0.0
pixel,upper,0,ranked,real,Smallest RDR,0,2026103301,40,39829,0.0,6.700232813017237e-09,2,38012,198989.jpg,test_evaluation,0.0
pixel,upper,0,ranked,real,Smallest RDR,0,2026103301,40,39829,0.0,6.700232813017237e-09,3,23084,169131.jpg,test_evaluation,1.202147888392824e-38
pixel,upper,0,ranked,real,Smallest RDR,0,2026103301,40,39829,0.0,6.700232813017237e-09,4,4422,171615.jpg,test_calibration,5.491777804271289e-38
pixel,upper,0,ranked,real,Smallest RDR,0,2026103301,40,39829,0.0,6.700232813017237e-09,5,30195,183379.jpg,test_evaluation,2.334407659320287e-35
pixel,upper,0,ranked,real,Smallest RDR,0,2026103301,40,39829,0.0,6.700232813017237e-09,6,23261,169454.jpg,test_evaluation,4.093748600883742e-27
pixel,upper,0,ranked,real,Smallest RDR,0,2026103301,40,39829,0.0,6.700232813017237e-09,7,10317,183376.jpg,test_calibration,8.349450499683753e-26
pixel,upper,0,ranked,real,Smallest RDR,0,2026103301,40,39829,0.0,6.700232813017237e-09,8,3967,170723.jpg,test_calibration,1.7773287644042935e-25
pixel,upper,0,ranked,real,Smallest RDR,0,2026103301,40,39829,0.0,6.700232813017237e-09,9,38407,199767.jpg,test_evaluation,4.3392173671591076e-24
pixel,upper,0,ranked,real,Smallest RDR,0,2026103301,40,39829,0.0,6.700232813017237e-09,10,9731,182201.jpg,test_calibration,2.893633939304401e-22
pixel,upper,0,ranked,real,Smallest RDR,0,2026103301,40,39829,0.0,6.700232813017237e-09,11,37571,198106.jpg,test_evaluation,3.6927497838577964e-22
pixel,upper,0,ranked,real,Smallest RDR,0,2026103301,40,39829,0.0,6.700232813017237e-09,12,27811,178612.jpg,test_evaluation,3.938521733907682e-22
pixel,upper,0,ranked,real,Smallest RDR,0,2026103301,40,39829,0.0,6.700232813017237e-09,13,28328,179621.jpg,test_evaluation,7.272375146858472e-22
pixel,upper,0,ranked,real,Smallest RDR,0,2026103301,40,39829,0.0,6.700232813017237e-09,14,20551,164054.jpg,test_evaluation,3.4989222923110225e-21
pixel,upper,0,ranked,real,Smallest RDR,0,2026103301,40,39829,0.0,6.700232813017237e-09,15,1631,166020.jpg,test_calibration,5.466015950098942e-20
pixel,upper,0,ranked,real,Smallest RDR,0,2026103301,40,39829,0.0,6.700232813017237e-09,16,7393,177547.jpg,test_calibration,1.6503500453700267e-19
pixel,upper,0,ranked,real,Smallest RDR,0,2026103301,40,39829,0.0,6.700232813017237e-09,17,24501,171971.jpg,test_evaluation,4.389758071915186e-19
pixel,upper,0,ranked,real,Smallest RDR,0,2026103301,40,39829,0.0,6.700232813017237e-09,18,35796,194509.jpg,test_evaluation,5.939674199603891e-18
pixel,upper,0,ranked,real,Smallest RDR,0,2026103301,40,39829,0.0,6.700232813017237e-09,19,39682,202345.jpg,test_evaluation,6.8511172196158576e-18
pixel,upper,0,ranked,real,Smallest RDR,0,2026103301,40,39829,0.0,6.700232813017237e-09,20,22261,167512.jpg,test_evaluation,1.506375801106236e-17
pixel,upper,0,ranked,real,Smallest RDR,0,2026103301,40,39829,0.0,6.700232813017237e-09,21,1814,166383.jpg,test_calibration,5.645260849979628e-17
pixel,upper,0,ranked,real,Smallest RDR,0,2026103301,40,39829,0.0,6.700232813017237e-09,22,21679,166342.jpg,test_evaluation,4.694000366216788e-15
pixel,upper,0,ranked,real,Smallest RDR,0,2026103301,40,39829,0.0,6.700232813017237e-09,23,6405,175620.jpg,test_calibration,8.655450217231325e-15
pixel,upper,0,ranked,real,Smallest RDR,0,2026103301,40,39829,0.0,6.700232813017237e-09,24,38645,200245.jpg,test_evaluation,5.915570361033143e-14
pixel,upper,0,ranked,real,Smallest RDR,0,2026103301,40,39829,0.0,6.700232813017237e-09,25,32830,188663.jpg,test_evaluation,1.1099948678304841e-13
pixel,upper,0,ranked,real,Smallest RDR,0,2026103301,40,39829,0.0,6.700232813017237e-09,26,24434,171835.jpg,test_evaluation,3.92553556934766e-13
pixel,upper,0,ranked,real,Smallest RDR,0,2026103301,40,39829,0.0,6.700232813017237e-09,27,28673,180322.jpg,test_evaluation,9.790127692907435e-13
pixel,upper,0,ranked,real,Smallest RDR,0,2026103301,40,39829,0.0,6.700232813017237e-09,28,9088,180921.jpg,test_calibration,1.153253165707413e-12
pixel,upper,0,ranked,real,Smallest RDR,0,2026103301,40,39829,0.0,6.700232813017237e-09,29,28838,180658.jpg,test_evaluation,1.420217676101343e-12
pixel,upper,0,ranked,real,Smallest RDR,0,2026103301,40,39829,0.0,6.700232813017237e-09,30,15899,194610.jpg,test_calibration,1.5048689291224937e-12
pixel,upper,0,ranked,real,Smallest RDR,0,2026103301,40,39829,0.0,6.700232813017237e-09,31,20152,163263.jpg,test_evaluation,1.5952077983202861e-12
pixel,upper,0,ranked,real,Smallest RDR,0,2026103301,40,39829,0.0,6.700232813017237e-09,32,100,162959.jpg,test_calibration,1.7736569157822402e-11
pixel,upper,0,ranked,real,Smallest RDR,0,2026103301,40,39829,0.0,6.700232813017237e-09,33,18425,199603.jpg,test_calibration,2.796017237183257e-11
pixel,upper,0,ranked,real,Smallest RDR,0,2026103301,40,39829,0.0,6.700232813017237e-09,34,19600,201970.jpg,test_calibration,1.5214163262555758e-10
pixel,upper,0,ranked,real,Smallest RDR,0,2026103301,40,39829,0.0,6.700232813017237e-09,35,32288,187576.jpg,test_evaluation,2.582774272230637e-10
pixel,upper,0,ranked,real,Smallest RDR,0,2026103301,40,39829,0.0,6.700232813017237e-09,36,34000,190945.jpg,test_evaluation,2.7723767725973403e-10
pixel,upper,0,ranked,real,Smallest RDR,0,2026103301,40,39829,0.0,6.700232813017237e-09,37,39539,202035.jpg,test_evaluation,5.13751818864705e-10
pixel,upper,0,ranked,real,Smallest RDR,0,2026103301,40,39829,0.0,6.700232813017237e-09,38,14783,192333.jpg,test_calibration,2.001830257114534e-09
pixel,upper,0,ranked,real,Smallest RDR,0,2026103301,40,39829,0.0,6.700232813017237e-09,39,13305,189357.jpg,test_calibration,6.700232813017237e-09
pixel,upper,0,ranked,real,Closest to 1,1,2026103302,40,39829,0.001224761363118887,1.9989465475082397,0,28998,180977.jpg,test_evaluation,1.118920087814331
pixel,upper,0,ranked,real,Closest to 1,1,2026103302,40,39829,0.001224761363118887,1.9989465475082397,1,8752,180267.jpg,test_calibration,0.8592867255210876
pixel,upper,0,ranked,real,Closest to 1,1,2026103302,40,39829,0.001224761363118887,1.9989465475082397,2,18090,198945.jpg,test_calibration,1.2198996543884277
pixel,upper,0,ranked,real,Closest to 1,1,2026103302,40,39829,0.001224761363118887,1.9989465475082397,3,11461,185657.jpg,test_calibration,0.7469055652618408
pixel,upper,0,ranked,real,Closest to 1,1,2026103302,40,39829,0.001224761363118887,1.9989465475082397,4,37814,198603.jpg,test_evaluation,0.6654152870178223
pixel,upper,0,ranked,real,Closest to 1,1,2026103302,40,39829,0.001224761363118887,1.9989465475082397,5,26303,175537.jpg,test_evaluation,0.6108878254890442
pixel,upper,0,ranked,real,Closest to 1,1,2026103302,40,39829,0.001224761363118887,1.9989465475082397,6,32452,187920.jpg,test_evaluation,0.5339974164962769
pixel,upper,0,ranked,real,Closest to 1,1,2026103302,40,39829,0.001224761363118887,1.9989465475082397,7,21165,165298.jpg,test_evaluation,0.4106670022010803
pixel,upper,0,ranked,real,Closest to 1,1,2026103302,40,39829,0.001224761363118887,1.9989465475082397,8,16459,195703.jpg,test_calibration,0.3790893852710724
pixel,upper,0,ranked,real,Closest to 1,1,2026103302,40,39829,0.001224761363118887,1.9989465475082397,9,21982,166949.jpg,test_evaluation,0.3691171407699585
pixel,upper,0,ranked,real,Closest to 1,1,2026103302,40,39829,0.001224761363118887,1.9989465475082397,10,4052,170883.jpg,test_calibration,1.647898554801941
pixel,upper,0,ranked,real,Closest to 1,1,2026103302,40,39829,0.001224761363118887,1.9989465475082397,11,22657,168287.jpg,test_evaluation,1.6652121543884277
pixel,upper,0,ranked,real,Closest to 1,1,2026103302,40,39829,0.001224761363118887,1.9989465475082397,12,233,163242.jpg,test_calibration,1.7136160135269165
pixel,upper,0,ranked,real,Closest to 1,1,2026103302,40,39829,0.001224761363118887,1.9989465475082397,13,4558,171884.jpg,test_calibration,1.7165849208831787
pixel,upper,0,ranked,real,Closest to 1,1,2026103302,40,39829,0.001224761363118887,1.9989465475082397,14,30690,184386.jpg,test_evaluation,1.722823977470398
pixel,upper,0,ranked,real,Closest to 1,1,2026103302,40,39829,0.001224761363118887,1.9989465475082397,15,9230,181210.jpg,test_calibration,1.7353081703186035
pixel,upper,0,ranked,real,Closest to 1,1,2026103302,40,39829,0.001224761363118887,1.9989465475082397,16,29002,180988.jpg,test_evaluation,0.2629454433917999
pixel,upper,0,ranked,real,Closest to 1,1,2026103302,40,39829,0.001224761363118887,1.9989465475082397,17,584,163937.jpg,test_calibration,0.2056501805782318
pixel,upper,0,ranked,real,Closest to 1,1,2026103302,40,39829,0.001224761363118887,1.9989465475082397,18,24220,171399.jpg,test_evaluation,0.1980736255645752
pixel,upper,0,ranked,real,Closest to 1,1,2026103302,40,39829,0.001224761363118887,1.9989465475082397,19,59,162877.jpg,test_calibration,0.15034213662147522
pixel,upper,0,ranked,real,Closest to 1,1,2026103302,40,39829,0.001224761363118887,1.9989465475082397,20,38955,200835.jpg,test_evaluation,0.07624194025993347
pixel,upper,0,ranked,real,Closest to 1,1,2026103302,40,39829,0.001224761363118887,1.9989465475082397,21,8031,178807.jpg,test_calibration,1.941188931465149
pixel,upper,0,ranked,real,Closest to 1,1,2026103302,40,39829,0.001224761363118887,1.9989465475082397,22,19446,201678.jpg,test_calibration,1.9423309564590454
pixel,upper,0,ranked,real,Closest to 1,1,2026103302,40,39829,0.001224761363118887,1.9989465475082397,23,15262,193359.jpg,test_calibration,0.03908912092447281
pixel,upper,0,ranked,real,Closest to 1,1,2026103302,40,39829,0.001224761363118887,1.9989465475082397,24,31792,186590.jpg,test_evaluation,1.962526798248291
pixel,upper,0,ranked,real,Closest to 1,1,2026103302,40,39829,0.001224761363118887,1.9989465475082397,25,38347,199665.jpg,test_evaluation,0.03324459120631218
pixel,upper,0,ranked,real,Closest to 1,1,2026103302,40,39829,0.001224761363118887,1.9989465475082397,26,17743,198247.jpg,test_calibration,1.9890564680099487
pixel,upper,0,ranked,real,Closest to 1,1,2026103302,40,39829,0.001224761363118887,1.9989465475082397,27,4768,172376.jpg,test_calibration,0.007846061140298843
pixel,upper,0,ranked,real,Closest to 1,1,2026103302,40,39829,0.001224761363118887,1.9989465475082397,28,488,163743.jpg,test_calibration,1.9926878213882446
pixel,upper,0,ranked,real,Closest to 1,1,2026103302,40,39829,0.001224761363118887,1.9989465475082397,29,4993,172826.jpg,test_calibration,1.9949254989624023
pixel,upper,0,ranked,real,Closest to 1,1,2026103302,40,39829,0.001224761363118887,1.9989465475082397,30,26394,175705.jpg,test_evaluation,0.004800021648406982
pixel,upper,0,ranked,real,Closest to 1,1,2026103302,40,39829,0.001224761363118887,1.9989465475082397,31,5848,174526.jpg,test_calibration,1.99590265750885
pixel,upper,0,ranked,real,Closest to 1,1,2026103302,40,39829,0.001224761363118887,1.9989465475082397,32,5322,173496.jpg,test_calibration,1.996315836906433
pixel,upper,0,ranked,real,Closest to 1,1,2026103302,40,39829,0.001224761363118887,1.9989465475082397,33,21661,166306.jpg,test_evaluation,1.9969902038574219
pixel,upper,0,ranked,real,Closest to 1,1,2026103302,40,39829,0.001224761363118887,1.9989465475082397,34,22807,168603.jpg,test_evaluation,0.001695461804047227
pixel,upper,0,ranked,real,Closest to 1,1,2026103302,40,39829,0.001224761363118887,1.9989465475082397,35,6359,175521.jpg,test_calibration,0.001656306441873312
pixel,upper,0,ranked,real,Closest to 1,1,2026103302,40,39829,0.001224761363118887,1.9989465475082397,36,23112,169176.jpg,test_evaluation,1.9984636306762695
pixel,upper,0,ranked,real,Closest to 1,1,2026103302,40,39829,0.001224761363118887,1.9989465475082397,37,20707,164357.jpg,test_evaluation,0.001224761363118887
pixel,upper,0,ranked,real,Closest to 1,1,2026103302,40,39829,0.001224761363118887,1.9989465475082397,38,35008,192958.jpg,test_evaluation,1.9988532066345215
pixel,upper,0,ranked,real,Closest to 1,1,2026103302,40,39829,0.001224761363118887,1.9989465475082397,39,20345,163655.jpg,test_evaluation,1.9989465475082397
pixel,upper,0,ranked,real,Largest RDR,2,2026103303,40,39829,2.0,2.0,0,15096,192983.jpg,test_calibration,2.0
pixel,upper,0,ranked,real,Largest RDR,2,2026103303,40,39829,2.0,2.0,1,30546,184097.jpg,test_evaluation,2.0
pixel,upper,0,ranked,real,Largest RDR,2,2026103303,40,39829,2.0,2.0,2,12575,187871.jpg,test_calibration,2.0
pixel,upper,0,ranked,real,Largest RDR,2,2026103303,40,39829,2.0,2.0,3,10137,183008.jpg,test_calibration,2.0
pixel,upper,0,ranked,real,Largest RDR,2,2026103303,40,39829,2.0,2.0,4,34117,191191.jpg,test_evaluation,2.0
pixel,upper,0,ranked,real,Largest RDR,2,2026103303,40,39829,2.0,2.0,5,4150,171060.jpg,test_calibration,2.0
pixel,upper,0,ranked,real,Largest RDR,2,2026103303,40,39829,2.0,2.0,6,19527,201830.jpg,test_calibration,2.0
pixel,upper,0,ranked,real,Largest RDR,2,2026103303,40,39829,2.0,2.0,7,20684,164292.jpg,test_evaluation,2.0
pixel,upper,0,ranked,real,Largest RDR,2,2026103303,40,39829,2.0,2.0,8,31897,186785.jpg,test_evaluation,2.0
pixel,upper,0,ranked,real,Largest RDR,2,2026103303,40,39829,2.0,2.0,9,4391,171550.jpg,test_calibration,2.0
pixel,upper,0,ranked,real,Largest RDR,2,2026103303,40,39829,2.0,2.0,10,5605,174031.jpg,test_calibration,2.0
pixel,upper,0,ranked,real,Largest RDR,2,2026103303,40,39829,2.0,2.0,11,34457,191884.jpg,test_evaluation,2.0
pixel,upper,0,ranked,real,Largest RDR,2,2026103303,40,39829,2.0,2.0,12,31683,186362.jpg,test_evaluation,2.0
pixel,upper,0,ranked,real,Largest RDR,2,2026103303,40,39829,2.0,2.0,13,9303,181334.jpg,test_calibration,2.0
pixel,upper,0,ranked,real,Largest RDR,2,2026103303,40,39829,2.0,2.0,14,15498,193846.jpg,test_calibration,2.0
pixel,upper,0,ranked,real,Largest RDR,2,2026103303,40,39829,2.0,2.0,15,29047,181074.jpg,test_evaluation,2.0
pixel,upper,0,ranked,real,Largest RDR,2,2026103303,40,39829,2.0,2.0,16,18994,200781.jpg,test_calibration,2.0
pixel,upper,0,ranked,real,Largest RDR,2,2026103303,40,39829,2.0,2.0,17,36968,196864.jpg,test_evaluation,2.0
pixel,upper,0,ranked,real,Largest RDR,2,2026103303,40,39829,2.0,2.0,18,21644,166269.jpg,test_evaluation,2.0
pixel,upper,0,ranked,real,Largest RDR,2,2026103303,40,39829,2.0,2.0,19,8544,179849.jpg,test_calibration,2.0
pixel,upper,0,ranked,real,Largest RDR,2,2026103303,40,39829,2.0,2.0,20,2880,168502.jpg,test_calibration,2.0
pixel,upper,0,ranked,real,Largest RDR,2,2026103303,40,39829,2.0,2.0,21,31987,186967.jpg,test_evaluation,2.0
pixel,upper,0,ranked,real,Largest RDR,2,2026103303,40,39829,2.0,2.0,22,6538,175895.jpg,test_calibration,2.0
pixel,upper,0,ranked,real,Largest RDR,2,2026103303,40,39829,2.0,2.0,23,29998,182993.jpg,test_evaluation,2.0
pixel,upper,0,ranked,real,Largest RDR,2,2026103303,40,39829,2.0,2.0,24,19894,202575.jpg,test_calibration,2.0
pixel,upper,0,ranked,real,Largest RDR,2,2026103303,40,39829,2.0,2.0,25,32565,188132.jpg,test_evaluation,2.0
pixel,upper,0,ranked,real,Largest RDR,2,2026103303,40,39829,2.0,2.0,26,11177,185093.jpg,test_calibration,2.0
pixel,upper,0,ranked,real,Largest RDR,2,2026103303,40,39829,2.0,2.0,27,5025,172887.jpg,test_calibration,2.0
pixel,upper,0,ranked,real,Largest RDR,2,2026103303,40,39829,2.0,2.0,28,25510,173922.jpg,test_evaluation,2.0
pixel,upper,0,ranked,real,Largest RDR,2,2026103303,40,39829,2.0,2.0,29,28169,179318.jpg,test_evaluation,2.0
pixel,upper,0,ranked,real,Largest RDR,2,2026103303,40,39829,2.0,2.0,30,8859,180467.jpg,test_calibration,2.0
pixel,upper,0,ranked,real,Largest RDR,2,2026103303,40,39829,2.0,2.0,31,20942,164835.jpg,test_evaluation,2.0
pixel,upper,0,ranked,real,Largest RDR,2,2026103303,40,39829,2.0,2.0,32,15719,194267.jpg,test_calibration,2.0
pixel,upper,0,ranked,real,Largest RDR,2,2026103303,40,39829,2.0,2.0,33,8156,179049.jpg,test_calibration,2.0
pixel,upper,0,ranked,real,Largest RDR,2,2026103303,40,39829,2.0,2.0,34,35625,194170.jpg,test_evaluation,2.0
pixel,upper,0,ranked,real,Largest RDR,2,2026103303,40,39829,2.0,2.0,35,10592,183909.jpg,test_calibration,2.0
pixel,upper,0,ranked,real,Largest RDR,2,2026103303,40,39829,2.0,2.0,36,16161,195139.jpg,test_calibration,2.0
pixel,upper,0,ranked,real,Largest RDR,2,2026103303,40,39829,2.0,2.0,37,1033,164848.jpg,test_calibration,2.0
pixel,upper,0,ranked,real,Largest RDR,2,2026103303,40,39829,2.0,2.0,38,27718,178430.jpg,test_evaluation,2.0
pixel,upper,0,ranked,real,Largest RDR,2,2026103303,40,39829,2.0,2.0,39,17459,197737.jpg,test_calibration,2.0
pixel,upper,0,ranked,upper,Smallest RDR,0,2026103318,40,40000,0.0,0.0,0,13153,stylegan2_upper_extra_final_seed_023006466,test_calibration,0.0
pixel,upper,0,ranked,upper,Smallest RDR,0,2026103318,40,40000,0.0,0.0,1,5393,stylegan2_upper:psi_1p569:seed_004150790,test_calibration,0.0
pixel,upper,0,ranked,upper,Smallest RDR,0,2026103318,40,40000,0.0,0.0,2,20329,stylegan2_upper:psi_1p569:seed_004120663,test_evaluation,0.0
pixel,upper,0,ranked,upper,Smallest RDR,0,2026103318,40,40000,0.0,0.0,3,4505,stylegan2_upper:psi_1p569:seed_004128993,test_calibration,0.0
pixel,upper,0,ranked,upper,Smallest RDR,0,2026103318,40,40000,0.0,0.0,4,11967,stylegan2_upper_extra_final_seed_023004072,test_calibration,0.0
pixel,upper,0,ranked,upper,Smallest RDR,0,2026103318,40,40000,0.0,0.0,5,30166,stylegan2_upper_extra_final_seed_023000212,test_evaluation,0.0
pixel,upper,0,ranked,upper,Smallest RDR,0,2026103318,40,40000,0.0,0.0,6,35491,stylegan2_upper_extra_final_seed_023010900,test_evaluation,0.0
pixel,upper,0,ranked,upper,Smallest RDR,0,2026103318,40,40000,0.0,0.0,7,15870,stylegan2_upper_extra_final_seed_023011763,test_calibration,0.0
pixel,upper,0,ranked,upper,Smallest RDR,0,2026103318,40,40000,0.0,0.0,8,2440,stylegan2_upper:psi_1p569:seed_004124930,test_calibration,0.0
pixel,upper,0,ranked,upper,Smallest RDR,0,2026103318,40,40000,0.0,0.0,9,25140,stylegan2_upper:psi_1p569:seed_004150264,test_evaluation,0.0
pixel,upper,0,ranked,upper,Smallest RDR,0,2026103318,40,40000,0.0,0.0,10,5650,stylegan2_upper:psi_1p569:seed_004151318,test_calibration,0.0
pixel,upper,0,ranked,upper,Smallest RDR,0,2026103318,40,40000,0.0,0.0,11,11466,stylegan2_upper_extra_final_seed_023003063,test_calibration,0.0
pixel,upper,0,ranked,upper,Smallest RDR,0,2026103318,40,40000,0.0,0.0,12,7225,stylegan2_upper:psi_1p569:seed_004154523,test_calibration,0.0
pixel,upper,0,ranked,upper,Smallest RDR,0,2026103318,40,40000,0.0,0.0,13,22614,stylegan2_upper:psi_1p569:seed_004125170,test_evaluation,0.0
pixel,upper,0,ranked,upper,Smallest RDR,0,2026103318,40,40000,0.0,0.0,14,365,stylegan2_upper:psi_1p569:seed_004120719,test_calibration,0.0
pixel,upper,0,ranked,upper,Smallest RDR,0,2026103318,40,40000,0.0,0.0,15,2243,stylegan2_upper:psi_1p569:seed_004124513,test_calibration,0.0
pixel,upper,0,ranked,upper,Smallest RDR,0,2026103318,40,40000,0.0,0.0,16,19066,stylegan2_upper_extra_final_seed_023018228,test_calibration,0.0
pixel,upper,0,ranked,upper,Smallest RDR,0,2026103318,40,40000,0.0,0.0,17,12651,stylegan2_upper_extra_final_seed_023005446,test_calibration,0.0
pixel,upper,0,ranked,upper,Smallest RDR,0,2026103318,40,40000,0.0,0.0,18,4825,stylegan2_upper:psi_1p569:seed_004129618,test_calibration,0.0
pixel,upper,0,ranked,upper,Smallest RDR,0,2026103318,40,40000,0.0,0.0,19,9077,stylegan2_upper:psi_1p569:seed_004158227,test_calibration,0.0
pixel,upper,0,ranked,upper,Smallest RDR,0,2026103318,40,40000,0.0,0.0,20,30093,stylegan2_upper_extra_final_seed_023000074,test_evaluation,0.0
pixel,upper,0,ranked,upper,Smallest RDR,0,2026103318,40,40000,0.0,0.0,21,25444,stylegan2_upper:psi_1p569:seed_004150894,test_evaluation,0.0
pixel,upper,0,ranked,upper,Smallest RDR,0,2026103318,40,40000,0.0,0.0,22,18403,stylegan2_upper_extra_final_seed_023016801,test_calibration,0.0
pixel,upper,0,ranked,upper,Smallest RDR,0,2026103318,40,40000,0.0,0.0,23,2004,stylegan2_upper:psi_1p569:seed_004124025,test_calibration,0.0
pixel,upper,0,ranked,upper,Smallest RDR,0,2026103318,40,40000,0.0,0.0,24,37126,stylegan2_upper_extra_final_seed_023014256,test_evaluation,0.0
pixel,upper,0,ranked,upper,Smallest RDR,0,2026103318,40,40000,0.0,0.0,25,10729,stylegan2_upper_extra_final_seed_023001565,test_calibration,0.0
pixel,upper,0,ranked,upper,Smallest RDR,0,2026103318,40,40000,0.0,0.0,26,7223,stylegan2_upper:psi_1p569:seed_004154519,test_calibration,0.0
pixel,upper,0,ranked,upper,Smallest RDR,0,2026103318,40,40000,0.0,0.0,27,15225,stylegan2_upper_extra_final_seed_023010533,test_calibration,0.0
pixel,upper,0,ranked,upper,Smallest RDR,0,2026103318,40,40000,0.0,0.0,28,32793,stylegan2_upper_extra_final_seed_023005444,test_evaluation,0.0
pixel,upper,0,ranked,upper,Smallest RDR,0,2026103318,40,40000,0.0,0.0,29,31696,stylegan2_upper_extra_final_seed_023003270,test_evaluation,0.0
pixel,upper,0,ranked,upper,Smallest RDR,0,2026103318,40,40000,0.0,0.0,30,25136,stylegan2_upper:psi_1p569:seed_004150259,test_evaluation,0.0
pixel,upper,0,ranked,upper,Smallest RDR,0,2026103318,40,40000,0.0,0.0,31,30741,stylegan2_upper_extra_final_seed_023001367,test_evaluation,0.0
pixel,upper,0,ranked,upper,Smallest RDR,0,2026103318,40,40000,0.0,0.0,32,22890,stylegan2_upper:psi_1p569:seed_004125688,test_evaluation,0.0
pixel,upper,0,ranked,upper,Smallest RDR,0,2026103318,40,40000,0.0,0.0,33,5204,stylegan2_upper:psi_1p569:seed_004150427,test_calibration,0.0
pixel,upper,0,ranked,upper,Smallest RDR,0,2026103318,40,40000,0.0,0.0,34,24151,stylegan2_upper:psi_1p569:seed_004128252,test_evaluation,0.0
pixel,upper,0,ranked,upper,Smallest RDR,0,2026103318,40,40000,0.0,0.0,35,8174,stylegan2_upper:psi_1p569:seed_004156455,test_calibration,0.0
pixel,upper,0,ranked,upper,Smallest RDR,0,2026103318,40,40000,0.0,0.0,36,27729,stylegan2_upper:psi_1p569:seed_004155390,test_evaluation,0.0
pixel,upper,0,ranked,upper,Smallest RDR,0,2026103318,40,40000,0.0,0.0,37,5128,stylegan2_upper:psi_1p569:seed_004150273,test_calibration,0.0
pixel,upper,0,ranked,upper,Smallest RDR,0,2026103318,40,40000,0.0,0.0,38,10616,stylegan2_upper_extra_final_seed_023001349,test_calibration,0.0
pixel,upper,0,ranked,upper,Smallest RDR,0,2026103318,40,40000,0.0,0.0,39,6743,stylegan2_upper:psi_1p569:seed_004153575,test_calibration,0.0
pixel,upper,0,ranked,upper,Closest to 1,1,2026103319,40,40000,0.0020617367699742317,1.9980478286743164,0,14416,stylegan2_upper_extra_final_seed_023008954,test_calibration,1.1099663972854614
pixel,upper,0,ranked,upper,Closest to 1,1,2026103319,40,40000,0.0020617367699742317,1.9980478286743164,1,14997,stylegan2_upper_extra_final_seed_023010104,test_calibration,0.7970864772796631
pixel,upper,0,ranked,upper,Closest to 1,1,2026103319,40,40000,0.0020617367699742317,1.9980478286743164,2,23523,stylegan2_upper:psi_1p569:seed_004126946,test_evaluation,0.7505208849906921
pixel,upper,0,ranked,upper,Closest to 1,1,2026103319,40,40000,0.0020617367699742317,1.9980478286743164,3,6258,stylegan2_upper:psi_1p569:seed_004152594,test_calibration,1.2704116106033325
pixel,upper,0,ranked,upper,Closest to 1,1,2026103319,40,40000,0.0020617367699742317,1.9980478286743164,4,11778,stylegan2_upper_extra_final_seed_023003713,test_calibration,1.4290748834609985
pixel,upper,0,ranked,upper,Closest to 1,1,2026103319,40,40000,0.0020617367699742317,1.9980478286743164,5,25963,stylegan2_upper:psi_1p569:seed_004151890,test_evaluation,1.4687016010284424
pixel,upper,0,ranked,upper,Closest to 1,1,2026103319,40,40000,0.0020617367699742317,1.9980478286743164,6,3121,stylegan2_upper:psi_1p569:seed_004126370,test_calibration,0.5075311660766602
pixel,upper,0,ranked,upper,Closest to 1,1,2026103319,40,40000,0.0020617367699742317,1.9980478286743164,7,6895,stylegan2_upper:psi_1p569:seed_004153898,test_calibration,1.6977894306182861
pixel,upper,0,ranked,upper,Closest to 1,1,2026103319,40,40000,0.0020617367699742317,1.9980478286743164,8,15339,stylegan2_upper_extra_final_seed_023010766,test_calibration,1.7084659337997437
pixel,upper,0,ranked,upper,Closest to 1,1,2026103319,40,40000,0.0020617367699742317,1.9980478286743164,9,14852,stylegan2_upper_extra_final_seed_023009833,test_calibration,0.2913666367530823
pixel,upper,0,ranked,upper,Closest to 1,1,2026103319,40,40000,0.0020617367699742317,1.9980478286743164,10,36216,stylegan2_upper_extra_final_seed_023012456,test_evaluation,0.2712230384349823
pixel,upper,0,ranked,upper,Closest to 1,1,2026103319,40,40000,0.0020617367699742317,1.9980478286743164,11,32839,stylegan2_upper_extra_final_seed_023005531,test_evaluation,0.24419903755187988
pixel,upper,0,ranked,upper,Closest to 1,1,2026103319,40,40000,0.0020617367699742317,1.9980478286743164,12,20670,stylegan2_upper:psi_1p569:seed_004121386,test_evaluation,1.8087323904037476
pixel,upper,0,ranked,upper,Closest to 1,1,2026103319,40,40000,0.0020617367699742317,1.9980478286743164,13,18189,stylegan2_upper_extra_final_seed_023016342,test_calibration,0.15128348767757416
pixel,upper,0,ranked,upper,Closest to 1,1,2026103319,40,40000,0.0020617367699742317,1.9980478286743164,14,33297,stylegan2_upper_extra_final_seed_023006440,test_evaluation,0.12377353757619858
pixel,upper,0,ranked,upper,Closest to 1,1,2026103319,40,40000,0.0020617367699742317,1.9980478286743164,15,8663,stylegan2_upper:psi_1p569:seed_004157418,test_calibration,0.09198123961687088
pixel,upper,0,ranked,upper,Closest to 1,1,2026103319,40,40000,0.0020617367699742317,1.9980478286743164,16,1864,stylegan2_upper:psi_1p569:seed_004123722,test_calibration,0.08655588328838348
pixel,upper,0,ranked,upper,Closest to 1,1,2026103319,40,40000,0.0020617367699742317,1.9980478286743164,17,27238,stylegan2_upper:psi_1p569:seed_004154379,test_evaluation,0.07421372830867767
pixel,upper,0,ranked,upper,Closest to 1,1,2026103319,40,40000,0.0020617367699742317,1.9980478286743164,18,24703,stylegan2_upper:psi_1p569:seed_004129446,test_evaluation,1.9335671663284302
pixel,upper,0,ranked,upper,Closest to 1,1,2026103319,40,40000,0.0020617367699742317,1.9980478286743164,19,38001,stylegan2_upper_extra_final_seed_023016033,test_evaluation,0.064197838306427
pixel,upper,0,ranked,upper,Closest to 1,1,2026103319,40,40000,0.0020617367699742317,1.9980478286743164,20,2824,stylegan2_upper:psi_1p569:seed_004125747,test_calibration,0.05515938997268677
pixel,upper,0,ranked,upper,Closest to 1,1,2026103319,40,40000,0.0020617367699742317,1.9980478286743164,21,16624,stylegan2_upper_extra_final_seed_023013237,test_calibration,1.9529491662979126
pixel,upper,0,ranked,upper,Closest to 1,1,2026103319,40,40000,0.0020617367699742317,1.9980478286743164,22,34309,stylegan2_upper_extra_final_seed_023008523,test_evaluation,0.04584117233753204
pixel,upper,0,ranked,upper,Closest to 1,1,2026103319,40,40000,0.0020617367699742317,1.9980478286743164,23,20194,stylegan2_upper:psi_1p569:seed_004120404,test_evaluation,1.9604967832565308
pixel,upper,0,ranked,upper,Closest to 1,1,2026103319,40,40000,0.0020617367699742317,1.9980478286743164,24,38534,stylegan2_upper_extra_final_seed_023017049,test_evaluation,0.03790121152997017
pixel,upper,0,ranked,upper,Closest to 1,1,2026103319,40,40000,0.0020617367699742317,1.9980478286743164,25,9386,stylegan2_upper:psi_1p569:seed_004158882,test_calibration,0.03271925821900368
pixel,upper,0,ranked,upper,Closest to 1,1,2026103319,40,40000,0.0020617367699742317,1.9980478286743164,26,32626,stylegan2_upper_extra_final_seed_023005119,test_evaluation,1.9783211946487427
pixel,upper,0,ranked,upper,Closest to 1,1,2026103319,40,40000,0.0020617367699742317,1.9980478286743164,27,32643,stylegan2_upper_extra_final_seed_023005151,test_evaluation,0.015034873969852924
pixel,upper,0,ranked,upper,Closest to 1,1,2026103319,40,40000,0.0020617367699742317,1.9980478286743164,28,2006,stylegan2_upper:psi_1p569:seed_004124029,test_calibration,0.01188808772712946
pixel,upper,0,ranked,upper,Closest to 1,1,2026103319,40,40000,0.0020617367699742317,1.9980478286743164,29,11357,stylegan2_upper_extra_final_seed_023002879,test_calibration,0.005974955856800079
pixel,upper,0,ranked,upper,Closest to 1,1,2026103319,40,40000,0.0020617367699742317,1.9980478286743164,30,38696,stylegan2_upper_extra_final_seed_023017334,test_evaluation,0.005025526974350214
pixel,upper,0,ranked,upper,Closest to 1,1,2026103319,40,40000,0.0020617367699742317,1.9980478286743164,31,34447,stylegan2_upper_extra_final_seed_023008774,test_evaluation,1.99562668800354
pixel,upper,0,ranked,upper,Closest to 1,1,2026103319,40,40000,0.0020617367699742317,1.9980478286743164,32,18887,stylegan2_upper_extra_final_seed_023017863,test_calibration,1.9958945512771606
pixel,upper,0,ranked,upper,Closest to 1,1,2026103319,40,40000,0.0020617367699742317,1.9980478286743164,33,19820,stylegan2_upper_extra_final_seed_023019648,test_calibration,1.9964120388031006
pixel,upper,0,ranked,upper,Closest to 1,1,2026103319,40,40000,0.0020617367699742317,1.9980478286743164,34,34080,stylegan2_upper_extra_final_seed_023008065,test_evaluation,0.003150611650198698
pixel,upper,0,ranked,upper,Closest to 1,1,2026103319,40,40000,0.0020617367699742317,1.9980478286743164,35,14044,stylegan2_upper_extra_final_seed_023008183,test_calibration,0.003063823329284787
pixel,upper,0,ranked,upper,Closest to 1,1,2026103319,40,40000,0.0020617367699742317,1.9980478286743164,36,18986,stylegan2_upper_extra_final_seed_023018083,test_calibration,1.997031331062317
pixel,upper,0,ranked,upper,Closest to 1,1,2026103319,40,40000,0.0020617367699742317,1.9980478286743164,37,26766,stylegan2_upper:psi_1p569:seed_004153442,test_evaluation,0.002068165922537446
pixel,upper,0,ranked,upper,Closest to 1,1,2026103319,40,40000,0.0020617367699742317,1.9980478286743164,38,19745,stylegan2_upper_extra_final_seed_023019517,test_calibration,0.0020617367699742317
pixel,upper,0,ranked,upper,Closest to 1,1,2026103319,40,40000,0.0020617367699742317,1.9980478286743164,39,33264,stylegan2_upper_extra_final_seed_023006370,test_evaluation,1.9980478286743164
pixel,upper,0,ranked,upper,Largest RDR,2,2026103320,40,40000,2.0,2.0,0,35584,stylegan2_upper_extra_final_seed_023011090,test_evaluation,2.0
pixel,upper,0,ranked,upper,Largest RDR,2,2026103320,40,40000,2.0,2.0,1,12831,stylegan2_upper_extra_final_seed_023005816,test_calibration,2.0
pixel,upper,0,ranked,upper,Largest RDR,2,2026103320,40,40000,2.0,2.0,2,31756,stylegan2_upper_extra_final_seed_023003379,test_evaluation,2.0
pixel,upper,0,ranked,upper,Largest RDR,2,2026103320,40,40000,2.0,2.0,3,38507,stylegan2_upper_extra_final_seed_023017003,test_evaluation,2.0
pixel,upper,0,ranked,upper,Largest RDR,2,2026103320,40,40000,2.0,2.0,4,9891,stylegan2_upper:psi_1p569:seed_004159904,test_calibration,2.0
pixel,upper,0,ranked,upper,Largest RDR,2,2026103320,40,40000,2.0,2.0,5,3833,stylegan2_upper:psi_1p569:seed_004127740,test_calibration,2.0
pixel,upper,0,ranked,upper,Largest RDR,2,2026103320,40,40000,2.0,2.0,6,28335,stylegan2_upper:psi_1p569:seed_004156562,test_evaluation,2.0
pixel,upper,0,ranked,upper,Largest RDR,2,2026103320,40,40000,2.0,2.0,7,1014,stylegan2_upper:psi_1p569:seed_004121960,test_calibration,2.0
pixel,upper,0,ranked,upper,Largest RDR,2,2026103320,40,40000,2.0,2.0,8,38742,stylegan2_upper_extra_final_seed_023017415,test_evaluation,2.0
pixel,upper,0,ranked,upper,Largest RDR,2,2026103320,40,40000,2.0,2.0,9,11733,stylegan2_upper_extra_final_seed_023003615,test_calibration,2.0
pixel,upper,0,ranked,upper,Largest RDR,2,2026103320,40,40000,2.0,2.0,10,3966,stylegan2_upper:psi_1p569:seed_004128008,test_calibration,2.0
pixel,upper,0,ranked,upper,Largest RDR,2,2026103320,40,40000,2.0,2.0,11,38691,stylegan2_upper_extra_final_seed_023017329,test_evaluation,2.0
pixel,upper,0,ranked,upper,Largest RDR,2,2026103320,40,40000,2.0,2.0,12,39804,stylegan2_upper_extra_final_seed_023019599,test_evaluation,2.0
pixel,upper,0,ranked,upper,Largest RDR,2,2026103320,40,40000,2.0,2.0,13,36699,stylegan2_upper_extra_final_seed_023013415,test_evaluation,2.0
pixel,upper,0,ranked,upper,Largest RDR,2,2026103320,40,40000,2.0,2.0,14,16131,stylegan2_upper_extra_final_seed_023012242,test_calibration,2.0
pixel,upper,0,ranked,upper,Largest RDR,2,2026103320,40,40000,2.0,2.0,15,3277,stylegan2_upper:psi_1p569:seed_004126658,test_calibration,2.0
pixel,upper,0,ranked,upper,Largest RDR,2,2026103320,40,40000,2.0,2.0,16,29806,stylegan2_upper:psi_1p569:seed_004159491,test_evaluation,2.0
pixel,upper,0,ranked,upper,Largest RDR,2,2026103320,40,40000,2.0,2.0,17,7569,stylegan2_upper:psi_1p569:seed_004155178,test_calibration,2.0
pixel,upper,0,ranked,upper,Largest RDR,2,2026103320,40,40000,2.0,2.0,18,26527,stylegan2_upper:psi_1p569:seed_004152970,test_evaluation,2.0
pixel,upper,0,ranked,upper,Largest RDR,2,2026103320,40,40000,2.0,2.0,19,2443,stylegan2_upper:psi_1p569:seed_004124937,test_calibration,2.0
pixel,upper,0,ranked,upper,Largest RDR,2,2026103320,40,40000,2.0,2.0,20,37741,stylegan2_upper_extra_final_seed_023015498,test_evaluation,2.0
pixel,upper,0,ranked,upper,Largest RDR,2,2026103320,40,40000,2.0,2.0,21,38417,stylegan2_upper_extra_final_seed_023016836,test_evaluation,2.0
pixel,upper,0,ranked,upper,Largest RDR,2,2026103320,40,40000,2.0,2.0,22,26661,stylegan2_upper:psi_1p569:seed_004153231,test_evaluation,2.0
pixel,upper,0,ranked,upper,Largest RDR,2,2026103320,40,40000,2.0,2.0,23,11497,stylegan2_upper_extra_final_seed_023003120,test_calibration,2.0
pixel,upper,0,ranked,upper,Largest RDR,2,2026103320,40,40000,2.0,2.0,24,30337,stylegan2_upper_extra_final_seed_023000584,test_evaluation,2.0
pixel,upper,0,ranked,upper,Largest RDR,2,2026103320,40,40000,2.0,2.0,25,34991,stylegan2_upper_extra_final_seed_023009853,test_evaluation,2.0
pixel,upper,0,ranked,upper,Largest RDR,2,2026103320,40,40000,2.0,2.0,26,19011,stylegan2_upper_extra_final_seed_023018127,test_calibration,2.0
pixel,upper,0,ranked,upper,Largest RDR,2,2026103320,40,40000,2.0,2.0,27,12316,stylegan2_upper_extra_final_seed_023004751,test_calibration,2.0
pixel,upper,0,ranked,upper,Largest RDR,2,2026103320,40,40000,2.0,2.0,28,11579,stylegan2_upper_extra_final_seed_023003282,test_calibration,2.0
pixel,upper,0,ranked,upper,Largest RDR,2,2026103320,40,40000,2.0,2.0,29,3549,stylegan2_upper:psi_1p569:seed_004127197,test_calibration,2.0
pixel,upper,0,ranked,upper,Largest RDR,2,2026103320,40,40000,2.0,2.0,30,35644,stylegan2_upper_extra_final_seed_023011253,test_evaluation,2.0
pixel,upper,0,ranked,upper,Largest RDR,2,2026103320,40,40000,2.0,2.0,31,24656,stylegan2_upper:psi_1p569:seed_004129341,test_evaluation,2.0
pixel,upper,0,ranked,upper,Largest RDR,2,2026103320,40,40000,2.0,2.0,32,23604,stylegan2_upper:psi_1p569:seed_004127113,test_evaluation,2.0
pixel,upper,0,ranked,upper,Largest RDR,2,2026103320,40,40000,2.0,2.0,33,20149,stylegan2_upper:psi_1p569:seed_004120296,test_evaluation,2.0
pixel,upper,0,ranked,upper,Largest RDR,2,2026103320,40,40000,2.0,2.0,34,18869,stylegan2_upper_extra_final_seed_023017822,test_calibration,2.0
pixel,upper,0,ranked,upper,Largest RDR,2,2026103320,40,40000,2.0,2.0,35,2873,stylegan2_upper:psi_1p569:seed_004125861,test_calibration,2.0
pixel,upper,0,ranked,upper,Largest RDR,2,2026103320,40,40000,2.0,2.0,36,19897,stylegan2_upper_extra_final_seed_023019795,test_calibration,2.0
pixel,upper,0,ranked,upper,Largest RDR,2,2026103320,40,40000,2.0,2.0,37,22991,stylegan2_upper:psi_1p569:seed_004125867,test_evaluation,2.0
pixel,upper,0,ranked,upper,Largest RDR,2,2026103320,40,40000,2.0,2.0,38,8714,stylegan2_upper:psi_1p569:seed_004157537,test_calibration,2.0
pixel,upper,0,ranked,upper,Largest RDR,2,2026103320,40,40000,2.0,2.0,39,28193,stylegan2_upper:psi_1p569:seed_004156275,test_evaluation,2.0
