branch,response,repeat,kind,name,members,mse,r_squared,prediction_min,prediction_max,delta_mse,delta_r2,best_iteration
lower,rdr,0,attribute,5_o_Clock_Shadow,"[""5_o_Clock_Shadow""]",0.0772354223975194,0.0061809161605139,1.853499226247438,2.017580696921266,-5.076514745624983e-05,-0.000653215464742,"[[2930], [501]]"
lower,rdr,0,attribute,Arched_Eyebrows,"[""Arched_Eyebrows""]",0.0773033380877571,0.0053070177994365,1.8470143843671945,2.0130414623905337,1.7150542781410594e-05,0.0002206828963353,"[[2871], [501]]"
lower,rdr,0,attribute,Attractive,"[""Attractive""]",0.0772858971676736,0.0055314370967052,1.8473733343735264,2.012276279702298,-2.9037730209235946e-07,-3.7364009333185062e-06,"[[2840], [501]]"
lower,rdr,0,attribute,Bags_Under_Eyes,"[""Bags_Under_Eyes""]",0.0773942025436591,0.0041378284881731,1.8425224214796343,2.014544897248985,0.0001080149986834,0.0013898722075987,"[[2804], [501]]"
lower,rdr,0,attribute,Bald,"[""Bald""]",0.0772864214701955,0.0055246906863685,1.844244786135805,2.0163774772445704,2.3392521986131959e-07,3.0100094033924663e-06,"[[2878], [501]]"
lower,rdr,0,attribute,Bangs,"[""Bangs""]",0.0772758438292915,0.0056607974242628,1.8464803099386,2.0157246554836,-1.0343715684160704e-05,-0.0001330967284909,"[[2916], [501]]"
lower,rdr,0,attribute,Big_Lips,"[""Big_Lips""]",0.0772805967076671,0.0055996402364566,1.8476191386099925,2.015957882433808,-5.590837308541707e-06,-7.193954068474007e-05,"[[2845], [501]]"
lower,rdr,0,attribute,Big_Nose,"[""Big_Nose""]",0.0772844876714402,0.0055495736487156,1.8469190513121805,2.014286892763109,-1.699873535501717e-06,-2.1872952943757795e-05,"[[2961], [501]]"
lower,rdr,0,attribute,Black_Hair,"[""Black_Hair""]",0.0772617972312329,0.0058415406218828,1.841076268097212,2.0173486942931875,-2.4390313742753134e-05,-0.0003138399261108,"[[3009], [501]]"
lower,rdr,0,attribute,Blond_Hair,"[""Blond_Hair""]",0.0772850823914064,0.0055419211489474,1.8466520977482357,2.015403607336054,-1.105153569255779e-06,-1.4220453175561865e-05,"[[2942], [501]]"
lower,rdr,0,attribute,Blurry,"[""Blurry""]",0.077348194594008,0.0047298311852804,1.852105702722357,1.994729471378896,6.200704903233656e-05,0.0007978695104914,"[[2769], [501]]"
lower,rdr,0,attribute,Brown_Hair,"[""Brown_Hair""]",0.0773693234964897,0.0044579571428391,1.8507389276164687,2.018440809342529,8.313595151401842e-05,0.0010697435529327,"[[2956], [501]]"
lower,rdr,0,attribute,Bushy_Eyebrows,"[""Bushy_Eyebrows""]",0.0772970711199144,0.0053876573822406,1.8458063916127465,2.01527619656542,1.0883574938752584e-05,0.0001400433135312,"[[2932], [501]]"
lower,rdr,0,attribute,Chubby,"[""Chubby""]",0.07728007831835,0.0056063105592205,1.8472103083205127,2.014157357344179,-6.1092266256529415e-06,-7.860986344865317e-05,"[[2913], [501]]"
lower,rdr,0,attribute,Double_Chin,"[""Double_Chin""]",0.07729786668379,0.0053774205435288,1.8451182123240149,2.017467762669748,1.1679138814293943e-05,0.000150280152243,"[[2962], [501]]"
lower,rdr,0,attribute,Eyeglasses,"[""Eyeglasses""]",0.0772954979362336,0.0054079001661325,1.8439187565865571,2.018723742011073,9.31039125792732e-06,0.0001198005296393,"[[3027], [501]]"
lower,rdr,0,attribute,Goatee,"[""Goatee""]",0.0772864214701955,0.0055246906863685,1.844244786135805,2.0163774772445704,2.3392521986131959e-07,3.0100094033924663e-06,"[[2878], [501]]"
lower,rdr,0,attribute,Gray_Hair,"[""Gray_Hair""]",0.0772846177380113,0.0055479000301024,1.8416943148480749,2.0172920076868155,-1.5698069644048962e-06,-2.0199334330506247e-05,"[[2971], [501]]"
lower,rdr,0,attribute,Heavy_Makeup,"[""Heavy_Makeup""]",0.0772834371695569,0.0055630908767801,1.846933010552858,2.014842745799462,-2.7503754187752083e-06,-3.5390181008287946e-05,"[[2918], [501]]"
lower,rdr,0,attribute,High_Cheekbones,"[""High_Cheekbones""]",0.0772864214701955,0.0055246906863685,1.844244786135805,2.0163774772445704,2.3392521986131959e-07,3.0100094033924663e-06,"[[2878], [501]]"
lower,rdr,0,attribute,Male,"[""Male""]",0.0773225702838813,0.0050595494366163,1.8461152262826863,2.009820923678656,3.638273890567423e-05,0.0004681512591555,"[[2781], [501]]"
lower,rdr,0,attribute,Mouth_Slightly_Open,"[""Mouth_Slightly_Open""]",0.0773200465073882,0.0050920238785799,1.85226191570558,2.0162869490701523,3.385896241257791e-05,0.0004356768171919,"[[2689], [501]]"
lower,rdr,0,attribute,Mustache,"[""Mustache""]",0.0772687627582303,0.0057519123989235,1.843167337625361,2.0162168007292784,-1.7424786745379173e-05,-0.0002242117031516,"[[2912], [501]]"
lower,rdr,0,attribute,Narrow_Eyes,"[""Narrow_Eyes""]",0.0772848886422612,0.0055444141967228,1.846306924985765,2.015213071605803,-1.2989027144694187e-06,-1.6713500950893412e-05,"[[2902], [501]]"
lower,rdr,0,attribute,No_Beard,"[""No_Beard""]",0.0772951460232773,0.00541242837095,1.843137363704633,2.016779869082812,8.958478301665518e-06,0.0001152723248218,"[[2865], [501]]"
lower,rdr,0,attribute,Oval_Face,"[""Oval_Face""]",0.0772905040820609,0.0054721580859398,1.846871706074148,2.014456646352008,4.316537085269356e-06,5.554260983209325e-05,"[[2888], [501]]"
lower,rdr,0,attribute,Pale_Skin,"[""Pale_Skin""]",0.077295140086124,0.0054125047666778,1.8466656781033148,2.0150299387053634,8.952541148313231e-06,0.000115195929094,"[[2763], [501]]"
lower,rdr,0,attribute,Pointy_Nose,"[""Pointy_Nose""]",0.0772660145598236,0.0057872745674466,1.8484883188538372,2.0122784187215466,-2.0172985152097644e-05,-0.0002595738716747,"[[2858], [501]]"
lower,rdr,0,attribute,Receding_Hairline,"[""Receding_Hairline""]",0.0772933249895871,0.005435860340084,1.843395248501017,2.017529700443888,7.137444611435284e-06,9.184035568787774e-05,"[[3026], [501]]"
lower,rdr,0,attribute,Rosy_Cheeks,"[""Rosy_Cheeks""]",0.0772646903851821,0.0058043132523946,1.813834213685888,2.0176390597038094,-2.1497159793590348e-05,-0.0002766125566227,"[[2878], [501]]"
lower,rdr,0,attribute,Sideburns,"[""Sideburns""]",0.07728170698152,0.0055853538985431,1.842997995404424,2.0166858181357687,-4.480563455686037e-06,-5.76532027712906e-05,"[[2998], [501]]"
lower,rdr,0,attribute,Smiling,"[""Smiling""]",0.077386683840785,0.0042345746464773,1.8544800145294844,2.015082434496645,0.0001004962958093,0.0012931260492945,"[[2725], [501]]"
lower,rdr,0,attribute,Straight_Hair,"[""Straight_Hair""]",0.0772834678777114,0.0055626957426695,1.8468284036771645,2.014589699964933,-2.7196672643114983e-06,-3.499504689763455e-05,"[[2941], [501]]"
lower,rdr,0,attribute,Wavy_Hair,"[""Wavy_Hair""]",0.0773014991800134,0.0053306797611685,1.847768037536669,2.0182999509949315,1.531163503769306e-05,0.0001970209346033,"[[2876], [501]]"
lower,rdr,0,attribute,Wearing_Earrings,"[""Wearing_Earrings""]",0.077285622931238,0.0055349658066512,1.8434056039411613,2.016370801251607,-5.646137377079974e-07,-7.265110879339787e-06,"[[3017], [501]]"
lower,rdr,0,attribute,Wearing_Hat,"[""Wearing_Hat""]",0.0772798997411114,0.0056086083840025,1.84903919690686,2.0068799510474453,-6.287803864218899e-06,-8.090768823065808e-05,"[[2850], [501]]"
lower,rdr,0,attribute,Wearing_Lipstick,"[""Wearing_Lipstick""]",0.0772845279096452,0.0055490558876309,1.8471591743187652,2.014491148617343,-1.6596353304559883e-06,-2.135519185908485e-05,"[[2988], [501]]"
lower,rdr,0,attribute,Wearing_Necklace,"[""Wearing_Necklace""]",0.0772925120380451,0.0054463209128572,1.8467405807819728,2.014403534405921,6.324493069448378e-06,8.137978291467007e-05,"[[2922], [501]]"
lower,rdr,0,attribute,Wearing_Necktie,"[""Wearing_Necktie""]",0.0772957795650021,0.0054042763360812,1.8474666932140305,2.014367091425943,9.59202002644155e-06,0.0001234243596907,"[[2873], [501]]"
lower,rdr,0,attribute,Young,"[""Young""]",0.0772864214701955,0.0055246906863685,1.844244786135805,2.0163774772445704,2.3392521986131959e-07,3.0100094033924663e-06,"[[2878], [501]]"
lower,rdr,0,group,facial_hair,"[""5_o_Clock_Shadow"", ""Goatee"", ""Mustache"", ""No_Beard"", ""Sideburns""]",0.0772244672639883,0.0063218802470855,1.8544951217669796,2.0197398649035905,-6.172028098737348e-05,-0.0007941795513136,"[[2654], [501]]"
lower,rdr,0,group,hair,"[""Bald"", ""Bangs"", ""Black_Hair"", ""Blond_Hair"", ""Brown_Hair"", ""Gray_Hair"", ""Receding_Hairline"", ""Straight_Hair"", ""Wavy_Hair""]",0.077382833715697,0.0042841157465172,1.8467089794551776,2.02287026014135,9.664617072134564e-05,0.0012435849492546,"[[2544], [501]]"
lower,rdr,0,group,cosmetics,"[""Heavy_Makeup"", ""Wearing_Lipstick"", ""Rosy_Cheeks""]",0.0772649847355596,0.0058005257283104,1.8188192893803692,2.015928269625243,-2.120280941610153e-05,-0.0002728250325385,"[[2821], [501]]"
lower,rdr,0,group,accessories,"[""Eyeglasses"", ""Wearing_Hat"", ""Wearing_Earrings"", ""Wearing_Necklace"", ""Wearing_Necktie""]",0.0773150319963899,0.0051565475980285,1.839668578639156,2.015420497360637,2.884445141423941e-05,0.0003711530977433,"[[2753], [501]]"
lower,rdr,0,group,expression,"[""Smiling"", ""Mouth_Slightly_Open""]",0.0773786488297402,0.0043379643486018,1.859251837057745,2.0157329506792343,9.246128476457503e-05,0.00118973634717,"[[2548], [501]]"
lower,rdr,0,group,facial_structure,"[""Big_Lips"", ""Big_Nose"", ""Pointy_Nose"", ""Narrow_Eyes"", ""Arched_Eyebrows"", ""Bushy_Eyebrows"", ""High_Cheekbones"", ""Oval_Face"", ""Double_Chin"", ""Chubby""]",0.0773045713501536,0.0052911489187208,1.8472695087745064,2.010694084354318,1.838380517793503e-05,0.000236551777051,"[[2202], [501]]"
lower,rdr,0,group,age_sex_annotations,"[""Male"", ""Young""]",0.0773222240020456,0.0050640051835525,1.846028787173347,2.0101429926523515,3.603645706996839e-05,0.0004636955122193,"[[2723], [501]]"
lower,rdr,1,attribute,5_o_Clock_Shadow,"[""5_o_Clock_Shadow""]",0.0805220210820183,0.0060455256196922,1.8475820320697047,2.032326523143473,-5.54514458586397e-05,-0.0006844862061511,"[[3534], [501]]"
lower,rdr,1,attribute,Arched_Eyebrows,"[""Arched_Eyebrows""]",0.0805892182195399,0.0052160519600938,1.8546933464595947,2.0324956440986863,1.1745691662984337e-05,0.0001449874534472,"[[2972], [501]]"
lower,rdr,1,attribute,Attractive,"[""Attractive""]",0.0805680482502715,0.005477371601529,1.855616851053396,2.030864568481672,-9.424277605390996e-06,-0.0001163321879878,"[[3034], [501]]"
lower,rdr,1,attribute,Bags_Under_Eyes,"[""Bags_Under_Eyes""]",0.0806764183454496,0.0041396637354836,1.8563651314488323,2.025790039405079,9.894581757270704e-05,0.0012213756780574,"[[2714], [501]]"
lower,rdr,1,attribute,Bald,"[""Bald""]",0.0805782157174984,0.0053518655671861,1.8501260867262583,2.035415190618591,7.431896214965539e-07,9.173846355015058e-06,"[[3223], [501]]"
lower,rdr,1,attribute,Bangs,"[""Bangs""]",0.0805799901552911,0.0053299621132008,1.853377520278182,2.034438268297472,2.517627414211354e-06,3.1077300340354164e-05,"[[3077], [501]]"
lower,rdr,1,attribute,Big_Lips,"[""Big_Lips""]",0.0805769426513786,0.0053675801474833,1.8515900627607245,2.033088907524388,-5.298764983313609e-07,-6.54073394223964e-06,"[[3158], [501]]"
lower,rdr,1,attribute,Big_Nose,"[""Big_Nose""]",0.0805816584302858,0.0053093691204627,1.8509649446236256,2.033799345203227,4.185902408831987e-06,5.1670293078398544e-05,"[[3093], [501]]"
lower,rdr,1,attribute,Black_Hair,"[""Black_Hair""]",0.0805662050646863,0.0055001236702798,1.845550153299491,2.0381915692435824,-1.126746319067562e-05,-0.0001390842567386,"[[3320], [501]]"
lower,rdr,1,attribute,Blond_Hair,"[""Blond_Hair""]",0.0805873909110531,0.0052386080437859,1.8493176147757044,2.036250792811039,9.918383176127366e-06,0.0001224313697552,"[[3166], [501]]"
lower,rdr,1,attribute,Blurry,"[""Blurry""]",0.0806119628693028,0.0049352946455578,1.847482387034269,2.008784874720652,3.4490341425830184e-05,0.0004257447679832,"[[2645], [501]]"
lower,rdr,1,attribute,Brown_Hair,"[""Brown_Hair""]",0.0806371033163811,0.004624963887268,1.8493744312918536,2.0336418402202088,5.963078850414194e-05,0.000736075526273,"[[3226], [501]]"
lower,rdr,1,attribute,Bushy_Eyebrows,"[""Bushy_Eyebrows""]",0.0806177596803886,0.0048637394829019,1.851040246355971,2.0339365734301698,4.028715251166992e-05,0.0004972999306391,"[[3108], [501]]"
lower,rdr,1,attribute,Chubby,"[""Chubby""]",0.0805769566417831,0.0053674074515557,1.8505724630435856,2.034646573470262,-5.158860938575538e-07,-6.36803801457031e-06,"[[3191], [501]]"
lower,rdr,1,attribute,Double_Chin,"[""Double_Chin""]",0.0805867059792543,0.0052470627623446,1.8490051627129844,2.0346210427187126,9.233451377363422e-06,0.0001139766511965,"[[3369], [501]]"
lower,rdr,1,attribute,Eyeglasses,"[""Eyeglasses""]",0.0805779667846715,0.0053549383650838,1.84654290569222,2.0401674182330014,4.942567946170096e-07,6.101048457329839e-06,"[[3425], [501]]"
lower,rdr,1,attribute,Goatee,"[""Goatee""]",0.0805797992553083,0.005332318560413,1.849028940455891,2.036753430292361,2.326727431375964e-06,2.8720853128105794e-05,"[[3225], [501]]"
lower,rdr,1,attribute,Gray_Hair,"[""Gray_Hair""]",0.0805699916488751,0.0054533825149216,1.84932277419208,2.0357433570139727,-7.480879001806051e-06,-9.234310138050984e-05,"[[3231], [501]]"
lower,rdr,1,attribute,Heavy_Makeup,"[""Heavy_Makeup""]",0.0805651559375104,0.0055130739742665,1.850269569512532,2.0355321197984746,-1.2316590366531766e-05,-0.0001520345607254,"[[3326], [501]]"
lower,rdr,1,attribute,High_Cheekbones,"[""High_Cheekbones""]",0.0805770644242509,0.0053660769972939,1.8509536450118296,2.034150528467502,-4.081036260733528e-07,-5.037583752809383e-06,"[[3254], [501]]"
lower,rdr,1,attribute,Male,"[""Male""]",0.0806229009649105,0.0048002760640019,1.8554638687330904,2.035967293618201,4.542843703357613e-05,0.0005607633495392,"[[2878], [501]]"
lower,rdr,1,attribute,Mouth_Slightly_Open,"[""Mouth_Slightly_Open""]",0.0805631070188833,0.0055383655877861,1.857725034514083,2.0283097219812016,-1.436550899361344e-05,-0.000177326174245,"[[2716], [501]]"
lower,rdr,1,attribute,Mustache,"[""Mustache""]",0.0805738246192094,0.0054060687743728,1.850131226334148,2.0359749152029734,-3.6479086675117456e-06,-4.50293608317276e-05,"[[3212], [501]]"
lower,rdr,1,attribute,Narrow_Eyes,"[""Narrow_Eyes""]",0.0805778623277649,0.0053562277690056,1.8488946957751595,2.036762741006412,3.897998879370812e-07,4.811644535474002e-06,"[[3238], [501]]"
lower,rdr,1,attribute,No_Beard,"[""No_Beard""]",0.0806037184892907,0.0050370623147163,1.8510910734846728,2.034293512560784,2.6245961413803864e-05,0.0003239770988248,"[[3475], [501]]"
lower,rdr,1,attribute,Oval_Face,"[""Oval_Face""]",0.0805836665222251,0.0052845814668336,1.851474183925328,2.0329561293951497,6.1939943481886806e-06,7.645794670751993e-05,"[[3012], [501]]"
lower,rdr,1,attribute,Pale_Skin,"[""Pale_Skin""]",0.080578753609518,0.0053452258905813,1.85107118979756,2.034179235937306,1.2810816410330217e-06,1.581352295976224e-05,"[[2900], [501]]"
lower,rdr,1,attribute,Pointy_Nose,"[""Pointy_Nose""]",0.0805579635534536,0.0056018559275586,1.8490548280363155,2.026733038485097,-1.9508974423307342e-05,-0.0002408165140175,"[[3175], [501]]"
lower,rdr,1,attribute,Receding_Hairline,"[""Receding_Hairline""]",0.0805869874687118,0.0052435880891799,1.849831862626629,2.025045018932467,9.514940834912111e-06,0.0001174513243612,"[[3210], [501]]"
lower,rdr,1,attribute,Rosy_Cheeks,"[""Rosy_Cheeks""]",0.0805696287711998,0.0054578618347924,1.8499835971538845,2.0348471915710955,-7.843756677158864e-06,-9.682242125130802e-05,"[[3183], [501]]"
lower,rdr,1,attribute,Sideburns,"[""Sideburns""]",0.080573517206986,0.0054098634351485,1.8501507445090135,2.032869628136467,-3.955320890966507e-06,-4.8824021607440926e-05,"[[3481], [501]]"
lower,rdr,1,attribute,Smiling,"[""Smiling""]",0.0805896825002137,0.0052103209333904,1.8519217828621544,2.0335884795019084,1.2209972336724162e-05,0.0001507184801506,"[[2968], [501]]"
lower,rdr,1,attribute,Straight_Hair,"[""Straight_Hair""]",0.0805752533962665,0.0053884321163549,1.848754135288814,2.034103002899116,-2.2191316104702707e-06,-2.7392702813822112e-05,"[[3171], [501]]"
lower,rdr,1,attribute,Wavy_Hair,"[""Wavy_Hair""]",0.0805654081394838,0.0055099608224034,1.8484947420797784,2.0363187956003084,-1.2064388393087657e-05,-0.0001489214088622,"[[3203], [501]]"
lower,rdr,1,attribute,Wearing_Earrings,"[""Wearing_Earrings""]",0.0805814309122289,0.0053121775769267,1.844327789841412,2.039185804033745,3.958384351993027e-06,4.8861836614455534e-05,"[[3400], [501]]"
lower,rdr,1,attribute,Wearing_Hat,"[""Wearing_Hat""]",0.0805830452926923,0.0052922498520218,1.8507106310761987,2.034154655720637,5.572764815345299e-06,6.878956151934457e-05,"[[3218], [501]]"
lower,rdr,1,attribute,Wearing_Lipstick,"[""Wearing_Lipstick""]",0.0805769566417831,0.0053674074515557,1.8505724630435856,2.034646573470262,-5.158860938575538e-07,-6.36803801457031e-06,"[[3191], [501]]"
lower,rdr,1,attribute,Wearing_Necklace,"[""Wearing_Necklace""]",0.0805911988181659,0.005191603680731,1.8482880761167932,2.0353556991136363,1.372629028899286e-05,0.0001694357328101,"[[3090], [501]]"
lower,rdr,1,attribute,Wearing_Necktie,"[""Wearing_Necktie""]",0.0806375958321311,0.004618884330063,1.8537887798539257,2.028852491457804,6.01233042541588e-05,0.000742155083478,"[[3101], [501]]"
lower,rdr,1,attribute,Young,"[""Young""]",0.0805766409720884,0.0053713040415964,1.850371106743857,2.03503012719024,-8.315557884913671e-07,-1.026462805531203e-05,"[[3192], [501]]"
lower,rdr,1,group,facial_hair,"[""5_o_Clock_Shadow"", ""Goatee"", ""Mustache"", ""No_Beard"", ""Sideburns""]",0.0805451335754499,0.0057602276856397,1.8489799895413128,2.0351712675215854,-3.2338952427032885e-05,-0.0003991882720986,"[[3312], [501]]"
lower,rdr,1,group,hair,"[""Bald"", ""Bangs"", ""Black_Hair"", ""Blond_Hair"", ""Brown_Hair"", ""Gray_Hair"", ""Receding_Hairline"", ""Straight_Hair"", ""Wavy_Hair""]",0.0806913239500626,0.0039556706836538,1.8515347342584016,2.0249902370799164,0.0001138514221856,0.0014053687298872,"[[3083], [501]]"
lower,rdr,1,group,cosmetics,"[""Heavy_Makeup"", ""Wearing_Lipstick"", ""Rosy_Cheeks""]",0.0805591939718609,0.0055866677856715,1.8494685959857309,2.036480910546376,-1.8278556016063097e-05,-0.0002256283721303,"[[3222], [501]]"
lower,rdr,1,group,accessories,"[""Eyeglasses"", ""Wearing_Hat"", ""Wearing_Earrings"", ""Wearing_Necklace"", ""Wearing_Necktie""]",0.0806762026960025,0.0041423256872081,1.8412990537663447,2.0317997809465846,9.873016812557422e-05,0.0012187137263329,"[[3195], [501]]"
lower,rdr,1,group,expression,"[""Smiling"", ""Mouth_Slightly_Open""]",0.080558870611414,0.0055906593094643,1.856793844868173,2.029397386571002,-1.8601916462926416e-05,-0.0002296198959231,"[[2736], [501]]"
lower,rdr,1,group,facial_structure,"[""Big_Lips"", ""Big_Nose"", ""Pointy_Nose"", ""Narrow_Eyes"", ""Arched_Eyebrows"", ""Bushy_Eyebrows"", ""High_Cheekbones"", ""Oval_Face"", ""Double_Chin"", ""Chubby""]",0.0806288841483235,0.00472642034299,1.8618869853737932,2.0141408073046536,5.141162044652869e-05,0.000634619070551,"[[2001], [501]]"
lower,rdr,1,group,age_sex_annotations,"[""Male"", ""Young""]",0.0806265558973962,0.0047551600019746,1.855324843600799,2.037125548353441,4.908336951925385e-05,0.0006058794115665,"[[2847], [501]]"
lower,rdr,2,attribute,5_o_Clock_Shadow,"[""5_o_Clock_Shadow""]",0.0738002728271259,0.0080205495693668,1.8276076022459693,2.035832023867661,-8.137267063428044e-05,-0.0010937631258484,"[[3586], [530]]"
lower,rdr,2,attribute,Arched_Eyebrows,"[""Arched_Eyebrows""]",0.0738995271233971,0.0066864322484361,1.8413159174880995,2.035968216394338,1.788162563701179e-05,0.0002403541950822,"[[3044], [501]]"
lower,rdr,2,attribute,Attractive,"[""Attractive""]",0.073875310123093,0.0070119427883375,1.847275243839807,2.0304704239242928,-6.335374667168492e-06,-8.515634481909284e-05,"[[3155], [501]]"
lower,rdr,2,attribute,Bags_Under_Eyes,"[""Bags_Under_Eyes""]",0.0740123846946968,0.0051694677811495,1.8375729924240696,2.0322658162680174,0.0001307391969367,0.0017573186623688,"[[3165], [501]]"
lower,rdr,2,attribute,Bald,"[""Bald""]",0.0738938497890244,0.006762743606311,1.841974380536078,2.03592012434877,1.2204291264278355e-05,0.0001640428372073,"[[3169], [501]]"
lower,rdr,2,attribute,Bangs,"[""Bangs""]",0.0739303481871924,0.006272153808072,1.8448050659560635,2.0337059024346464,4.8702689432231216e-05,0.0006546326354464,"[[3082], [504]]"
lower,rdr,2,attribute,Big_Lips,"[""Big_Lips""]",0.073899320007214,0.0066892161812002,1.8353614386074208,2.041394788723879,1.7674509453877163e-05,0.0002375702623181,"[[3371], [504]]"
lower,rdr,2,attribute,Big_Nose,"[""Big_Nose""]",0.0738933664870702,0.0067692398642325,1.82122572383146,2.0385944281705366,1.1720989310043397e-05,0.0001575465792859,"[[3156], [575]]"
lower,rdr,2,attribute,Black_Hair,"[""Black_Hair""]",0.0738523156771919,0.0073210204778109,1.8301377708340376,2.039707768313685,-2.9329820568260723e-05,-0.0003942340342925,"[[3163], [505]]"
lower,rdr,2,attribute,Blond_Hair,"[""Blond_Hair""]",0.0739092749354971,0.0065554079456877,1.831899839207183,2.0338619331973065,2.7629437736972903e-05,0.0003713784978306,"[[3083], [571]]"
lower,rdr,2,attribute,Blurry,"[""Blurry""]",0.0739304595172112,0.0062706573760575,1.8381113276758163,2.0213937979363807,4.881401945110164e-05,0.0006561290674608,"[[3178], [504]]"
lower,rdr,2,attribute,Brown_Hair,"[""Brown_Hair""]",0.0739616109912027,0.005851937758007,1.8373506082117648,2.031722276862169,7.99654934426075e-05,0.0010748486855113,"[[3096], [501]]"
lower,rdr,2,attribute,Bushy_Eyebrows,"[""Bushy_Eyebrows""]",0.0738912535570903,0.0067976406145277,1.8401051543368276,2.033349606858367,9.608059330118436e-06,0.0001291458289907,"[[3148], [506]]"
lower,rdr,2,attribute,Chubby,"[""Chubby""]",0.0738917257014004,0.006791294331034,1.8428191632547728,2.0336712960783485,1.0080203640225329e-05,0.0001354921124843,"[[3219], [501]]"
lower,rdr,2,attribute,Double_Chin,"[""Double_Chin""]",0.0739058630087724,0.0066012690389827,1.843249622459313,2.03117609132468,2.421751101222558e-05,0.0003255174045356,"[[3180], [501]]"
lower,rdr,2,attribute,Eyeglasses,"[""Eyeglasses""]",0.0739132725403946,0.0065016745141248,1.8442623992769551,2.0264500391474622,3.162704263448557e-05,0.0004251119293935,"[[3010], [501]]"
lower,rdr,2,attribute,Goatee,"[""Goatee""]",0.0738829405076954,0.0069093796888458,1.8415215403303555,2.0352042198084783,1.2950099352454505e-06,1.7406754672544267e-05,"[[3234], [504]]"
lower,rdr,2,attribute,Gray_Hair,"[""Gray_Hair""]",0.0738822918181225,0.0069180989889422,1.8426332348943872,2.0320788193158394,6.463203623963132e-07,8.687454576161713e-06,"[[3227], [501]]"
lower,rdr,2,attribute,Heavy_Makeup,"[""Heavy_Makeup""]",0.0738826652954367,0.0069130789286274,1.8442637580951011,2.032169796106716,1.0197976765408123e-06,1.3707514890937134e-05,"[[3224], [501]]"
lower,rdr,2,attribute,High_Cheekbones,"[""High_Cheekbones""]",0.073879322540693,0.0069580102532219,1.8298792503935168,2.038552322791386,-2.3229570671329247e-06,-3.12238097035511e-05,"[[3321], [501]]"
lower,rdr,2,attribute,Male,"[""Male""]",0.0739762425595382,0.005655268903539,1.835467880356568,2.042620982932952,9.459706177805673e-05,0.0012715175399793,"[[3144], [505]]"
lower,rdr,2,attribute,Mouth_Slightly_Open,"[""Mouth_Slightly_Open""]",0.0738880479372449,0.0068407286532394,1.8433678705483496,2.027654592762305,6.402439484728961e-06,8.605779027892613e-05,"[[2951], [501]]"
lower,rdr,2,attribute,Mustache,"[""Mustache""]",0.0738936273083128,0.0067657340599444,1.840451165629423,2.0390518095696564,1.1981810552688654e-05,0.000161052383574,"[[3180], [501]]"
lower,rdr,2,attribute,Narrow_Eyes,"[""Narrow_Eyes""]",0.073892473892825,0.0067812375861231,1.8430544798793167,2.0344023806856315,1.0828395064818586e-05,0.0001455488573952,"[[3308], [501]]"
lower,rdr,2,attribute,No_Beard,"[""No_Beard""]",0.0738893292520701,0.0068235059801047,1.835004223111638,2.0272404728019886,7.683754309956159e-06,0.0001032804634136,"[[3468], [501]]"
lower,rdr,2,attribute,Oval_Face,"[""Oval_Face""]",0.0739159404890756,0.0064658135319768,1.8420839408525065,2.034292682761259,3.429499131550606e-05,0.0004609729115415,"[[3131], [501]]"
lower,rdr,2,attribute,Pale_Skin,"[""Pale_Skin""]",0.0738865612699544,0.0068607115522897,1.835373768482199,2.0380704155060303,4.915772194247214e-06,6.60748912286735e-05,"[[3259], [501]]"
lower,rdr,2,attribute,Pointy_Nose,"[""Pointy_Nose""]",0.0738697919559894,0.0070861147142817,1.8442417183957387,2.028197153897359,-1.1853541770759368e-05,-0.0001593282707633,"[[3157], [501]]"
lower,rdr,2,attribute,Receding_Hairline,"[""Receding_Hairline""]",0.0739011598897222,0.0066644855729056,1.8366570867990863,2.026102464432638,1.951439196205829e-05,0.0002623008706127,"[[3414], [505]]"
lower,rdr,2,attribute,Rosy_Cheeks,"[""Rosy_Cheeks""]",0.0738932711674505,0.0067705210939671,1.8415036090055823,2.036351422095816,1.1625669690332184e-05,0.0001562653495512,"[[3262], [501]]"
lower,rdr,2,attribute,Sideburns,"[""Sideburns""]",0.0738539602611311,0.0072989149569264,1.8312972125699976,2.038037907662865,-2.768523662899369e-05,-0.000372128513408,"[[3332], [501]]"
lower,rdr,2,attribute,Smiling,"[""Smiling""]",0.0739187338617283,0.0064282666752694,1.8448394965838144,2.0339729515849587,3.708836396813797e-05,0.0004985197682489,"[[3046], [501]]"
lower,rdr,2,attribute,Straight_Hair,"[""Straight_Hair""]",0.073910355146798,0.0065408883867276,1.8358629673564613,2.042071630313824,2.8709649037839124e-05,0.0003858980567907,"[[3202], [505]]"
lower,rdr,2,attribute,Wavy_Hair,"[""Wavy_Hair""]",0.0739164442830694,0.0064590418322262,1.8408009003066044,2.040353064446638,3.4798785309306246e-05,0.0004677446112921,"[[3173], [505]]"
lower,rdr,2,attribute,Wearing_Earrings,"[""Wearing_Earrings""]",0.0738865612699544,0.0068607115522897,1.835373768482199,2.0380704155060303,4.915772194247214e-06,6.60748912286735e-05,"[[3259], [501]]"
lower,rdr,2,attribute,Wearing_Hat,"[""Wearing_Hat""]",0.0739071742449817,0.006583644180367,1.8419068712816096,2.0354847641132183,2.55287472216148e-05,0.0003431422631513,"[[3199], [501]]"
lower,rdr,2,attribute,Wearing_Lipstick,"[""Wearing_Lipstick""]",0.073884977634091,0.0068819978453249,1.8362030626025636,2.037017771597448,3.332136330830293e-06,4.478859819345704e-05,"[[3217], [501]]"
lower,rdr,2,attribute,Wearing_Necklace,"[""Wearing_Necklace""]",0.0739155035603334,0.0064716864687148,1.8408923639731616,2.034699371304184,3.385806257330537e-05,0.0004550999748035,"[[3167], [501]]"
lower,rdr,2,attribute,Wearing_Necktie,"[""Wearing_Necktie""]",0.0739720222194178,0.0057119962097247,1.83674098399517,2.0210170951484483,9.03767216576673e-05,0.0012147902337936,"[[3089], [570]]"
lower,rdr,2,attribute,Young,"[""Young""]",0.0739015887834314,0.0066587206383107,1.8423272200084864,2.0339433551551,1.994328567124504e-05,0.0002680658052076,"[[3158], [501]]"
lower,rdr,2,group,facial_hair,"[""5_o_Clock_Shadow"", ""Goatee"", ""Mustache"", ""No_Beard"", ""Sideburns""]",0.0737841756887544,0.0082369177461156,1.8315079365045364,2.028143521590985,-9.74698090056847e-05,-0.0013101313025972,"[[3225], [503]]"
lower,rdr,2,group,hair,"[""Bald"", ""Bangs"", ""Black_Hair"", ""Blond_Hair"", ""Brown_Hair"", ""Gray_Hair"", ""Receding_Hairline"", ""Straight_Hair"", ""Wavy_Hair""]",0.0740693514007325,0.0044037551410553,1.842691447056838,2.023312251777513,0.0001877059029724,0.002523031302463,"[[2543], [509]]"
lower,rdr,2,group,cosmetics,"[""Heavy_Makeup"", ""Wearing_Lipstick"", ""Rosy_Cheeks""]",0.0738885393767214,0.0068341230155752,1.8413639233787584,2.0357877226643706,6.893878961231059e-06,9.266342794311822e-05,"[[3235], [501]]"
lower,rdr,2,group,accessories,"[""Eyeglasses"", ""Wearing_Hat"", ""Wearing_Earrings"", ""Wearing_Necklace"", ""Wearing_Necktie""]",0.0740877829322247,0.0041560094379603,1.825495337763644,2.0243217730679115,0.0002061374344645,0.002770777005558,"[[2553], [615]]"
lower,rdr,2,group,expression,"[""Smiling"", ""Mouth_Slightly_Open""]",0.0738965462313035,0.0067264996301357,1.8434989279506664,2.0284232320374085,1.4900733543321554e-05,0.0002002868133826,"[[2885], [501]]"
lower,rdr,2,group,facial_structure,"[""Big_Lips"", ""Big_Nose"", ""Pointy_Nose"", ""Narrow_Eyes"", ""Arched_Eyebrows"", ""Bushy_Eyebrows"", ""High_Cheekbones"", ""Oval_Face"", ""Double_Chin"", ""Chubby""]",0.0738911196994337,0.0067994398496723,1.8367620200027213,2.0259482014323598,9.47420167358992e-06,0.000127346593846,"[[2653], [501]]"
lower,rdr,2,group,age_sex_annotations,"[""Male"", ""Young""]",0.0739685881012892,0.0057581555866944,1.8482033910184428,2.030471822029582,8.694260352909433e-05,0.0011686308568239,"[[2965], [501]]"
lower,rdr,3,attribute,5_o_Clock_Shadow,"[""5_o_Clock_Shadow""]",0.0780721976923292,0.0092892340806916,1.835410847049909,2.035494254389893,-2.9803232593689225e-05,-0.0003781933167313,"[[2711], [501]]"
lower,rdr,3,attribute,Arched_Eyebrows,"[""Arched_Eyebrows""]",0.0781478155695019,0.0083296678429622,1.8309047495071893,2.026987571521139,4.581464457893703e-05,0.0005813729209979,"[[2539], [501]]"
lower,rdr,3,attribute,Attractive,"[""Attractive""]",0.0781059857163396,0.0088604750584575,1.8292235089966191,2.0298983387456437,3.984791416694611e-06,5.056570550265871e-05,"[[2623], [501]]"
lower,rdr,3,attribute,Bags_Under_Eyes,"[""Bags_Under_Eyes""]",0.0782035016335364,0.0076230298235221,1.8434037186015992,2.029856547569381,0.0001015007086134,0.001288010940438,"[[2727], [501]]"
lower,rdr,3,attribute,Bald,"[""Bald""]",0.0781037758412822,0.0088885176533304,1.828996514889513,2.0316559579160525,1.7749163592761796e-06,2.252311062977963e-05,"[[2663], [501]]"
lower,rdr,3,attribute,Bangs,"[""Bangs""]",0.078121932678285,0.0086581133042098,1.8315712968833329,2.0300110445323742,1.9931753362067983e-05,0.0002529274597503,"[[2655], [501]]"
lower,rdr,3,attribute,Big_Lips,"[""Big_Lips""]",0.0781073372242289,0.0088433248634373,1.8322608914032787,2.028994034928163,5.336299305921943e-06,6.771590052290222e-05,"[[2593], [501]]"
lower,rdr,3,attribute,Big_Nose,"[""Big_Nose""]",0.0780993759455839,0.0089443508969954,1.827460540185165,2.032826031497861,-2.6249793390192844e-06,-3.331013303520258e-05,"[[2651], [501]]"
lower,rdr,3,attribute,Black_Hair,"[""Black_Hair""]",0.0780721319236682,0.0092900686635837,1.8262931814154604,2.035152033549154,-2.986900125472036e-05,-0.0003790278996235,"[[2714], [501]]"
lower,rdr,3,attribute,Blond_Hair,"[""Blond_Hair""]",0.0781147623101733,0.0087491029406472,1.8326626912823607,2.028184638923173,1.2761385250345536e-05,0.0001619378233129,"[[2639], [501]]"
lower,rdr,3,attribute,Blurry,"[""Blurry""]",0.0781528750163461,0.0082654651100262,1.8282613468614235,2.0115921872101445,5.087409142316701e-05,0.0006455756539339,"[[2705], [501]]"
lower,rdr,3,attribute,Brown_Hair,"[""Brown_Hair""]",0.078259693143853,0.006909977855351,1.8374426420613696,2.0330696394814503,0.00015769221893,0.0020010629086091,"[[2642], [501]]"
lower,rdr,3,attribute,Bushy_Eyebrows,"[""Bushy_Eyebrows""]",0.0781421383951436,0.0084017093368993,1.839141656169448,2.029329027972665,4.013747022070524e-05,0.0005093314270608,"[[2619], [501]]"
lower,rdr,3,attribute,Chubby,"[""Chubby""]",0.0780985908154961,0.0089543139421462,1.828145007824032,2.03266400735613,-3.4101094268240706e-06,-4.3273178186087335e-05,"[[2674], [501]]"
lower,rdr,3,attribute,Double_Chin,"[""Double_Chin""]",0.0781592638749106,0.0081843925752586,1.830520465537509,2.033766040414249,5.726294998767423e-05,0.0007266481887016,"[[2673], [501]]"
lower,rdr,3,attribute,Eyeglasses,"[""Eyeglasses""]",0.0781015849968576,0.0089163187556695,1.825259800598927,2.0347911637706013,-4.159280653087683e-07,-5.277991709351504e-06,"[[2735], [501]]"
lower,rdr,3,attribute,Goatee,"[""Goatee""]",0.0781035720163745,0.0088911041250372,1.8291531136377284,2.031282364495133,1.5710914515743024e-06,1.9936638922968264e-05,"[[2669], [501]]"
lower,rdr,3,attribute,Gray_Hair,"[""Gray_Hair""]",0.0781037758412822,0.0088885176533304,1.828996514889513,2.0316559579160525,1.7749163592761796e-06,2.252311062977963e-05,"[[2663], [501]]"
lower,rdr,3,attribute,Heavy_Makeup,"[""Heavy_Makeup""]",0.0780995766893101,0.0089418035244782,1.8275794896367548,2.0330017373573663,-2.4242356127940345e-06,-3.076276051805493e-05,"[[2663], [501]]"
lower,rdr,3,attribute,High_Cheekbones,"[""High_Cheekbones""]",0.0781030635408364,0.0088975565140398,1.8292360099376128,2.0313293463770896,1.0626159134691229e-06,1.3484249920314715e-05,"[[2649], [501]]"
lower,rdr,3,attribute,Male,"[""Male""]",0.0781956436920833,0.0077227445417649,1.8320755714109864,2.01958926915794,9.364276716039566e-05,0.0011882962221952,"[[2658], [501]]"
lower,rdr,3,attribute,Mouth_Slightly_Open,"[""Mouth_Slightly_Open""]",0.0780939491040059,0.0090132157494684,1.83509553888142,2.024128762278265,-8.051820917079344e-06,-0.0001021749855082,"[[2657], [501]]"
lower,rdr,3,attribute,Mustache,"[""Mustache""]",0.0781035381647486,0.0088915336911465,1.832043427905253,2.02731303591055,1.53723982568299e-06,1.9507072813618187e-05,"[[2619], [501]]"
lower,rdr,3,attribute,Narrow_Eyes,"[""Narrow_Eyes""]",0.0780972494549119,0.0089713353711695,1.825403565444629,2.0353277329671746,-4.751470010985748e-06,-6.0294607209354645e-05,"[[2745], [501]]"
lower,rdr,3,attribute,No_Beard,"[""No_Beard""]",0.0781239856684932,0.0086320615269874,1.834708846632077,2.031919451587689,2.1984743570221957e-05,0.0002789792369727,"[[2614], [501]]"
lower,rdr,3,attribute,Oval_Face,"[""Oval_Face""]",0.0781217657954661,0.0086602309928395,1.8320714422573297,2.0309575674379228,1.9764870543156895e-05,0.0002508097711206,"[[2598], [501]]"
lower,rdr,3,attribute,Pale_Skin,"[""Pale_Skin""]",0.0781171079659378,0.0087193373328157,1.8320794428212277,2.028993995332345,1.5107041014872369e-05,0.0001917034311444,"[[2554], [501]]"
lower,rdr,3,attribute,Pointy_Nose,"[""Pointy_Nose""]",0.0780867234645117,0.0091049067617504,1.8277858707124648,2.024062751838408,-1.5277460411217136e-05,-0.0001938659977902,"[[2569], [501]]"
lower,rdr,3,attribute,Receding_Hairline,"[""Receding_Hairline""]",0.0781221644446372,0.0086551722646707,1.8272152241881656,2.0323623288615087,2.016351971428909e-05,0.0002558684992894,"[[2747], [501]]"
lower,rdr,3,attribute,Rosy_Cheeks,"[""Rosy_Cheeks""]",0.0781064731422438,0.0088542897824545,1.8315837677700668,2.0333930522601387,4.472217320902749e-06,5.6750981505704345e-05,"[[2632], [502]]"
lower,rdr,3,attribute,Sideburns,"[""Sideburns""]",0.0781105563902035,0.0088024746954822,1.8312256081445293,2.02907369937384,8.555465280557506e-06,0.0001085660684779,"[[2655], [501]]"
lower,rdr,3,attribute,Smiling,"[""Smiling""]",0.078100303803089,0.0089325766873965,1.8279376421350584,2.032367136374144,-1.6971218339822958e-06,-2.153592343634436e-05,"[[2680], [501]]"
lower,rdr,3,attribute,Straight_Hair,"[""Straight_Hair""]",0.0781082898765998,0.0088312360150637,1.8371250149845748,2.028622696441988,6.288951676883259e-06,7.98047488964615e-05,"[[2656], [501]]"
lower,rdr,3,attribute,Wavy_Hair,"[""Wavy_Hair""]",0.0781552330949272,0.0082355418606979,1.8383641767713097,2.0332218240541824,5.323217000423319e-05,0.0006754989032622,"[[2581], [501]]"
lower,rdr,3,attribute,Wearing_Earrings,"[""Wearing_Earrings""]",0.0781167987029305,0.0087232617796724,1.8361973045001687,2.031783231531422,1.4797778007571982e-05,0.0001877789842877,"[[2672], [501]]"
lower,rdr,3,attribute,Wearing_Hat,"[""Wearing_Hat""]",0.078136002873453,0.008479567109232,1.8246083978025016,2.015149735744109,3.400194853006577e-05,0.0004314736547281,"[[2611], [501]]"
lower,rdr,3,attribute,Wearing_Lipstick,"[""Wearing_Lipstick""]",0.0781050929068069,0.0088718045207001,1.8298791080823185,2.0308300520544464,3.091981884001393e-06,3.92362432600768e-05,"[[2649], [501]]"
lower,rdr,3,attribute,Wearing_Necklace,"[""Wearing_Necklace""]",0.0781268284891966,0.008595987057974,1.82861097091322,2.0311473206640507,2.482756427364674e-05,0.0003150537059861,"[[2648], [501]]"
lower,rdr,3,attribute,Wearing_Necktie,"[""Wearing_Necktie""]",0.078129708387288,0.00855944208898,1.8301941951613516,2.031306863977022,2.770746236510635e-05,0.0003515986749801,"[[2612], [501]]"
lower,rdr,3,attribute,Young,"[""Young""]",0.0781051259373076,0.0088713853744021,1.827885564920283,2.031915800871293,3.12501238469709e-06,3.965538955807979e-05,"[[2657], [501]]"
lower,rdr,3,group,facial_hair,"[""5_o_Clock_Shadow"", ""Goatee"", ""Mustache"", ""No_Beard"", ""Sideburns""]",0.0781717033201208,0.008026540066221,1.833110665793794,2.0344318024270662,6.970239519787924e-05,0.0008845006977391,"[[2346], [527]]"
lower,rdr,3,group,hair,"[""Bald"", ""Bangs"", ""Black_Hair"", ""Blond_Hair"", ""Brown_Hair"", ""Gray_Hair"", ""Receding_Hairline"", ""Straight_Hair"", ""Wavy_Hair""]",0.0782899374898064,0.006526186953726,1.8239419312994316,2.046903036176652,0.0001879365648834,0.0023848538102341,"[[2558], [501]]"
lower,rdr,3,group,cosmetics,"[""Heavy_Makeup"", ""Wearing_Lipstick"", ""Rosy_Cheeks""]",0.0781115569823529,0.0087897775069309,1.8329705335035955,2.0315657852435787,9.556057429957464e-06,0.0001212632570292,"[[2493], [502]]"
lower,rdr,3,group,accessories,"[""Eyeglasses"", ""Wearing_Hat"", ""Wearing_Earrings"", ""Wearing_Necklace"", ""Wearing_Necktie""]",0.0782099124856567,0.0075416781976925,1.8213116869299184,2.0245379175641016,0.0001079115607337,0.0013693625662676,"[[2511], [502]]"
lower,rdr,3,group,expression,"[""Smiling"", ""Mouth_Slightly_Open""]",0.0780822432751455,0.0091617589059153,1.8339268728759763,2.02525490722688,-1.975764977743544e-05,-0.000250718141955,"[[2592], [501]]"
lower,rdr,3,group,facial_structure,"[""Big_Lips"", ""Big_Nose"", ""Pointy_Nose"", ""Narrow_Eyes"", ""Arched_Eyebrows"", ""Bushy_Eyebrows"", ""High_Cheekbones"", ""Oval_Face"", ""Double_Chin"", ""Chubby""]",0.0781822198183487,0.0078930891282165,1.8409098921027465,2.0226034519966456,8.021889342574307e-05,0.0010179516357436,"[[2018], [501]]"
lower,rdr,3,group,age_sex_annotations,"[""Male"", ""Young""]",0.0782075514620916,0.0075716388179098,1.835620473994169,2.017103511906068,0.0001055505371686,0.0013394019460503,"[[2489], [501]]"
lower,rdr,4,attribute,5_o_Clock_Shadow,"[""5_o_Clock_Shadow""]",0.085710624420746,0.0081520801339978,1.8614980013871971,2.027247327258543,-4.623047603587172e-05,-0.000534981535842,"[[2818], [501]]"
lower,rdr,4,attribute,Arched_Eyebrows,"[""Arched_Eyebrows""]",0.0857879117382239,0.0072577071715964,1.87582974322244,2.016655696127412,3.105684144200094e-05,0.0003593914265592,"[[2385], [501]]"
lower,rdr,4,attribute,Attractive,"[""Attractive""]",0.0857194885361098,0.0080495041179613,1.8721642717298863,2.020415393149942,-3.736636067203092e-05,-0.0004324055198056,"[[2411], [503]]"
lower,rdr,4,attribute,Bags_Under_Eyes,"[""Bags_Under_Eyes""]",0.0858440872136929,0.0066076415715852,1.8803590207141525,2.0126213073862043,8.723231691100397e-05,0.0010094570265705,"[[2205], [502]]"
lower,rdr,4,attribute,Bald,"[""Bald""]",0.0857530653507743,0.0076609514267894,1.8753939410444176,2.0147466999090837,-3.789546007534894e-06,-4.385282863372808e-05,"[[2396], [502]]"
lower,rdr,4,attribute,Bangs,"[""Bangs""]",0.0857079358542611,0.0081831923688402,1.8637436266733864,2.025345435528778,-4.891904252077306e-05,-0.0005660937706845,"[[2394], [503]]"
lower,rdr,4,attribute,Big_Lips,"[""Big_Lips""]",0.0857458902407849,0.0077439821824972,1.8735201132651436,2.017584647068979,-1.0964655996981154e-05,-0.0001268835843415,"[[2403], [501]]"
lower,rdr,4,attribute,Big_Nose,"[""Big_Nose""]",0.0857371882140683,0.0078446825000569,1.8734318383860264,2.017490039436736,-1.966668271351224e-05,-0.0002275839019012,"[[2403], [504]]"
lower,rdr,4,attribute,Black_Hair,"[""Black_Hair""]",0.0857078627207923,0.0081840386732436,1.8662387759496208,2.023121118157148,-4.899217598954009e-05,-0.0005669400750879,"[[2486], [503]]"
lower,rdr,4,attribute,Blond_Hair,"[""Blond_Hair""]",0.0857341497580085,0.0078798436757325,1.8653175181459951,2.021894949175325,-2.270513877332403e-05,-0.0002627450775768,"[[2416], [501]]"
lower,rdr,4,attribute,Blurry,"[""Blurry""]",0.0857951156734799,0.007174342848365,1.8754582096613968,1.9953780583613607,3.826077669806527e-05,0.0004427557497906,"[[2337], [502]]"
lower,rdr,4,attribute,Brown_Hair,"[""Brown_Hair""]",0.085794796735063,0.0071780336207457,1.8691936448409063,2.0263804972554467,3.794183828119413e-05,0.0004390649774099,"[[2421], [503]]"
lower,rdr,4,attribute,Bushy_Eyebrows,"[""Bushy_Eyebrows""]",0.0857835436763396,0.0073082546168293,1.8729974568115983,2.0177812903289265,2.6688779557706988e-05,0.0003088439813263,"[[2393], [501]]"
lower,rdr,4,attribute,Chubby,"[""Chubby""]",0.0857416801061015,0.0077927020857326,1.873903440854129,2.0172827504734347,-1.5174790680319572e-05,-0.0001756034875769,"[[2390], [504]]"
lower,rdr,4,attribute,Double_Chin,"[""Double_Chin""]",0.0857334727474516,0.0078876780780265,1.8627035276367847,2.0267683970779373,-2.338214933021721e-05,-0.0002705794798708,"[[2531], [501]]"
lower,rdr,4,attribute,Eyeglasses,"[""Eyeglasses""]",0.0857391038796004,0.0078225143162881,1.873548466296757,2.017327112655792,-1.775101718148875e-05,-0.0002054157181323,"[[2393], [504]]"
lower,rdr,4,attribute,Goatee,"[""Goatee""]",0.085756350365736,0.0076229370583433,1.875401420592528,2.0147218504171827,-5.045310458584584e-07,-5.838460187646e-06,"[[2390], [502]]"
lower,rdr,4,attribute,Gray_Hair,"[""Gray_Hair""]",0.0857371882140683,0.0078446825000569,1.8734318383860264,2.017490039436736,-1.966668271351224e-05,-0.0002275839019012,"[[2403], [504]]"
lower,rdr,4,attribute,Heavy_Makeup,"[""Heavy_Makeup""]",0.0857452734627373,0.0077511195709786,1.874208618348972,2.0166806964839994,-1.1581434044519168e-05,-0.0001340209728228,"[[2387], [503]]"
lower,rdr,4,attribute,High_Cheekbones,"[""High_Cheekbones""]",0.0857393922062355,0.0078191777850799,1.874883586981008,2.0156458549262,-1.746269054639371e-05,-0.0002020791869241,"[[2403], [503]]"
lower,rdr,4,attribute,Male,"[""Male""]",0.0857516021153573,0.0076778840651223,1.87545855603178,2.0143550155032424,-5.25278142451957e-06,-6.078546696663967e-05,"[[2388], [502]]"
lower,rdr,4,attribute,Mouth_Slightly_Open,"[""Mouth_Slightly_Open""]",0.0857371561685634,0.0078450533323501,1.8792298661388052,2.009859601612578,-1.969872821844243e-05,-0.0002279547341944,"[[2267], [502]]"
lower,rdr,4,attribute,Mustache,"[""Mustache""]",0.085744094987471,0.0077647569496513,1.8724909942173011,2.01825743778994,-1.2759909310836036e-05,-0.0001476583514956,"[[2410], [503]]"
lower,rdr,4,attribute,Narrow_Eyes,"[""Narrow_Eyes""]",0.0857371882140683,0.0078446825000569,1.8734318383860264,2.017490039436736,-1.966668271351224e-05,-0.0002275839019012,"[[2403], [504]]"
lower,rdr,4,attribute,No_Beard,"[""No_Beard""]",0.0857234806649134,0.0080033069904004,1.8657255468299496,2.025458149532592,-3.337423186842992e-05,-0.0003862083922446,"[[2398], [501]]"
lower,rdr,4,attribute,Oval_Face,"[""Oval_Face""]",0.0857371882140683,0.0078446825000569,1.8734318383860264,2.017490039436736,-1.966668271351224e-05,-0.0002275839019012,"[[2403], [504]]"
lower,rdr,4,attribute,Pale_Skin,"[""Pale_Skin""]",0.0857371882140683,0.0078446825000569,1.8734318383860264,2.017490039436736,-1.966668271351224e-05,-0.0002275839019012,"[[2403], [504]]"
lower,rdr,4,attribute,Pointy_Nose,"[""Pointy_Nose""]",0.0857371882140683,0.0078446825000569,1.8734318383860264,2.017490039436736,-1.966668271351224e-05,-0.0002275839019012,"[[2403], [504]]"
lower,rdr,4,attribute,Receding_Hairline,"[""Receding_Hairline""]",0.0857421084003488,0.0077877458418468,1.872441790642928,2.0181872667781806,-1.4746496433057366e-05,-0.000170647243691,"[[2423], [503]]"
lower,rdr,4,attribute,Rosy_Cheeks,"[""Rosy_Cheeks""]",0.0857235111002332,0.0080029547912559,1.859193853079239,2.02147334688806,-3.334379654866548e-05,-0.0003858561931001,"[[2388], [544]]"
lower,rdr,4,attribute,Sideburns,"[""Sideburns""]",0.0857439339600705,0.007766620367324,1.8710339541218013,2.0185745532520274,-1.2920936711388609e-05,-0.0001495217691682,"[[2403], [504]]"
lower,rdr,4,attribute,Smiling,"[""Smiling""]",0.0857802971010125,0.0073458241597726,1.876759622575462,2.012116800130991,2.344220423060317e-05,0.000271274438383,"[[2240], [502]]"
lower,rdr,4,attribute,Straight_Hair,"[""Straight_Hair""]",0.0857391950036736,0.0078214598236497,1.873294185383295,2.0174543146388046,-1.765989310825722e-05,-0.000204361225494,"[[2386], [504]]"
lower,rdr,4,attribute,Wavy_Hair,"[""Wavy_Hair""]",0.0857818859459943,0.007327437960852,1.8720965920470825,2.016730094338736,2.5031049212434486e-05,0.0002896606373037,"[[2342], [501]]"
lower,rdr,4,attribute,Wearing_Earrings,"[""Wearing_Earrings""]",0.0857246004768771,0.0079903484665968,1.8628442428613403,2.02075804875854,-3.2254419904786946e-05,-0.0003732498684411,"[[2384], [536]]"
lower,rdr,4,attribute,Wearing_Hat,"[""Wearing_Hat""]",0.0857207976039558,0.0080343555149873,1.864662614725727,2.015559520417204,-3.60572928260472e-05,-0.0004172569168315,"[[2455], [503]]"
lower,rdr,4,attribute,Wearing_Lipstick,"[""Wearing_Lipstick""]",0.0857518227471097,0.0076753309027092,1.8759589251372288,2.014995881247496,-5.032149672110076e-06,-5.823230455348494e-05,"[[2394], [501]]"
lower,rdr,4,attribute,Wearing_Necklace,"[""Wearing_Necklace""]",0.0857731557895963,0.0074284637965869,1.871581895280516,2.015610520057252,1.6300892814430368e-05,0.0001886348015688,"[[2385], [501]]"
lower,rdr,4,attribute,Wearing_Necktie,"[""Wearing_Necktie""]",0.0857488904596021,0.0077092634902335,1.8739272431961096,2.0170368032963326,-7.964437179777684e-06,-9.216489207786172e-05,"[[2384], [502]]"
lower,rdr,4,attribute,Young,"[""Young""]",0.0857387425625267,0.0078266954967463,1.873948333223535,2.017324492034964,-1.8112334255110385e-05,-0.0002095968985905,"[[2390], [503]]"
lower,rdr,4,group,facial_hair,"[""5_o_Clock_Shadow"", ""Goatee"", ""Mustache"", ""No_Beard"", ""Sideburns""]",0.0857390528536858,0.0078231047908947,1.862375073084946,2.0290233153312087,-1.78020430960657e-05,-0.000206006192739,"[[2295], [501]]"
lower,rdr,4,group,hair,"[""Bald"", ""Bangs"", ""Black_Hair"", ""Blond_Hair"", ""Brown_Hair"", ""Gray_Hair"", ""Receding_Hairline"", ""Straight_Hair"", ""Wavy_Hair""]",0.0859139233812911,0.005799493713232,1.8621689560879304,2.0219238111504247,0.0001570684845092,0.0018176048849236,"[[2130], [502]]"
lower,rdr,4,group,cosmetics,"[""Heavy_Makeup"", ""Wearing_Lipstick"", ""Rosy_Cheeks""]",0.085730671220378,0.0079200974988302,1.855931103083304,2.0205797821623026,-2.6183676403862544e-05,-0.0003029989006745,"[[2303], [516]]"
lower,rdr,4,group,accessories,"[""Eyeglasses"", ""Wearing_Hat"", ""Wearing_Earrings"", ""Wearing_Necklace"", ""Wearing_Necktie""]",0.085749281843813,0.0077047343712585,1.8526640129763203,2.0230812745746998,-7.573052968889993e-06,-8.763577310277881e-05,"[[2173], [532]]"
lower,rdr,4,group,expression,"[""Smiling"", ""Mouth_Slightly_Open""]",0.0857370045764602,0.0078468075642581,1.879369757139336,2.0099615186825166,-1.9850320321632146e-05,-0.0002297089661024,"[[2216], [502]]"
lower,rdr,4,group,facial_structure,"[""Big_Lips"", ""Big_Nose"", ""Pointy_Nose"", ""Narrow_Eyes"", ""Arched_Eyebrows"", ""Bushy_Eyebrows"", ""High_Cheekbones"", ""Oval_Face"", ""Double_Chin"", ""Chubby""]",0.0858121317742952,0.0069774316216422,1.875830043818612,2.019751784111652,5.5276877513346645e-05,0.0006396669765135,"[[1917], [501]]"
lower,rdr,4,group,age_sex_annotations,"[""Male"", ""Young""]",0.0857376460697914,0.007839384169196,1.872927744354618,2.0180386391150047,-1.920882699049664e-05,-0.0002222855710403,"[[2374], [504]]"
lower,log_complement,0,attribute,5_o_Clock_Shadow,"[""5_o_Clock_Shadow""]",19.582733946727565,0.0296392860113707,-10.41369413071932,-5.484064282199856,0.0066966099231962,0.0003318294168757,"[[3079], [542]]"
lower,log_complement,0,attribute,Arched_Eyebrows,"[""Arched_Eyebrows""]",19.59132514012468,0.0292135764765573,-10.302811138758308,-5.555274214568351,0.0152878033203087,0.0007575389516891,"[[3070], [570]]"
lower,log_complement,0,attribute,Attractive,"[""Attractive""]",19.577411115007276,0.0299030421754791,-10.386725866034055,-5.2910156360222205,0.0013737782029039,6.807325276736442e-05,"[[3156], [566]]"
lower,log_complement,0,attribute,Bags_Under_Eyes,"[""Bags_Under_Eyes""]",19.608017379541728,0.0283864451167144,-10.268492042825674,-5.209089802409369,0.0319800427373593,0.001584670311532,"[[3150], [568]]"
lower,log_complement,0,attribute,Bald,"[""Bald""]",19.57755130648688,0.0298960954281753,-10.34352759420237,-5.384770588119751,0.0015139696825094,7.5020000071091e-05,"[[3124], [568]]"
lower,log_complement,0,attribute,Bangs,"[""Bangs""]",19.57722138547564,0.0299124436249539,-10.344895936748127,-5.369048039336805,0.0011840486712735,5.8671803292553726e-05,"[[3097], [564]]"
lower,log_complement,0,attribute,Big_Lips,"[""Big_Lips""]",19.558122063018107,0.0308588504048759,-10.32865416461654,-5.312810110902495,-0.0179152737862615,-0.0008877349766294,"[[2695], [587]]"
lower,log_complement,0,attribute,Big_Nose,"[""Big_Nose""]",19.57728902346907,0.029909092037184,-10.363116745249789,-5.3904488492017615,0.0012516866647018,6.202339106242682e-05,"[[3006], [557]]"
lower,log_complement,0,attribute,Black_Hair,"[""Black_Hair""]",19.57958908309429,0.0297951198254274,-10.337585639776824,-5.404683893934639,0.0035517462899257,0.000175995602819,"[[2963], [563]]"
lower,log_complement,0,attribute,Blond_Hair,"[""Blond_Hair""]",19.57605404614047,0.0299702874497143,-10.363437990064424,-5.331468603356967,1.6709336101428107e-05,8.279785321807509e-07,"[[3139], [565]]"
lower,log_complement,0,attribute,Blurry,"[""Blurry""]",19.650587979250112,0.0262769931045323,-9.65239536363601,-5.44040896268367,0.0745506424457431,0.0036941223237141,"[[3150], [543]]"
lower,log_complement,0,attribute,Brown_Hair,"[""Brown_Hair""]",19.62945545731481,0.027324148681956,-10.278275554354153,-5.643043646565888,0.0534181205104395,0.0026469667462903,"[[2898], [571]]"
lower,log_complement,0,attribute,Bushy_Eyebrows,"[""Bushy_Eyebrows""]",19.581618387928305,0.0296945640147328,-10.346811211472764,-5.350471361989031,0.0055810511239364,0.0002765514135136,"[[3037], [561]]"
lower,log_complement,0,attribute,Chubby,"[""Chubby""]",19.57618009744829,0.0299640413740952,-10.363982541511056,-5.342122487527126,0.000142760643925,7.074054151234854e-06,"[[3105], [563]]"
lower,log_complement,0,attribute,Double_Chin,"[""Double_Chin""]",19.5752693030806,0.0300091729208618,-10.395217099842911,-5.337862673852775,-0.0007680337237694,-3.8057492615317656e-05,"[[3275], [563]]"
lower,log_complement,0,attribute,Eyeglasses,"[""Eyeglasses""]",19.584399652116,0.0295567472262135,-10.37476049102259,-5.391895491483014,0.0083623153116327,0.0004143682020328,"[[3180], [558]]"
lower,log_complement,0,attribute,Goatee,"[""Goatee""]",19.57828487161694,0.0298597459181784,-10.36829591014402,-5.381348837325933,0.0022475348125716,0.000111369510068,"[[3038], [555]]"
lower,log_complement,0,attribute,Gray_Hair,"[""Gray_Hair""]",19.577390236331365,0.029904076752516,-10.39528182831854,-5.306881543004816,0.0013528995269957,6.703867573043532e-05,"[[3245], [557]]"
lower,log_complement,0,attribute,Heavy_Makeup,"[""Heavy_Makeup""]",19.5781076488281,0.0298685276353982,-10.355149635404132,-5.259156341526342,0.0020703120237328,0.0001025877928482,"[[3008], [561]]"
lower,log_complement,0,attribute,High_Cheekbones,"[""High_Cheekbones""]",19.58392809929542,0.0295801135413005,-10.344623930899372,-5.109148386316424,0.0078907624910513,0.0003910018869459,"[[3153], [574]]"
lower,log_complement,0,attribute,Male,"[""Male""]",19.669120934762056,0.0253586508550889,-10.293247092877046,-5.639051909395902,0.0930835979576869,0.0046124645731575,"[[2699], [548]]"
lower,log_complement,0,attribute,Mouth_Slightly_Open,"[""Mouth_Slightly_Open""]",19.604080591514947,0.0285815202502928,-10.3841323625217,-5.627710164087498,0.0280432547105782,0.0013895951779536,"[[2992], [581]]"
lower,log_complement,0,attribute,Mustache,"[""Mustache""]",19.57517350828233,0.0300139197304288,-10.33060571685234,-5.383388803145774,-0.0008638285220428,-4.280430218239761e-05,"[[3097], [576]]"
lower,log_complement,0,attribute,Narrow_Eyes,"[""Narrow_Eyes""]",19.578641297894247,0.0298420843364057,-10.34490569010958,-5.368032548791289,0.0026039610898784,0.0001290310918407,"[[3020], [564]]"
lower,log_complement,0,attribute,No_Beard,"[""No_Beard""]",19.57630183661751,0.0299580089729257,-10.40734753811484,-5.533624309542635,0.0002644998131415,1.310645532071053e-05,"[[3061], [560]]"
lower,log_complement,0,attribute,Oval_Face,"[""Oval_Face""]",19.581784863459333,0.0296863148440302,-10.446027262395448,-5.514984646496873,0.0057475266549644,0.0002848005842162,"[[3157], [563]]"
lower,log_complement,0,attribute,Pale_Skin,"[""Pale_Skin""]",19.58490587483443,0.0295316629535156,-10.36790198636332,-5.380026739058194,0.008868538030061,0.0004394524747308,"[[3064], [563]]"
lower,log_complement,0,attribute,Pointy_Nose,"[""Pointy_Nose""]",19.58113215966183,0.0297186575253274,-10.312642714513355,-5.407505037454019,0.0050948228574618,0.000252457902919,"[[3107], [564]]"
lower,log_complement,0,attribute,Receding_Hairline,"[""Receding_Hairline""]",19.57434126287097,0.0300551590310176,-10.376404366279884,-5.3363598994515,-0.0016960739333988,-8.404360277114442e-05,"[[3141], [564]]"
lower,log_complement,0,attribute,Rosy_Cheeks,"[""Rosy_Cheeks""]",19.583492383748386,0.0296017040531497,-10.309829282770703,-5.371458411326035,0.0074550469440168,0.0003694113750967,"[[3101], [569]]"
lower,log_complement,0,attribute,Sideburns,"[""Sideburns""]",19.57507953855985,0.030018576104112,-10.361235702884269,-5.363979804412651,-0.0009577982445172,-4.746067586558489e-05,"[[3067], [571]]"
lower,log_complement,0,attribute,Smiling,"[""Smiling""]",19.65344289026396,0.0261355269794598,-10.268122558525317,-5.561156216711705,0.0774055534595881,0.0038355884487866,"[[2997], [529]]"
lower,log_complement,0,attribute,Straight_Hair,"[""Straight_Hair""]",19.57378027248835,0.0300829571428492,-10.390600312322965,-5.319172652447793,-0.0022570643160193,-0.0001118417146027,"[[3146], [561]]"
lower,log_complement,0,attribute,Wavy_Hair,"[""Wavy_Hair""]",19.594998418295628,0.0290315587440824,-10.38854303105872,-5.795795965266482,0.018961081491259,0.000939556684164,"[[3086], [503]]"
lower,log_complement,0,attribute,Wearing_Earrings,"[""Wearing_Earrings""]",19.584854439281827,0.0295342116803524,-10.41012305445314,-5.278546786819412,0.0088171024774581,0.000436903747894,"[[3322], [548]]"
lower,log_complement,0,attribute,Wearing_Hat,"[""Wearing_Hat""]",19.57643123334455,0.0299515971255923,-10.362443503238564,-5.307622226716414,0.0003938965401815,1.951830265412013e-05,"[[3093], [576]]"
lower,log_complement,0,attribute,Wearing_Lipstick,"[""Wearing_Lipstick""]",19.587385281230556,0.0294088037772967,-10.41135269817713,-5.41436355424209,0.0113479444261841,0.0005623116509497,"[[3113], [552]]"
lower,log_complement,0,attribute,Wearing_Necklace,"[""Wearing_Necklace""]",19.58412746536426,0.0295702345835701,-10.287000012235412,-5.331131450041307,0.0080901285598926,0.0004008808446763,"[[3084], [568]]"
lower,log_complement,0,attribute,Wearing_Necktie,"[""Wearing_Necktie""]",19.58076369032823,0.0297369158628307,-10.307168953831669,-5.4109388430175205,0.0047263535238606,0.0002341995654157,"[[2965], [565]]"
lower,log_complement,0,attribute,Young,"[""Young""]",19.57546879343537,0.0299992878045336,-10.330750324910031,-5.228011564737548,-0.0005685433690025,-2.817237628716107e-05,"[[3135], [557]]"
lower,log_complement,0,group,facial_hair,"[""5_o_Clock_Shadow"", ""Goatee"", ""Mustache"", ""No_Beard"", ""Sideburns""]",19.573972356002567,0.0300734390491801,-10.40459090726456,-5.550245552340742,-0.0020649808018013,-0.0001023236209336,"[[2807], [583]]"
lower,log_complement,0,group,hair,"[""Bald"", ""Bangs"", ""Black_Hair"", ""Blond_Hair"", ""Brown_Hair"", ""Gray_Hair"", ""Receding_Hairline"", ""Straight_Hair"", ""Wavy_Hair""]",19.664770020089318,0.025574246730508,-10.340119487149938,-5.954018126814529,0.0887326832849453,0.0043968686977384,"[[2391], [505]]"
lower,log_complement,0,group,cosmetics,"[""Heavy_Makeup"", ""Wearing_Lipstick"", ""Rosy_Cheeks""]",19.60180934867227,0.0286940645371354,-10.334228341275422,-5.520081518089091,0.0257720118679003,0.001277050891111,"[[2978], [528]]"
lower,log_complement,0,group,accessories,"[""Eyeglasses"", ""Wearing_Hat"", ""Wearing_Earrings"", ""Wearing_Necklace"", ""Wearing_Necktie""]",19.60023808613941,0.0287719235039884,-10.31424790000318,-5.401886640330245,0.0242007493350406,0.0011991919242579,"[[2942], [549]]"
lower,log_complement,0,group,expression,"[""Smiling"", ""Mouth_Slightly_Open""]",19.663105457641187,0.0256567288808573,-10.314154006773473,-5.719449072398323,0.0870681208368182,0.0043143865473891,"[[2846], [546]]"
lower,log_complement,0,group,facial_structure,"[""Big_Lips"", ""Big_Nose"", ""Pointy_Nose"", ""Narrow_Eyes"", ""Arched_Eyebrows"", ""Bushy_Eyebrows"", ""High_Cheekbones"", ""Oval_Face"", ""Double_Chin"", ""Chubby""]",19.614012672549237,0.0280893672511232,-10.432577890731343,-5.444381660188522,0.0379753357448642,0.0018817481771232,"[[2513], [588]]"
lower,log_complement,0,group,age_sex_annotations,"[""Male"", ""Young""]",19.668771829440203,0.0253759496699679,-10.22565602280966,-5.58744730176258,0.0927344926358344,0.0045951657582785,"[[2658], [573]]"
lower,log_complement,1,attribute,5_o_Clock_Shadow,"[""5_o_Clock_Shadow""]",43.55217906690282,0.0285485621816876,-15.82973393945354,-6.924558917025149,-0.0278348542149018,-0.0006208692590786,"[[3358], [570]]"
lower,log_complement,1,attribute,Arched_Eyebrows,"[""Arched_Eyebrows""]",43.604154576411055,0.0273892244740255,-15.979669949332472,-6.98877656511461,0.0241406552933298,0.0005384684485834,"[[3010], [618]]"
lower,log_complement,1,attribute,Attractive,"[""Attractive""]",43.61967195118093,0.0270431022740731,-16.235194028171875,-6.899336801979918,0.0396580300632081,0.0008845906485358,"[[3535], [605]]"
lower,log_complement,1,attribute,Bags_Under_Eyes,"[""Bags_Under_Eyes""]",43.669952406082615,0.0259215735410707,-16.0068166181727,-6.849732560945459,0.0899384849648896,0.0020061193815382,"[[3277], [625]]"
lower,log_complement,1,attribute,Bald,"[""Bald""]",43.60126608724937,0.0274536535567802,-15.996391252916949,-6.9670860356075615,0.0212521661316458,0.0004740393658287,"[[3075], [619]]"
lower,log_complement,1,attribute,Bangs,"[""Bangs""]",43.57624599654538,0.0280117382177427,-16.08367218307225,-6.858718080560891,-0.0037679245723438,-8.404529513372783e-05,"[[3378], [618]]"
lower,log_complement,1,attribute,Big_Lips,"[""Big_Lips""]",43.563311610580335,0.0283002456612794,-16.33731100351447,-6.794238627831672,-0.01670231053739,-0.0003725527386704,"[[3224], [613]]"
lower,log_complement,1,attribute,Big_Nose,"[""Big_Nose""]",43.581914405414,0.0278853017439877,-16.110115209329393,-6.791061050373774,0.0019004842962786,4.2391178621259407e-05,"[[3337], [640]]"
lower,log_complement,1,attribute,Black_Hair,"[""Black_Hair""]",43.56881080567577,0.0281775835787669,-16.001949381936285,-6.945379284642852,-0.0112031154419582,-0.0002498906561579,"[[3272], [579]]"
lower,log_complement,1,attribute,Blond_Hair,"[""Blond_Hair""]",43.57327617624678,0.0280779814290114,-16.083327290021195,-6.870842561682226,-0.0067377448709464,-0.0001502885064024,"[[3259], [634]]"
lower,log_complement,1,attribute,Blurry,"[""Blurry""]",43.71360258396521,0.0249479361944769,-14.838963648902103,-6.600128959199659,0.1335886628474867,0.0029797567281319,"[[3679], [603]]"
lower,log_complement,1,attribute,Brown_Hair,"[""Brown_Hair""]",43.661584671400014,0.0261082197218784,-16.000589709153928,-6.999961558802776,0.0815707502822888,0.0018194732007305,"[[3281], [627]]"
lower,log_complement,1,attribute,Bushy_Eyebrows,"[""Bushy_Eyebrows""]",43.58826873621348,0.0277435654652578,-16.039917567328377,-7.220364306194154,0.0082548150957535,0.0001841274573511,"[[3303], [581]]"
lower,log_complement,1,attribute,Chubby,"[""Chubby""]",43.58917210385211,0.0277234154334976,-16.01070279945495,-6.917330909411215,0.0091581827343816,0.0002042774891113,"[[3260], [608]]"
lower,log_complement,1,attribute,Double_Chin,"[""Double_Chin""]",43.613152299459976,0.0271885261121931,-16.1444397782087,-6.753533985344875,0.0331383783422509,0.0007391668104158,"[[3576], [624]]"
lower,log_complement,1,attribute,Eyeglasses,"[""Eyeglasses""]",43.58327606049753,0.0278549293994335,-16.189172813240738,-6.795263840344638,0.0032621393798066,7.276352317542312e-05,"[[3376], [625]]"
lower,log_complement,1,attribute,Goatee,"[""Goatee""]",43.587404680615485,0.0277628386238232,-16.233107933742776,-6.771001929345017,0.0073907594977598,0.0001648542987857,"[[3348], [642]]"
lower,log_complement,1,attribute,Gray_Hair,"[""Gray_Hair""]",43.620233461473816,0.0270305775280544,-15.831105838333755,-7.016997892502136,0.0402195403560909,0.0008971153945545,"[[3065], [619]]"
lower,log_complement,1,attribute,Heavy_Makeup,"[""Heavy_Makeup""]",43.586221619205794,0.0277892273541254,-16.123071132122988,-6.856159167361837,0.0062076980880689,0.0001384655684835,"[[3284], [609]]"
lower,log_complement,1,attribute,High_Cheekbones,"[""High_Cheekbones""]",43.58471022294941,0.0278229397445921,-16.197886355947425,-6.773052873295968,0.0046963018316859,0.0001047531780168,"[[3210], [635]]"
lower,log_complement,1,attribute,Male,"[""Male""]",43.74123690407404,0.0243315399411088,-16.034863767005398,-7.107297745299037,0.1612229829563176,0.0035961529815001,"[[3275], [563]]"
lower,log_complement,1,attribute,Mouth_Slightly_Open,"[""Mouth_Slightly_Open""]",43.66402457320456,0.0260537965869872,-15.971984737626428,-7.074850398374585,0.0840106520868388,0.0018738963356217,"[[3087], [630]]"
lower,log_complement,1,attribute,Mustache,"[""Mustache""]",43.593015513715066,0.0276376864041473,-16.275327851278526,-6.784819518325218,0.013001592597341,0.0002900065184616,"[[3383], [635]]"
lower,log_complement,1,attribute,Narrow_Eyes,"[""Narrow_Eyes""]",43.58645848316563,0.0277839439942735,-16.09717962091944,-6.833974746797508,0.0064445620479034,0.0001437489283354,"[[3242], [632]]"
lower,log_complement,1,attribute,No_Beard,"[""No_Beard""]",43.59654168419058,0.0275590335456262,-16.034721267689175,-7.022933202892176,0.0165277630728581,0.0003686593769827,"[[3306], [604]]"
lower,log_complement,1,attribute,Oval_Face,"[""Oval_Face""]",43.6027784040314,0.0274199206335645,-16.148241402614527,-6.696323865008937,0.0227644829136721,0.0005077722890444,"[[3208], [613]]"
lower,log_complement,1,attribute,Pale_Skin,"[""Pale_Skin""]",43.58917210385211,0.0277234154334976,-16.01070279945495,-6.917330909411215,0.0091581827343816,0.0002042774891113,"[[3260], [608]]"
lower,log_complement,1,attribute,Pointy_Nose,"[""Pointy_Nose""]",43.5936285426106,0.0276240125119391,-16.048123590808455,-6.796040555233332,0.0136146214928771,0.0003036804106698,"[[3156], [632]]"
lower,log_complement,1,attribute,Receding_Hairline,"[""Receding_Hairline""]",43.58834253203853,0.0277419194153498,-15.95377798356508,-6.97599707856849,0.0083286109207989,0.0001857735072591,"[[3256], [619]]"
lower,log_complement,1,attribute,Rosy_Cheeks,"[""Rosy_Cheeks""]",43.589107639360535,0.0277248533437094,-15.93375857867813,-7.007161561502852,0.0090937182428092,0.0002028395788995,"[[3258], [622]]"
lower,log_complement,1,attribute,Sideburns,"[""Sideburns""]",43.53638569739549,0.0289008405715319,-16.13127309327932,-6.841559814865914,-0.0436282237222371,-0.0009731476489229,"[[3251], [635]]"
lower,log_complement,1,attribute,Smiling,"[""Smiling""]",43.64232651910597,0.0265377816895366,-16.036835166162263,-7.037824197533298,0.0623125979882388,0.0013899112330723,"[[3115], [571]]"
lower,log_complement,1,attribute,Straight_Hair,"[""Straight_Hair""]",43.58983340964446,0.0277086647028433,-16.216444750718356,-6.739177426757219,0.0098194885267375,0.0002190282197656,"[[3270], [627]]"
lower,log_complement,1,attribute,Wavy_Hair,"[""Wavy_Hair""]",43.620976669471446,0.027013999930943,-15.870316933707974,-7.023859976246288,0.0409627483537207,0.0009136929916659,"[[3094], [528]]"
lower,log_complement,1,attribute,Wearing_Earrings,"[""Wearing_Earrings""]",43.613982225731945,0.0271700142239831,-16.353480242944137,-6.5637576618141535,0.0339683046142198,0.0007576786986258,"[[3412], [623]]"
lower,log_complement,1,attribute,Wearing_Hat,"[""Wearing_Hat""]",43.582297420034685,0.0278767584262493,-16.20115700543376,-6.77048360407189,0.0022834989169595,5.093449635962255e-05,"[[3285], [623]]"
lower,log_complement,1,attribute,Wearing_Lipstick,"[""Wearing_Lipstick""]",43.61506744554144,0.027145807895692,-16.322993172289816,-6.895317918010267,0.0350535244237164,0.0007818850269168,"[[3423], [577]]"
lower,log_complement,1,attribute,Wearing_Necklace,"[""Wearing_Necklace""]",43.6383720731576,0.0266259874299753,-15.950753077117277,-6.926539097772073,0.0583581520398723,0.0013017054926336,"[[3110], [621]]"
lower,log_complement,1,attribute,Wearing_Necktie,"[""Wearing_Necktie""]",43.60158907887285,0.0274464490796735,-16.059702676421523,-6.9450249519723375,0.021575157755123,0.0004812438429354,"[[3175], [614]]"
lower,log_complement,1,attribute,Young,"[""Young""]",43.59340069937924,0.0276290946602827,-16.06704833416211,-6.357480563337467,0.0133867782615126,0.0002985982623262,"[[3260], [721]]"
lower,log_complement,1,group,facial_hair,"[""5_o_Clock_Shadow"", ""Goatee"", ""Mustache"", ""No_Beard"", ""Sideburns""]",43.57350123641355,0.0280729613582069,-15.62347940806566,-6.433250151250709,-0.0065126847041767,-0.0001452684355979,"[[2998], [624]]"
lower,log_complement,1,group,hair,"[""Bald"", ""Bangs"", ""Black_Hair"", ""Blond_Hair"", ""Brown_Hair"", ""Gray_Hair"", ""Receding_Hairline"", ""Straight_Hair"", ""Wavy_Hair""]",43.78072025778149,0.0234508455292387,-15.463093682159256,-7.5827456181656,0.2007063366637638,0.0044768473933702,"[[2305], [523]]"
lower,log_complement,1,group,cosmetics,"[""Heavy_Makeup"", ""Wearing_Lipstick"", ""Rosy_Cheeks""]",43.62652984666414,0.0268901337528577,-16.133085079187186,-7.0156922925923215,0.0465159255464158,0.0010375591697512,"[[3281], [580]]"
lower,log_complement,1,group,accessories,"[""Eyeglasses"", ""Wearing_Hat"", ""Wearing_Earrings"", ""Wearing_Necklace"", ""Wearing_Necktie""]",43.72347462181324,0.0247277358378672,-15.978926060782385,-6.852970729133787,0.1434607006955133,0.0031999570847417,"[[2974], [585]]"
lower,log_complement,1,group,expression,"[""Smiling"", ""Mouth_Slightly_Open""]",43.69901459544917,0.025273328005459,-15.682634732615014,-7.069521605196436,0.1190006743314384,0.0026543649171499,"[[3046], [592]]"
lower,log_complement,1,group,facial_structure,"[""Big_Lips"", ""Big_Nose"", ""Pointy_Nose"", ""Narrow_Eyes"", ""Arched_Eyebrows"", ""Bushy_Eyebrows"", ""High_Cheekbones"", ""Oval_Face"", ""Double_Chin"", ""Chubby""]",43.65469021666562,0.0262620037140505,-15.936147466430697,-6.912714538459212,0.0746762955478956,0.0016656892085584,"[[2673], [590]]"
lower,log_complement,1,group,age_sex_annotations,"[""Male"", ""Young""]",43.70097971601151,0.0252294950851165,-15.495431600904398,-6.802152647424128,0.1209657948937845,0.0026981978374924,"[[3204], [651]]"
lower,log_complement,2,attribute,5_o_Clock_Shadow,"[""5_o_Clock_Shadow""]",25.660750644012417,0.0260711569864027,-12.041707579432272,-5.259916550452201,-0.0619010735178449,-0.0023493950644269,"[[4395], [539]]"
lower,log_complement,2,attribute,Arched_Eyebrows,"[""Arched_Eyebrows""]",25.718103469286643,0.0238943862622025,-11.98603087633992,-5.649903025744679,-0.0045482482436192,-0.0001726243402268,"[[3882], [504]]"
lower,log_complement,2,attribute,Attractive,"[""Attractive""]",25.72695521123692,0.0235584270022461,-12.156718976375872,-5.518388133292905,0.0043034937066543,0.0001633349197295,"[[4127], [513]]"
lower,log_complement,2,attribute,Bags_Under_Eyes,"[""Bags_Under_Eyes""]",25.769982998396205,0.0219253491727299,-11.950899220201716,-5.787872185646817,0.0473312808659436,0.0017964127492458,"[[4317], [504]]"
lower,log_complement,2,attribute,Bald,"[""Bald""]",25.71757222781075,0.0239145490159409,-12.106916554077555,-5.573237579563844,-0.0050794897195132,-0.0001927870939651,"[[3942], [503]]"
lower,log_complement,2,attribute,Bangs,"[""Bangs""]",25.717720185405614,0.0239089334292738,-12.500698917579964,-5.599538579245579,-0.0049315321246439,-0.000187171507298,"[[4196], [599]]"
lower,log_complement,2,attribute,Big_Lips,"[""Big_Lips""]",25.707091259982104,0.0243123439601584,-12.097820701264643,-5.53719269744511,-0.0155604575481582,-0.0005905820381827,"[[4108], [510]]"
lower,log_complement,2,attribute,Big_Nose,"[""Big_Nose""]",25.72380527611132,0.0236779797275347,-12.128061079640638,-5.500155458457465,0.0011535585810591,4.378219444101106e-05,"[[4176], [501]]"
lower,log_complement,2,attribute,Black_Hair,"[""Black_Hair""]",25.730704662052432,0.0234161202418029,-12.125149158411457,-5.525992621306205,0.0080529445221699,0.0003056416801727,"[[4203], [501]]"
lower,log_complement,2,attribute,Blond_Hair,"[""Blond_Hair""]",25.79579630029521,0.0209456303951452,-12.081752309180873,-5.486185487354655,0.0731445827649466,0.0027761315268304,"[[4451], [501]]"
lower,log_complement,2,attribute,Blurry,"[""Blurry""]",25.798385259090207,0.0208473689810969,-10.821327651820242,-5.523389803729808,0.0757335415599449,0.0028743929408787,"[[4152], [501]]"
lower,log_complement,2,attribute,Brown_Hair,"[""Brown_Hair""]",25.795622915823465,0.0209522110342039,-12.106580509826026,-5.484208742081664,0.072971198293203,0.0027695508877717,"[[4001], [502]]"
lower,log_complement,2,attribute,Bushy_Eyebrows,"[""Bushy_Eyebrows""]",25.732429104380437,0.0233506707097665,-12.117379247267666,-5.466468457899261,0.0097773868501711,0.0003710912122091,"[[4218], [501]]"
lower,log_complement,2,attribute,Chubby,"[""Chubby""]",25.72297622558607,0.023709445534208,-12.134424717346702,-5.474395811352094,0.000324508055808,1.2316387767663528e-05,"[[4287], [501]]"
lower,log_complement,2,attribute,Double_Chin,"[""Double_Chin""]",25.72407359516082,0.0236677959388738,-12.106031573859315,-5.4737169738382665,0.001421877630559,5.396598310192236e-05,"[[4537], [504]]"
lower,log_complement,2,attribute,Eyeglasses,"[""Eyeglasses""]",25.753982513178016,0.0225326320333286,-11.721582675655084,-5.815669457119638,0.0313307956477544,0.001189129888647,"[[3540], [504]]"
lower,log_complement,2,attribute,Goatee,"[""Goatee""]",25.727885153045847,0.0235231319649884,-12.0860761554586,-5.517589115546601,0.0052334355155849,0.0001986299569872,"[[4315], [501]]"
lower,log_complement,2,attribute,Gray_Hair,"[""Gray_Hair""]",25.72554155130236,0.0236120810906858,-11.917483552591053,-5.47466000598139,0.0028898337720946,0.0001096808312899,"[[4009], [502]]"
lower,log_complement,2,attribute,Heavy_Makeup,"[""Heavy_Makeup""]",25.73366526256969,0.0233037535275006,-12.132308848098615,-5.4552562413459285,0.0110135450394288,0.000418008394475,"[[4218], [501]]"
lower,log_complement,2,attribute,High_Cheekbones,"[""High_Cheekbones""]",25.697166496702582,0.0246890287014625,-12.227105813237236,-5.398614807065908,-0.0254852208276794,-0.0009672667794867,"[[4513], [545]]"
lower,log_complement,2,attribute,Male,"[""Male""]",25.78618588529373,0.0213103843531693,-12.25666760796116,-5.544552200963258,0.0635341677634677,0.0024113775688063,"[[4335], [501]]"
lower,log_complement,2,attribute,Mouth_Slightly_Open,"[""Mouth_Slightly_Open""]",25.69631462941248,0.0247213604962631,-12.128898418193028,-5.431420334612594,-0.0263370881177849,-0.0009995985742874,"[[3966], [552]]"
lower,log_complement,2,attribute,Mustache,"[""Mustache""]",25.730737405444906,0.0234148774981751,-12.137214682293868,-5.466944784182218,0.0080856879146438,0.0003068844238005,"[[4171], [501]]"
lower,log_complement,2,attribute,Narrow_Eyes,"[""Narrow_Eyes""]",25.71970811454897,0.0238334835113255,-12.094247033912549,-5.489445175214538,-0.0029436029812899,-0.0001117215893498,"[[4347], [501]]"
lower,log_complement,2,attribute,No_Beard,"[""No_Beard""]",25.72070653115282,0.0237955895797986,-11.922821739119518,-5.515093001360347,-0.0019451863774406,-7.382765782293355e-05,"[[4360], [501]]"
lower,log_complement,2,attribute,Oval_Face,"[""Oval_Face""]",25.73587071330397,0.0232200477890457,-12.085172626357618,-5.45925107767046,0.0132189957737125,0.0005017141329299,"[[4190], [501]]"
lower,log_complement,2,attribute,Pale_Skin,"[""Pale_Skin""]",25.732387424252423,0.0233522526385031,-12.183728641062572,-5.4370367622499405,0.0097357067221643,0.0003695092834725,"[[4216], [501]]"
lower,log_complement,2,attribute,Pointy_Nose,"[""Pointy_Nose""]",25.724792568887946,0.0236405079900555,-12.032120933907796,-5.474866365321419,0.0021408513576801,8.125393192015551e-05,"[[4357], [501]]"
lower,log_complement,2,attribute,Receding_Hairline,"[""Receding_Hairline""]",25.72596630392729,0.0235959600177558,-12.04081982295035,-5.507443473595904,0.0033145863970283,0.0001258019042198,"[[4067], [501]]"
lower,log_complement,2,attribute,Rosy_Cheeks,"[""Rosy_Cheeks""]",25.72560705520002,0.0236095949539336,-12.086912472664006,-5.513915594837316,0.002955337669757,0.000112166968042,"[[4241], [501]]"
lower,log_complement,2,attribute,Sideburns,"[""Sideburns""]",25.72010092181065,0.0238185748936002,-12.11784203822105,-5.4664039042130765,-0.0025507957196104,-9.681297162456026e-05,"[[4119], [501]]"
lower,log_complement,2,attribute,Smiling,"[""Smiling""]",25.727074785025096,0.0235538886953668,-12.194661632594558,-5.430964631967067,0.0044230674948337,0.0001678732266088,"[[3891], [508]]"
lower,log_complement,2,attribute,Straight_Hair,"[""Straight_Hair""]",25.727211074539262,0.0235487159593588,-12.145023606423596,-5.47433775384498,0.0045593570090041,0.0001730459626169,"[[4565], [501]]"
lower,log_complement,2,attribute,Wavy_Hair,"[""Wavy_Hair""]",25.775828655260916,0.0217034829496455,-12.123933094826526,-5.404390125897444,0.053176937730651,0.0020182789723302,"[[5114], [501]]"
lower,log_complement,2,attribute,Wearing_Earrings,"[""Wearing_Earrings""]",25.72297622558607,0.023709445534208,-12.134424717346702,-5.474395811352094,0.000324508055808,1.2316387767663528e-05,"[[4287], [501]]"
lower,log_complement,2,attribute,Wearing_Hat,"[""Wearing_Hat""]",25.708625183799736,0.0242541253729587,-12.118702392845886,-5.550618569319048,-0.0140265337305258,-0.000532363450983,"[[4022], [514]]"
lower,log_complement,2,attribute,Wearing_Lipstick,"[""Wearing_Lipstick""]",25.70882146171675,0.0242466758354422,-12.240502511018796,-5.484006046167348,-0.013830255813513,-0.0005249139134665,"[[4398], [535]]"
lower,log_complement,2,attribute,Wearing_Necklace,"[""Wearing_Necklace""]",25.728552068768742,0.023497819827109,-12.201687977137023,-5.413802446286454,0.005900351238484,0.0002239420948666,"[[4154], [517]]"
lower,log_complement,2,attribute,Wearing_Necktie,"[""Wearing_Necktie""]",25.72024196915032,0.0238132215789509,-12.044674765429804,-5.507165694508185,-0.0024097483799394,-9.14596569752124e-05,"[[4009], [546]]"
lower,log_complement,2,attribute,Young,"[""Young""]",25.714790802723048,0.0240201153010107,-12.050901672482498,-5.454116750335506,-0.0078609148072139,-0.000298353379035,"[[4192], [501]]"
lower,log_complement,2,group,facial_hair,"[""5_o_Clock_Shadow"", ""Goatee"", ""Mustache"", ""No_Beard"", ""Sideburns""]",25.704670901036632,0.0244042063308327,-11.933537480683558,-5.465389531904637,-0.0179808164936297,-0.000682444408857,"[[3932], [515]]"
lower,log_complement,2,group,hair,"[""Bald"", ""Bangs"", ""Black_Hair"", ""Blond_Hair"", ""Brown_Hair"", ""Gray_Hair"", ""Receding_Hairline"", ""Straight_Hair"", ""Wavy_Hair""]",25.98800196522852,0.013650651247182,-11.95639728114816,-5.828087388539859,0.2653502476982545,0.0100711106747937,"[[3709], [531]]"
lower,log_complement,2,group,cosmetics,"[""Heavy_Makeup"", ""Wearing_Lipstick"", ""Rosy_Cheeks""]",25.72366456337792,0.0236833203425284,-12.192506433981231,-5.4598361754741465,0.0010128458476579,3.8441579447323626e-05,"[[4137], [501]]"
lower,log_complement,2,group,accessories,"[""Eyeglasses"", ""Wearing_Hat"", ""Wearing_Earrings"", ""Wearing_Necklace"", ""Wearing_Necktie""]",25.79101335521012,0.021127162425815,-11.807317495203105,-5.74414642860562,0.0683616376798603,0.0025945994961606,"[[3188], [536]]"
lower,log_complement,2,group,expression,"[""Smiling"", ""Mouth_Slightly_Open""]",25.715091302070288,0.0240087101404352,-12.045315775987326,-5.429264310794288,-0.0075604154599737,-0.0002869482184595,"[[3758], [550]]"
lower,log_complement,2,group,facial_structure,"[""Big_Lips"", ""Big_Nose"", ""Pointy_Nose"", ""Narrow_Eyes"", ""Arched_Eyebrows"", ""Bushy_Eyebrows"", ""High_Cheekbones"", ""Oval_Face"", ""Double_Chin"", ""Chubby""]",25.71202958729644,0.0241249145480421,-12.250236129013004,-5.455090084909092,-0.0106221302338234,-0.0004031526260663,"[[3265], [638]]"
lower,log_complement,2,group,age_sex_annotations,"[""Male"", ""Young""]",25.79219575928288,0.0210822854287805,-12.209199976249687,-5.580443080657226,0.0695440417526143,0.0026394764931951,"[[4169], [501]]"
lower,log_complement,3,attribute,5_o_Clock_Shadow,"[""5_o_Clock_Shadow""]",29.90032507232221,0.0303086624343538,-13.433670495749832,-5.840711323221656,-0.0048419020883443,-0.0001570267380388,"[[3171], [501]]"
lower,log_complement,3,attribute,Arched_Eyebrows,"[""Arched_Eyebrows""]",29.912722539675865,0.029906602701842,-13.398080705503723,-5.55667215653073,0.00755556526531,0.0002450329944728,"[[3165], [508]]"
lower,log_complement,3,attribute,Attractive,"[""Attractive""]",29.926697258115013,0.0294533914614096,-13.362150763520004,-5.5645824644025055,0.0215302837044575,0.0006982442349052,"[[3381], [501]]"
lower,log_complement,3,attribute,Bags_Under_Eyes,"[""Bags_Under_Eyes""]",29.953826070012404,0.0285735825017505,-13.356456234864536,-5.928320156488454,0.0486590956018488,0.0015780531945643,"[[3143], [511]]"
lower,log_complement,3,attribute,Bald,"[""Bald""]",29.90693116378242,0.0300944216309967,-13.297052416831566,-5.638486208188869,0.0017641893718653,5.721406531822293e-05,"[[3146], [506]]"
lower,log_complement,3,attribute,Bangs,"[""Bangs""]",29.91166763367698,0.029940814142908,-13.309497298062793,-5.624048996444181,0.0065006592664254,0.0002108215534069,"[[3153], [504]]"
lower,log_complement,3,attribute,Big_Lips,"[""Big_Lips""]",29.89384961255056,0.0305186667480908,-13.291060652876364,-5.7014765739223225,-0.0113173618599979,-0.0003670310517759,"[[3101], [506]]"
lower,log_complement,3,attribute,Big_Nose,"[""Big_Nose""]",29.902076542057827,0.0302518608769618,-13.382262835113654,-5.563987275847534,-0.0030904323527281,-0.0001002251806468,"[[3274], [504]]"
lower,log_complement,3,attribute,Black_Hair,"[""Black_Hair""]",29.91081579998608,0.0299684397874157,-13.232024034680132,-5.720219850299456,0.0056488255755269,0.0001831959088992,"[[3018], [508]]"
lower,log_complement,3,attribute,Blond_Hair,"[""Blond_Hair""]",29.900901641438928,0.0302899638390498,-13.348503948653818,-5.556415484109153,-0.0042653329716273,-0.0001383281427348,"[[3079], [501]]"
lower,log_complement,3,attribute,Blurry,"[""Blurry""]",30.010041641343022,0.0267504667856588,-12.321213914521188,-5.420496971387208,0.1048746669324671,0.0034011689106561,"[[3250], [503]]"
lower,log_complement,3,attribute,Brown_Hair,"[""Brown_Hair""]",30.004829377250974,0.0269195046582215,-13.173299320996744,-6.183998092553376,0.0996624028404227,0.0032321310380933,"[[2964], [508]]"
lower,log_complement,3,attribute,Bushy_Eyebrows,"[""Bushy_Eyebrows""]",29.938011935151494,0.029086447480597,-13.326475093175166,-5.8671574317608,0.0328449607409382,0.0010651882157178,"[[3204], [503]]"
lower,log_complement,3,attribute,Chubby,"[""Chubby""]",29.90861964309257,0.030039662903232,-13.327867528179402,-5.605251178345311,0.0034526686820193,0.0001119727930829,"[[3186], [502]]"
lower,log_complement,3,attribute,Double_Chin,"[""Double_Chin""]",29.907711654377465,0.0300691096998644,-13.414891808717732,-5.501251712373909,0.0025446799669097,8.252599645053316e-05,"[[3335], [505]]"
lower,log_complement,3,attribute,Eyeglasses,"[""Eyeglasses""]",29.909996888546647,0.029994997737108,-13.322415310480718,-5.608497426727027,0.0048299141360921,0.0001566379592069,"[[3216], [506]]"
lower,log_complement,3,attribute,Goatee,"[""Goatee""]",29.907007922420487,0.0300919322872778,-13.315948299218412,-5.613402889739295,0.0018409480099315,5.970340903715954e-05,"[[3157], [505]]"
lower,log_complement,3,attribute,Gray_Hair,"[""Gray_Hair""]",29.913128989658297,0.0298934212054482,-13.302575895881912,-5.649901349053579,0.0079620152477417,0.0002582144908667,"[[3093], [505]]"
lower,log_complement,3,attribute,Heavy_Makeup,"[""Heavy_Makeup""]",29.910153214757315,0.0299899279536874,-13.321701933091312,-5.61526716650107,0.0049862403467599,0.0001617077426274,"[[3199], [504]]"
lower,log_complement,3,attribute,High_Cheekbones,"[""High_Cheekbones""]",29.91202952722384,0.0299290776471791,-13.293360409437458,-5.638876594641214,0.0068625528132812,0.0002225580491358,"[[3146], [504]]"
lower,log_complement,3,attribute,Male,"[""Male""]",29.987552842708958,0.0274797964225429,-12.983974079940134,-5.761408052483203,0.0823858682983988,0.002671839273772,"[[3207], [501]]"
lower,log_complement,3,attribute,Mouth_Slightly_Open,"[""Mouth_Slightly_Open""]",29.94608933001093,0.0288244911371008,-13.187334487222818,-5.753193702069522,0.0409223556003759,0.0013271445592141,"[[3068], [503]]"
lower,log_complement,3,attribute,Mustache,"[""Mustache""]",29.909564316342745,0.030009026397933,-13.3094226222476,-5.5904445058442604,0.0043973419321865,0.0001426092983819,"[[3181], [505]]"
lower,log_complement,3,attribute,Narrow_Eyes,"[""Narrow_Eyes""]",29.908243729956062,0.0300518540654105,-13.30183925737153,-5.596810521546823,0.0030767555455106,9.978163090440528e-05,"[[3206], [504]]"
lower,log_complement,3,attribute,No_Beard,"[""No_Beard""]",29.908174645042152,0.0300540945441484,-13.443406825837677,-5.885317857805665,0.0030076706315966,9.754115216653592e-05,"[[3315], [502]]"
lower,log_complement,3,attribute,Oval_Face,"[""Oval_Face""]",29.91759366208358,0.0297486283255917,-13.354768314015775,-5.826137927583305,0.0124266876730239,0.0004030073707231,"[[3420], [501]]"
lower,log_complement,3,attribute,Pale_Skin,"[""Pale_Skin""]",29.91782151674839,0.0297412388174792,-13.301796227824289,-5.646229258692269,0.0126545423378345,0.0004103968788357,"[[3142], [504]]"
lower,log_complement,3,attribute,Pointy_Nose,"[""Pointy_Nose""]",29.916005102245823,0.0298001465853481,-13.248469864685603,-5.651084759952726,0.0108381278352709,0.0003514891109668,"[[3152], [504]]"
lower,log_complement,3,attribute,Receding_Hairline,"[""Receding_Hairline""]",29.90693116378242,0.0300944216309967,-13.297052416831566,-5.638486208188869,0.0017641893718653,5.721406531822293e-05,"[[3146], [506]]"
lower,log_complement,3,attribute,Rosy_Cheeks,"[""Rosy_Cheeks""]",29.90693116378242,0.0300944216309967,-13.297052416831566,-5.638486208188869,0.0017641893718653,5.721406531822293e-05,"[[3146], [506]]"
lower,log_complement,3,attribute,Sideburns,"[""Sideburns""]",29.89473548586974,0.0304899371713482,-13.304717889242776,-5.619846191946664,-0.0104314885408136,-0.0003383014750333,"[[3146], [520]]"
lower,log_complement,3,attribute,Smiling,"[""Smiling""]",29.93197581021882,0.0292822038158717,-13.306841761242875,-5.658232838417468,0.0268088358082643,0.0008694318804431,"[[2917], [508]]"
lower,log_complement,3,attribute,Straight_Hair,"[""Straight_Hair""]",29.926083679027155,0.0294732903195313,-13.44068928831602,-5.653449283059679,0.0209167046165994,0.0006783453767835,"[[3213], [502]]"
lower,log_complement,3,attribute,Wavy_Hair,"[""Wavy_Hair""]",29.91733599045593,0.0297569848215384,-13.29607031945291,-5.582707528712867,0.0121690160453731,0.0003946508747765,"[[3089], [504]]"
lower,log_complement,3,attribute,Wearing_Earrings,"[""Wearing_Earrings""]",29.90601989134718,0.0301239749212862,-13.312120980328965,-5.636993736530808,0.0008529169366262,2.76607750286928e-05,"[[3142], [505]]"
lower,log_complement,3,attribute,Wearing_Hat,"[""Wearing_Hat""]",29.93458779801385,0.0291974949729898,-12.870149108164984,-5.550064871385919,0.0294208236032957,0.0009541407233251,"[[3225], [508]]"
lower,log_complement,3,attribute,Wearing_Lipstick,"[""Wearing_Lipstick""]",29.911228932492268,0.0299550415714583,-13.33335918179032,-5.616838306659217,0.0060619580817125,0.0001965941248566,"[[3166], [504]]"
lower,log_complement,3,attribute,Wearing_Necklace,"[""Wearing_Necklace""]",29.934847965625757,0.0291890575302875,-13.236370735054653,-5.702417856900954,0.0296809912151978,0.0009625781660274,"[[3123], [506]]"
lower,log_complement,3,attribute,Wearing_Necktie,"[""Wearing_Necktie""]",29.92189312137129,0.0296091934392678,-13.226936168859176,-5.757503321658071,0.0167261469607353,0.0005424422570471,"[[3010], [505]]"
lower,log_complement,3,attribute,Young,"[""Young""]",29.910900227126795,0.029965701748053,-13.267153508661814,-5.641461704000312,0.0057332527162401,0.0001859339482619,"[[2964], [512]]"
lower,log_complement,3,group,facial_hair,"[""5_o_Clock_Shadow"", ""Goatee"", ""Mustache"", ""No_Beard"", ""Sideburns""]",29.91468589670501,0.0298429294708955,-13.465949547050178,-5.915697125776559,0.009518922294454,0.0003087062254194,"[[2825], [535]]"
lower,log_complement,3,group,hair,"[""Bald"", ""Bangs"", ""Black_Hair"", ""Blond_Hair"", ""Brown_Hair"", ""Gray_Hair"", ""Receding_Hairline"", ""Straight_Hair"", ""Wavy_Hair""]",30.042911251180374,0.0256844791801277,-13.533658804293262,-6.147991581305881,0.1377442767698227,0.0044671565161872,"[[2712], [501]]"
lower,log_complement,3,group,cosmetics,"[""Heavy_Makeup"", ""Wearing_Lipstick"", ""Rosy_Cheeks""]",29.911386052502387,0.0299499460444898,-13.325406892422924,-5.625241443734735,0.0062190780918314,0.000201689651825,"[[3088], [504]]"
lower,log_complement,3,group,accessories,"[""Eyeglasses"", ""Wearing_Hat"", ""Wearing_Earrings"", ""Wearing_Necklace"", ""Wearing_Necktie""]",29.97604668109947,0.0278529504004465,-12.774814891093165,-5.659328812406828,0.0708797066889133,0.0022986852958684,"[[2818], [510]]"
lower,log_complement,3,group,expression,"[""Smiling"", ""Mouth_Slightly_Open""]",29.95063307224832,0.028677133960312,-13.24457062000774,-5.7044960015085415,0.0454660978377639,0.0014745017360029,"[[3020], [502]]"
lower,log_complement,3,group,facial_structure,"[""Big_Lips"", ""Big_Nose"", ""Pointy_Nose"", ""Narrow_Eyes"", ""Arched_Eyebrows"", ""Bushy_Eyebrows"", ""High_Cheekbones"", ""Oval_Face"", ""Double_Chin"", ""Chubby""]",29.95393698239882,0.0285699855247921,-13.358877460973488,-5.777188736228924,0.0487700079882635,0.0015816501715227,"[[2728], [509]]"
lower,log_complement,3,group,age_sex_annotations,"[""Male"", ""Young""]",30.007777342112277,0.0268238998117013,-12.87111852649321,-5.795209641082499,0.1026103677017182,0.0033277358846136,"[[3060], [501]]"
lower,log_complement,4,attribute,5_o_Clock_Shadow,"[""5_o_Clock_Shadow""]",77.1865759354031,0.0277340986256089,-21.43554754395607,-10.050567485863253,-0.1031461554110535,-0.001299260765861,"[[4054], [557]]"
lower,log_complement,4,attribute,Arched_Eyebrows,"[""Arched_Eyebrows""]",77.33402185681787,0.0258768243528353,-21.486525946303544,-9.80049615507798,0.0442997660037178,0.0005580135069125,"[[3330], [571]]"
lower,log_complement,4,attribute,Attractive,"[""Attractive""]",77.41741915931853,0.0248263262253389,-21.686960289636065,-9.981480271863198,0.127697068504375,0.0016085116344088,"[[4171], [539]]"
lower,log_complement,4,attribute,Bags_Under_Eyes,"[""Bags_Under_Eyes""]",77.40231861860262,0.0250165372905724,-21.47474855661578,-10.36214520201522,0.1125965277884688,0.0014183005691754,"[[3573], [567]]"
lower,log_complement,4,attribute,Bald,"[""Bald""]",77.28865404032882,0.0264482913528617,-21.47986434956277,-9.791146763661626,-0.0010680504853297,-1.3453493113879668e-05,"[[3565], [569]]"
lower,log_complement,4,attribute,Bangs,"[""Bangs""]",77.29986664587761,0.0263070539173551,-21.486938615822087,-9.803570300021542,0.0101445550634622,0.0001277839423927,"[[3744], [572]]"
lower,log_complement,4,attribute,Big_Lips,"[""Big_Lips""]",77.28408943232645,0.0265057885621894,-21.54763756017575,-9.786477800494763,-0.0056326584876984,-7.095070244156343e-05,"[[3680], [565]]"
lower,log_complement,4,attribute,Big_Nose,"[""Big_Nose""]",77.26810035305273,0.0267071919329675,-21.622754046417715,-9.80674987120696,-0.0216217377614214,-0.0002723540732196,"[[3945], [582]]"
lower,log_complement,4,attribute,Black_Hair,"[""Black_Hair""]",77.30810549920507,0.0262032747814155,-21.34474428651449,-10.05261402884147,0.0183834083909175,0.0002315630783322,"[[3551], [539]]"
lower,log_complement,4,attribute,Blond_Hair,"[""Blond_Hair""]",77.29976591511692,0.0263083227530646,-21.37966210968384,-9.976628519178828,0.0100438243027696,0.0001265151066832,"[[3792], [540]]"
lower,log_complement,4,attribute,Blurry,"[""Blurry""]",77.55141900709516,0.0231384228405377,-21.089864149466887,-9.559682835063027,0.2616969162810107,0.00329641501921,"[[3680], [534]]"
lower,log_complement,4,attribute,Brown_Hair,"[""Brown_Hair""]",77.56511115613141,0.022965952311004,-21.394314019022318,-10.540260384310706,0.2753890653172561,0.0034688855487438,"[[3564], [570]]"
lower,log_complement,4,attribute,Bushy_Eyebrows,"[""Bushy_Eyebrows""]",77.28285422049906,0.0265213476710913,-21.413148960195382,-10.038183241394652,-0.0068678703150908,-8.650981134350477e-05,"[[3758], [560]]"
lower,log_complement,4,attribute,Chubby,"[""Chubby""]",77.27357983668519,0.026638170668215,-21.486091954587813,-9.782837550470695,-0.0161422541289653,-0.0002033328084671,"[[3768], [576]]"
lower,log_complement,4,attribute,Double_Chin,"[""Double_Chin""]",77.31223778237539,0.026151223268926,-21.465042131956643,-9.871714790546411,0.0225156915612387,0.0002836145908218,"[[3815], [543]]"
lower,log_complement,4,attribute,Eyeglasses,"[""Eyeglasses""]",77.26636033343097,0.0267291097564421,-21.42731081557459,-9.862469115661366,-0.023361757383185,-0.0002942718966942,"[[3404], [578]]"
lower,log_complement,4,attribute,Goatee,"[""Goatee""]",77.28398016180995,0.0265071649672952,-21.495825539806503,-9.789346297553232,-0.005741929004202,-7.232710754734306e-05,"[[3749], [577]]"
lower,log_complement,4,attribute,Gray_Hair,"[""Gray_Hair""]",77.2789811518354,0.0265701340377584,-21.589201562217585,-9.908259577715391,-0.0107409389787562,-0.0001352961780105,"[[3837], [559]]"
lower,log_complement,4,attribute,Heavy_Makeup,"[""Heavy_Makeup""]",77.36341388624015,0.0255065932908512,-21.78274375781541,-9.500979062445262,0.0736917954260008,0.0009282445688966,"[[3965], [581]]"
lower,log_complement,4,attribute,High_Cheekbones,"[""High_Cheekbones""]",77.31833040275025,0.0260744787447816,-21.51249115290014,-9.82160207905318,0.0286083119360966,0.0003603591149662,"[[3869], [540]]"
lower,log_complement,4,attribute,Male,"[""Male""]",77.3105931573754,0.0261719394723417,-21.575100335044237,-10.036800076028978,0.0208710665612414,0.0002628983874061,"[[3363], [561]]"
lower,log_complement,4,attribute,Mouth_Slightly_Open,"[""Mouth_Slightly_Open""]",77.40154677137308,0.025026259716179,-21.32866562621205,-9.93086801947698,0.1118246805589251,0.0014085781435688,"[[3457], [574]]"
lower,log_complement,4,attribute,Mustache,"[""Mustache""]",77.28410034243525,0.0265056511350961,-21.649503373916303,-9.683781337857171,-0.0056217483788998,-7.081327534830262e-05,"[[3764], [591]]"
lower,log_complement,4,attribute,Narrow_Eyes,"[""Narrow_Eyes""]",77.28677301163837,0.0264719853700281,-21.47889077721649,-9.667725756098536,-0.002949079175778,-3.714751028027763e-05,"[[3786], [579]]"
lower,log_complement,4,attribute,No_Beard,"[""No_Beard""]",77.25842677034382,0.0268290433624165,-21.37481325574589,-9.96536437593301,-0.0312953204703347,-0.0003942055026686,"[[3857], [588]]"
lower,log_complement,4,attribute,Oval_Face,"[""Oval_Face""]",77.29665063676524,0.0263475637593915,-21.34001366673368,-10.176331551112575,0.0069285459510837,8.72741003563604e-05,"[[3668], [532]]"
lower,log_complement,4,attribute,Pale_Skin,"[""Pale_Skin""]",77.28133538969897,0.0265404793319921,-21.525586504767794,-9.712314939680873,-0.0083867011151852,-0.0001056414722442,"[[3751], [569]]"
lower,log_complement,4,attribute,Pointy_Nose,"[""Pointy_Nose""]",77.28758023114452,0.0264618173843228,-21.577060786903687,-9.65635807883841,-0.0021418596696349,-2.69795245749771e-05,"[[3907], [573]]"
lower,log_complement,4,attribute,Receding_Hairline,"[""Receding_Hairline""]",77.33094425196954,0.025915590812102,-21.56553392462516,-9.662172110781672,0.0412221611553889,0.0005192470476458,"[[3799], [563]]"
lower,log_complement,4,attribute,Rosy_Cheeks,"[""Rosy_Cheeks""]",77.28776152235343,0.0264595337843767,-21.479702268028003,-9.799242162131009,-0.0019605684607171,-2.4695924628836963e-05,"[[3650], [575]]"
lower,log_complement,4,attribute,Sideburns,"[""Sideburns""]",77.27129035620521,0.0266670096700176,-21.41809446933173,-9.807092786655012,-0.0184317346089386,-0.0002321718102697,"[[3723], [574]]"
lower,log_complement,4,attribute,Smiling,"[""Smiling""]",77.37249474090524,0.0253922080465364,-21.34317468303389,-10.083485993823906,0.082772650091087,0.0010426298132114,"[[3537], [545]]"
lower,log_complement,4,attribute,Straight_Hair,"[""Straight_Hair""]",77.34194963100158,0.0257769636656729,-21.61526100618579,-9.897136250191238,0.052227540187431,0.0006578741940749,"[[3907], [582]]"
lower,log_complement,4,attribute,Wavy_Hair,"[""Wavy_Hair""]",77.41144555040258,0.0249015716444646,-21.43103110111425,-9.839586573683292,0.1217234595884235,0.0015332662152832,"[[3709], [548]]"
lower,log_complement,4,attribute,Wearing_Earrings,"[""Wearing_Earrings""]",77.3167755490829,0.0260940641608214,-21.48599952142238,-9.881373787455908,0.0270534582687531,0.0003407736989263,"[[3567], [539]]"
lower,log_complement,4,attribute,Wearing_Hat,"[""Wearing_Hat""]",77.2650717034716,0.0267453417365992,-21.56457790041707,-9.723964019603612,-0.0246503873425467,-0.0003105038768513,"[[3602], [580]]"
lower,log_complement,4,attribute,Wearing_Lipstick,"[""Wearing_Lipstick""]",77.31607505981886,0.0261028877395003,-21.56689571544052,-9.84344314724554,0.026352969004705,0.0003319501202475,"[[3692], [574]]"
lower,log_complement,4,attribute,Wearing_Necklace,"[""Wearing_Necklace""]",77.4025705013609,0.0250133644977124,-21.47929550218438,-9.85169496828492,0.1128484105467464,0.0014214733620354,"[[3561], [582]]"
lower,log_complement,4,attribute,Wearing_Necktie,"[""Wearing_Necktie""]",77.29026123795315,0.026428046596206,-21.534016665572565,-9.725543584808475,0.0005391471389941,6.791263541860992e-06,"[[3850], [572]]"
lower,log_complement,4,attribute,Young,"[""Young""]",77.27622017916154,0.0266049121005612,-21.596733211745367,-9.703509952193272,-0.0135019116526109,-0.0001700742408133,"[[3889], [574]]"
lower,log_complement,4,group,facial_hair,"[""5_o_Clock_Shadow"", ""Goatee"", ""Mustache"", ""No_Beard"", ""Sideburns""]",77.27563017665658,0.0266123439539677,-21.329576927124677,-10.097908370846143,-0.014091914157575,-0.0001775060942198,"[[3562], [557]]"
lower,log_complement,4,group,hair,"[""Bald"", ""Bangs"", ""Black_Hair"", ""Blond_Hair"", ""Brown_Hair"", ""Gray_Hair"", ""Receding_Hairline"", ""Straight_Hair"", ""Wavy_Hair""]",77.75387974899611,0.0205881649319347,-21.360606020634343,-10.457919284495162,0.4641576581819606,0.0058466729278131,"[[2881], [533]]"
lower,log_complement,4,group,cosmetics,"[""Heavy_Makeup"", ""Wearing_Lipstick"", ""Rosy_Cheeks""]",77.38466114759771,0.0252389562378378,-21.59494921202713,-9.909238107840917,0.0949390567835593,0.0011958816219099,"[[3264], [538]]"
lower,log_complement,4,group,accessories,"[""Eyeglasses"", ""Wearing_Hat"", ""Wearing_Earrings"", ""Wearing_Necklace"", ""Wearing_Necktie""]",77.43595268709996,0.0245928721968932,-21.41240786616161,-10.071044920375291,0.1462305962858039,0.0018419656628546,"[[2948], [533]]"
lower,log_complement,4,group,expression,"[""Smiling"", ""Mouth_Slightly_Open""]",77.43487464228451,0.0246064515816697,-21.347243322542173,-10.0535971058067,0.1451525514703604,0.0018283862780781,"[[3397], [560]]"
lower,log_complement,4,group,facial_structure,"[""Big_Lips"", ""Big_Nose"", ""Pointy_Nose"", ""Narrow_Eyes"", ""Arched_Eyebrows"", ""Bushy_Eyebrows"", ""High_Cheekbones"", ""Oval_Face"", ""Double_Chin"", ""Chubby""]",77.35179197980305,0.025652986406504,-21.423086073736805,-10.335744457341754,0.0620698889889013,0.0007818514532438,"[[3106], [595]]"
lower,log_complement,4,group,age_sex_annotations,"[""Male"", ""Young""]",77.34628447611541,0.0257223606205081,-21.63504281647652,-10.063751206882296,0.0565623853012624,0.0007124772392397,"[[3366], [525]]"
upper,rdr,0,attribute,5_o_Clock_Shadow,"[""5_o_Clock_Shadow""]",0.1624593824526823,0.0250709477617003,1.5554496884248317,1.9361872836596508,0.0001384328526053,0.0008307443236067,"[[2407], [507]]"
upper,rdr,0,attribute,Arched_Eyebrows,"[""Arched_Eyebrows""]",0.1623479621909994,0.0257395878148792,1.5728454164686556,1.940321193669093,2.701259092258157e-05,0.0001621042704278,"[[2392], [510]]"
upper,rdr,0,attribute,Attractive,"[""Attractive""]",0.1622701285576806,0.0262066723822229,1.5575415025837476,1.955653452999983,-5.0821042396287375e-05,-0.0003049802969158,"[[2497], [519]]"
upper,rdr,0,attribute,Bags_Under_Eyes,"[""Bags_Under_Eyes""]",0.1623451235633672,0.0257566225992385,1.576641428146783,1.9354543077965445,2.4173963290297085e-05,0.0001450694860686,"[[2393], [513]]"
upper,rdr,0,attribute,Bald,"[""Bald""]",0.1623366374405576,0.0258075483601457,1.5758686452609143,1.94158435025176,1.5687840480699267e-05,9.414372516136638e-05,"[[2397], [511]]"
upper,rdr,0,attribute,Bangs,"[""Bangs""]",0.1625582137689218,0.0244778547681273,1.5583190263101143,1.94605409094056,0.0002372641688449,0.0014238373171797,"[[2452], [506]]"
upper,rdr,0,attribute,Big_Lips,"[""Big_Lips""]",0.1623332545642902,0.0258278492150632,1.5714662532890402,1.9327759020203328,1.2304964213366576e-05,7.384287024392311e-05,"[[2390], [513]]"
upper,rdr,0,attribute,Big_Nose,"[""Big_Nose""]",0.162346434728973,0.0257487542113242,1.5752124119235429,1.9395557075850236,2.5485128896135523e-05,0.0001529378739828,"[[2388], [511]]"
upper,rdr,0,attribute,Black_Hair,"[""Black_Hair""]",0.1623656733643192,0.0256333019410933,1.5747326987860408,1.9330698394693848,4.472376424238811e-05,0.0002683901442137,"[[2396], [513]]"
upper,rdr,0,attribute,Blond_Hair,"[""Blond_Hair""]",0.1623623807077193,0.0256530613820678,1.5735516180233429,1.93130443364514,4.143110764245894e-05,0.0002486307032393,"[[2390], [513]]"
upper,rdr,0,attribute,Blurry,"[""Blurry""]",0.1623841289580296,0.0255225487533554,1.5736859296748271,1.930147971513436,6.317935795277507e-05,0.0003791433319516,"[[2393], [513]]"
upper,rdr,0,attribute,Brown_Hair,"[""Brown_Hair""]",0.1628233642310227,0.0228866700374342,1.571395962189827,1.9243720104707145,0.0005024146309458,0.0030150220478728,"[[2381], [510]]"
upper,rdr,0,attribute,Bushy_Eyebrows,"[""Bushy_Eyebrows""]",0.1623285554620389,0.0258560488255447,1.5656955665615535,1.9486376997363304,7.605861962078908e-06,4.56432597624179e-05,"[[2391], [512]]"
upper,rdr,0,attribute,Chubby,"[""Chubby""]",0.1623667571935501,0.0256267978131758,1.579852333062389,1.936491207550116,4.580759347327934e-05,0.0002748942721312,"[[2414], [513]]"
upper,rdr,0,attribute,Double_Chin,"[""Double_Chin""]",0.1623132744112908,0.0259477513797352,1.5683258228577717,1.9467832599879693,-7.675188786110398e-06,-4.605929442813572e-05,"[[2391], [512]]"
upper,rdr,0,attribute,Eyeglasses,"[""Eyeglasses""]",0.1625301491404742,0.0246462723824302,1.5840727239558516,1.9411669491176151,0.0002091995403973,0.0012554197028769,"[[2405], [523]]"
upper,rdr,0,attribute,Goatee,"[""Goatee""]",0.1623468476331087,0.0257462763474326,1.5520835135246376,1.950450919122228,2.5898033031795945e-05,0.0001554157378744,"[[2413], [512]]"
upper,rdr,0,attribute,Gray_Hair,"[""Gray_Hair""]",0.1623703996864261,0.0256049389825331,1.573649516308055,1.9316140425392836,4.945008634926751e-05,0.0002967531027739,"[[2395], [505]]"
upper,rdr,0,attribute,Heavy_Makeup,"[""Heavy_Makeup""]",0.1622758620517543,0.0261722653208459,1.5718054568829354,1.9319354736241607,-4.508754832255324e-05,-0.0002705732355388,"[[2395], [505]]"
upper,rdr,0,attribute,High_Cheekbones,"[""High_Cheekbones""]",0.162361102296682,0.0256607332077402,1.5421671173674172,1.9499467357594629,4.015269660509469e-05,0.0002409588775669,"[[2486], [512]]"
upper,rdr,0,attribute,Male,"[""Male""]",0.1623661481612593,0.0256304526545589,1.5734848000649984,1.931741578000719,4.5198561182485664e-05,0.0002712394307481,"[[2389], [512]]"
upper,rdr,0,attribute,Mouth_Slightly_Open,"[""Mouth_Slightly_Open""]",0.1623510335142783,0.0257211566091947,1.5541970198586688,1.941967935151973,3.0083914201450845e-05,0.0001805354761124,"[[2375], [514]]"
upper,rdr,0,attribute,Mustache,"[""Mustache""]",0.1623525007214508,0.0257123518059474,1.5729282157344713,1.9308658742492315,3.155112137398497e-05,0.0001893402793596,"[[2389], [513]]"
upper,rdr,0,attribute,Narrow_Eyes,"[""Narrow_Eyes""]",0.1623739430283632,0.0255836751629595,1.5670354849033687,1.9357356390514824,5.299342828637976e-05,0.0003180169223475,"[[2399], [513]]"
upper,rdr,0,attribute,No_Beard,"[""No_Beard""]",0.1623348062018969,0.0258185377394291,1.5718496135529525,1.9332115711780664,1.3856601819989269e-05,8.315434587802262e-05,"[[2391], [513]]"
upper,rdr,0,attribute,Oval_Face,"[""Oval_Face""]",0.1624832817875653,0.0249275263381121,1.5761799936947527,1.9233919464048843,0.0001623321874884,0.0009741657471949,"[[2394], [515]]"
upper,rdr,0,attribute,Pale_Skin,"[""Pale_Skin""]",0.1622702897295779,0.0262057051794504,1.5937997070230598,1.9382450897889545,-5.065987049893139e-05,-0.0003040130941432,"[[2390], [514]]"
upper,rdr,0,attribute,Pointy_Nose,"[""Pointy_Nose""]",0.1623591665968108,0.0256723494653692,1.57318067655606,1.932736439398052,3.82169967339252e-05,0.0002293426199379,"[[2390], [513]]"
upper,rdr,0,attribute,Receding_Hairline,"[""Receding_Hairline""]",0.1622899747491435,0.0260875741292231,1.5731798010811875,1.9427245426705135,-3.097485093331298e-05,-0.000185882043916,"[[2387], [511]]"
upper,rdr,0,attribute,Rosy_Cheeks,"[""Rosy_Cheeks""]",0.1623084485998528,0.0259767113800778,1.5673325127710378,1.9421101398797385,-1.250100022406886e-05,-7.501929477071734e-05,"[[2397], [512]]"
upper,rdr,0,attribute,Sideburns,"[""Sideburns""]",0.1622763835537794,0.0261691357541359,1.5626391970079017,1.9492889200151111,-4.456604629746175e-05,-0.0002674436688288,"[[2449], [511]]"
upper,rdr,0,attribute,Smiling,"[""Smiling""]",0.1623181746615288,0.0259183446674348,1.5703558556254802,1.9462963586508597,-2.774938548083528e-06,-1.6652582127685278e-05,"[[2471], [512]]"
upper,rdr,0,attribute,Straight_Hair,"[""Straight_Hair""]",0.1622955959877517,0.0260538407200109,1.56056494251781,1.9499126334718853,-2.535361232516853e-05,-0.0001521486347038,"[[2399], [509]]"
upper,rdr,0,attribute,Wavy_Hair,"[""Wavy_Hair""]",0.1624358744210617,0.0252120209496065,1.5749320489746137,1.931419365758658,0.0001149248209847,0.0006896711357006,"[[2383], [509]]"
upper,rdr,0,attribute,Wearing_Earrings,"[""Wearing_Earrings""]",0.1623552346926013,0.0256959450717699,1.5731563245657885,1.9329373682924165,3.4285092524427574e-05,0.0002057470135371,"[[2392], [513]]"
upper,rdr,0,attribute,Wearing_Hat,"[""Wearing_Hat""]",0.1623134856858955,0.0259464835074396,1.5738243293307088,1.9315834848924267,-7.463914181354836e-06,-4.4791422132539616e-05,"[[2391], [513]]"
upper,rdr,0,attribute,Wearing_Lipstick,"[""Wearing_Lipstick""]",0.1625087495951228,0.02477469241058,1.5731862996906294,1.9352016765928968,0.0001877999950459,0.001126999674727,"[[2398], [510]]"
upper,rdr,0,attribute,Wearing_Necklace,"[""Wearing_Necklace""]",0.162375116290895,0.0255766343401344,1.5626474326331845,1.9236968200116344,5.416669081814707e-05,0.0003250577451726,"[[2383], [513]]"
upper,rdr,0,attribute,Wearing_Necktie,"[""Wearing_Necktie""]",0.1623339056418051,0.0258239420576251,1.57132494011298,1.9334363453185923,1.2956041728268142e-05,7.775002768195538e-05,"[[2396], [513]]"
upper,rdr,0,attribute,Young,"[""Young""]",0.1622261979347567,0.0264703028351079,1.5628645760535478,1.947878656080416,-9.47516653201641e-05,-0.0005686107498008,"[[2435], [512]]"
upper,rdr,0,group,facial_hair,"[""5_o_Clock_Shadow"", ""Goatee"", ""Mustache"", ""No_Beard"", ""Sideburns""]",0.1626110234049092,0.0241609407950161,1.5311500245760472,1.9594005117680215,0.0002900738048323,0.0017407512902909,"[[2310], [536]]"
upper,rdr,0,group,hair,"[""Bald"", ""Bangs"", ""Black_Hair"", ""Blond_Hair"", ""Brown_Hair"", ""Gray_Hair"", ""Receding_Hairline"", ""Straight_Hair"", ""Wavy_Hair""]",0.1629386105898708,0.0221950693326337,1.5161593184122597,1.9302129010026416,0.0006176609897939,0.0037066227526734,"[[1955], [576]]"
upper,rdr,0,group,cosmetics,"[""Heavy_Makeup"", ""Wearing_Lipstick"", ""Rosy_Cheeks""]",0.162308805045635,0.025974572326344,1.5611476557263118,1.952073238980985,-1.2144554441845257e-05,-7.288024103691004e-05,"[[2404], [504]]"
upper,rdr,0,group,accessories,"[""Eyeglasses"", ""Wearing_Hat"", ""Wearing_Earrings"", ""Wearing_Necklace"", ""Wearing_Necktie""]",0.1626410664464237,0.0239806505984893,1.5813580639853395,1.919691425598527,0.0003201168463468,0.0019210414868178,"[[2143], [521]]"
upper,rdr,0,group,expression,"[""Smiling"", ""Mouth_Slightly_Open""]",0.1622684234337182,0.026216904939207,1.548052204672114,1.9436896049181407,-5.252616635861851e-05,-0.0003152128538999,"[[2409], [514]]"
upper,rdr,0,group,facial_structure,"[""Big_Lips"", ""Big_Nose"", ""Pointy_Nose"", ""Narrow_Eyes"", ""Arched_Eyebrows"", ""Bushy_Eyebrows"", ""High_Cheekbones"", ""Oval_Face"", ""Double_Chin"", ""Chubby""]",0.1627100456564411,0.0235667019866505,1.5655655810635405,1.9294137670468705,0.0003890960563642,0.0023349900986565,"[[1878], [509]]"
upper,rdr,0,group,age_sex_annotations,"[""Male"", ""Young""]",0.1622872739639493,0.026103781712374,1.5628701777975538,1.9489701670670243,-3.367563612757807e-05,-0.0002020896270669,"[[2337], [513]]"
upper,rdr,1,attribute,5_o_Clock_Shadow,"[""5_o_Clock_Shadow""]",0.161735627417341,0.018411139235998,1.487277487549943,1.965534504993433,0.0002812804513703,0.0017071177341982,"[[2638], [501]]"
upper,rdr,1,attribute,Arched_Eyebrows,"[""Arched_Eyebrows""]",0.16145117769897,0.0201374915521761,1.4577679622293855,1.960370346893875,-3.169267000641129e-06,-1.92345819798323e-05,"[[2618], [501]]"
upper,rdr,1,attribute,Attractive,"[""Attractive""]",0.1615215029681397,0.019710680824388,1.472542113928547,1.9633136791790504,6.715600216911088e-05,0.0004075761458082,"[[2651], [515]]"
upper,rdr,1,attribute,Bags_Under_Eyes,"[""Bags_Under_Eyes""]",0.1614207025343014,0.0203224482166188,1.4608210920755385,1.9624241191164489,-3.364443166925524e-05,-0.0002041912464225,"[[2457], [501]]"
upper,rdr,1,attribute,Bald,"[""Bald""]",0.1614307720028417,0.020261335657124,1.4606293145867069,1.9617573378106503,-2.35749631289639e-05,-0.0001430786869277,"[[2618], [501]]"
upper,rdr,1,attribute,Bangs,"[""Bangs""]",0.1614195950923012,0.0203291693871403,1.468396577326161,1.9615737255477448,-3.475187366938637e-05,-0.000210912416944,"[[2457], [501]]"
upper,rdr,1,attribute,Big_Lips,"[""Big_Lips""]",0.1614195950923012,0.0203291693871403,1.468396577326161,1.9615737255477448,-3.475187366938637e-05,-0.000210912416944,"[[2457], [501]]"
upper,rdr,1,attribute,Big_Nose,"[""Big_Nose""]",0.1613731842054902,0.0206108414605069,1.4642050086053442,1.9507953072819293,-8.116276048042437e-05,-0.0004925844903106,"[[2401], [544]]"
upper,rdr,1,attribute,Black_Hair,"[""Black_Hair""]",0.1614436079834683,0.0201834328734188,1.4980279141552808,1.937168476774144,-1.0738982502284111e-05,-6.51759032225252e-05,"[[2458], [501]]"
upper,rdr,1,attribute,Blond_Hair,"[""Blond_Hair""]",0.1614919677453331,0.0198899328925323,1.4973899140607838,1.9586758975304328,3.762077936247943e-05,0.0002283240776639,"[[2430], [501]]"
upper,rdr,1,attribute,Blurry,"[""Blurry""]",0.1614585719211159,0.0200926153167521,1.491447534594248,1.960114787885894,4.224955145265552e-06,2.5641653444208323e-05,"[[2414], [501]]"
upper,rdr,1,attribute,Brown_Hair,"[""Brown_Hair""]",0.1615957045843016,0.0192603441790969,1.4960978443267727,1.9518733424316723,0.0001413576183309,0.0008579127910993,"[[2442], [501]]"
upper,rdr,1,attribute,Bushy_Eyebrows,"[""Bushy_Eyebrows""]",0.1614981552297298,0.0198523804629477,1.491772857101319,1.950099721557897,4.380826375913194e-05,0.0002658765072485,"[[2673], [501]]"
upper,rdr,1,attribute,Chubby,"[""Chubby""]",0.1614575280861944,0.0200989504498809,1.4911524481074547,1.9623371404477477,3.181120223821887e-06,1.930652031534308e-05,"[[2490], [501]]"
upper,rdr,1,attribute,Double_Chin,"[""Double_Chin""]",0.1614311317630686,0.0202591522381894,1.4630657710904529,1.9616446558564729,-2.321520290202161e-05,-0.0001408952679931,"[[2632], [501]]"
upper,rdr,1,attribute,Eyeglasses,"[""Eyeglasses""]",0.1622165864847233,0.0154921530449858,1.5085364511491866,1.965840786989628,0.0007622395187526,0.0046261039252104,"[[2433], [611]]"
upper,rdr,1,attribute,Goatee,"[""Goatee""]",0.161614186659675,0.0191481747109345,1.4742950136929986,1.954884234602524,0.0001598396937043,0.0009700822592617,"[[2431], [595]]"
upper,rdr,1,attribute,Gray_Hair,"[""Gray_Hair""]",0.1614350468007606,0.0202353915031594,1.488809612844867,1.96270160832438,-1.930016520998445e-05,-0.0001171345329631,"[[2583], [501]]"
upper,rdr,1,attribute,Heavy_Makeup,"[""Heavy_Makeup""]",0.1614543046998215,0.0201185134874632,1.4869098796104028,1.9625607282871105,-4.2266149080649746e-08,-2.565172669832805e-07,"[[2506], [501]]"
upper,rdr,1,attribute,High_Cheekbones,"[""High_Cheekbones""]",0.1615329574799289,0.0196411623060674,1.4689486439760595,1.9648023907492005,7.861051395824381e-05,0.0004770946641288,"[[2736], [501]]"
upper,rdr,1,attribute,Male,"[""Male""]",0.1614041728534081,0.0204227684175287,1.4643572749596565,1.953962481760212,-5.017411256250104e-05,-0.0003045114473324,"[[2426], [501]]"
upper,rdr,1,attribute,Mouth_Slightly_Open,"[""Mouth_Slightly_Open""]",0.1615019202723225,0.0198295300624002,1.49311421879681,1.9582561446811784,4.757330635182799e-05,0.000288726907796,"[[2468], [501]]"
upper,rdr,1,attribute,Mustache,"[""Mustache""]",0.1614462560087922,0.0201673617566064,1.4939020376039245,1.9562834316520428,-8.090957178408242e-06,-4.9104786410181234e-05,"[[2636], [501]]"
upper,rdr,1,attribute,Narrow_Eyes,"[""Narrow_Eyes""]",0.1615254606556329,0.0196866612436706,1.4891595733310798,1.9594972766884808,7.111368966222775e-05,0.0004315957265256,"[[2561], [501]]"
upper,rdr,1,attribute,No_Beard,"[""No_Beard""]",0.1614092539536845,0.0203919307380922,1.4670299803293996,1.9585482646127843,-4.509301228608487e-05,-0.0002736737678958,"[[2639], [536]]"
upper,rdr,1,attribute,Oval_Face,"[""Oval_Face""]",0.1614698583731289,0.0200241167691505,1.4468397936947803,1.9404477844359251,1.5511407158275148e-05,9.414020104581144e-05,"[[2414], [546]]"
upper,rdr,1,attribute,Pale_Skin,"[""Pale_Skin""]",0.1613702312641997,0.020628763141237,1.5199681578826736,1.943198435824071,-8.411570177094263e-05,-0.0005105061710407,"[[2424], [501]]"
upper,rdr,1,attribute,Pointy_Nose,"[""Pointy_Nose""]",0.1614461988437517,0.0201677086966582,1.457717038114439,1.9638669825898456,-8.148122218887277e-06,-4.945172646197982e-05,"[[2603], [501]]"
upper,rdr,1,attribute,Receding_Hairline,"[""Receding_Hairline""]",0.161400289977637,0.0204463339588107,1.508073256965659,1.946096417617452,-5.4056988333633926e-05,-0.0003280769886144,"[[2435], [501]]"
upper,rdr,1,attribute,Rosy_Cheeks,"[""Rosy_Cheeks""]",0.1614581166240788,0.0200953785576478,1.4877432443723948,1.9537851905465229,3.769658108138119e-06,2.2878412548443805e-05,"[[2647], [501]]"
upper,rdr,1,attribute,Sideburns,"[""Sideburns""]",0.1614509786885414,0.0201386993653401,1.4556504505120378,1.9656965413783147,-3.368277429249833e-06,-2.0442395143871472e-05,"[[2502], [501]]"
upper,rdr,1,attribute,Smiling,"[""Smiling""]",0.1614821722586218,0.0199493826303241,1.490215937472548,1.957205791854808,2.782529265119016e-05,0.0001688743398721,"[[2601], [501]]"
upper,rdr,1,attribute,Straight_Hair,"[""Straight_Hair""]",0.1615647519987932,0.0194481983558916,1.4409830204547265,1.9500115691611568,0.0001104050328226,0.0006700586143046,"[[2661], [549]]"
upper,rdr,1,attribute,Wavy_Hair,"[""Wavy_Hair""]",0.1614409024116325,0.0201998532454694,1.4547035987869066,1.9638843396464003,-1.3444554338104542e-05,-8.159627527315472e-05,"[[2686], [501]]"
upper,rdr,1,attribute,Wearing_Earrings,"[""Wearing_Earrings""]",0.1614174725937033,0.0203420510324157,1.4461007293307582,1.969218999595776,-3.687437226737589e-05,-0.0002237940622193,"[[2497], [501]]"
upper,rdr,1,attribute,Wearing_Hat,"[""Wearing_Hat""]",0.161558668055892,0.0194851223823212,1.5961175576878772,1.9477959639845224,0.0001043210899213,0.000633134587875,"[[2459], [501]]"
upper,rdr,1,attribute,Wearing_Lipstick,"[""Wearing_Lipstick""]",0.1614472196218137,0.020161513497796,1.4347111549778575,1.9613281972684136,-7.1273441568930895e-06,-4.32565275997332e-05,"[[2608], [501]]"
upper,rdr,1,attribute,Wearing_Necklace,"[""Wearing_Necklace""]",0.1614508688180286,0.0201393661799015,1.4458110988735884,1.951462977394612,-3.4781479419931927e-06,-2.110920970521679e-05,"[[2414], [553]]"
upper,rdr,1,attribute,Wearing_Necktie,"[""Wearing_Necktie""]",0.1615358506554661,0.0196236033493619,1.4940163161454143,1.961108814052976,8.150368949544351e-05,0.0004946536208343,"[[2394], [501]]"
upper,rdr,1,attribute,Young,"[""Young""]",0.1614422675864932,0.0201915678697754,1.4465715340491625,1.9619261895127087,-1.2079379477419884e-05,-7.331089957918202e-05,"[[2610], [552]]"
upper,rdr,1,group,facial_hair,"[""5_o_Clock_Shadow"", ""Goatee"", ""Mustache"", ""No_Beard"", ""Sideburns""]",0.1618916457973832,0.0174642488917409,1.457016088164842,1.9697452521946064,0.0004372988314125,0.0026540080784553,"[[2438], [576]]"
upper,rdr,1,group,hair,"[""Bald"", ""Bangs"", ""Black_Hair"", ""Blond_Hair"", ""Brown_Hair"", ""Gray_Hair"", ""Receding_Hairline"", ""Straight_Hair"", ""Wavy_Hair""]",0.1617013883157155,0.0186189395907795,1.4459474400441188,1.939456402799596,0.0002470413497449,0.0014993173794167,"[[2153], [545]]"
upper,rdr,1,group,cosmetics,"[""Heavy_Makeup"", ""Wearing_Lipstick"", ""Rosy_Cheeks""]",0.1614277194151473,0.020279862101329,1.4992037494585877,1.9570195844194225,-2.662755082333268e-05,-0.0001616051311327,"[[2338], [501]]"
upper,rdr,1,group,accessories,"[""Eyeglasses"", ""Wearing_Hat"", ""Wearing_Earrings"", ""Wearing_Necklace"", ""Wearing_Necktie""]",0.1623068222559856,0.0149445035918139,1.5675568864597584,1.9756464900934951,0.0008524752900149,0.0051737533783823,"[[2130], [599]]"
upper,rdr,1,group,expression,"[""Smiling"", ""Mouth_Slightly_Open""]",0.1615260933869393,0.0196828211373679,1.4686020360475742,1.9603653063005333,7.174642096863248e-05,0.0004354358328283,"[[2532], [501]]"
upper,rdr,1,group,facial_structure,"[""Big_Lips"", ""Big_Nose"", ""Pointy_Nose"", ""Narrow_Eyes"", ""Arched_Eyebrows"", ""Bushy_Eyebrows"", ""High_Cheekbones"", ""Oval_Face"", ""Double_Chin"", ""Chubby""]",0.1617034451864925,0.0186064562469737,1.4307488349717103,1.950068722730831,0.0002490982205218,0.0015118007232225,"[[2075], [604]]"
upper,rdr,1,group,age_sex_annotations,"[""Male"", ""Young""]",0.1614171895385957,0.0203437689207066,1.4711097765059191,1.9540843597116964,-3.715742737495087e-05,-0.0002255119505103,"[[2371], [527]]"
upper,rdr,2,attribute,5_o_Clock_Shadow,"[""5_o_Clock_Shadow""]",0.1321582974367009,0.029120624337696,1.437239162470349,1.979441264405185,0.0002031162495693,0.0014921603969905,"[[2362], [506]]"
upper,rdr,2,attribute,Arched_Eyebrows,"[""Arched_Eyebrows""]",0.1319517840815132,0.0306377410170072,1.4633862814710468,1.947389641596437,-3.3971056183912385e-06,-2.495628232068725e-05,"[[2363], [504]]"
upper,rdr,2,attribute,Attractive,"[""Attractive""]",0.1319207699501054,0.0308655812746522,1.4268554864863383,1.9522702258889109,-3.4411237026188424e-05,-0.0002527965399656,"[[2371], [505]]"
upper,rdr,2,attribute,Bags_Under_Eyes,"[""Bags_Under_Eyes""]",0.1319432113652051,0.0307007190790614,1.4340696564350257,1.9514650077167293,-1.1969821926499646e-05,-8.79343443749292e-05,"[[2363], [505]]"
upper,rdr,2,attribute,Bald,"[""Bald""]",0.1319326087294498,0.030778609613232,1.456990152222234,1.9536544414916155,-2.257245768175209e-05,-0.0001658248785455,"[[2367], [504]]"
upper,rdr,2,attribute,Bangs,"[""Bangs""]",0.1319212806025848,0.030861829849505,1.4634470178122831,1.9520709384722397,-3.3900584546747714e-05,-0.0002490451148184,"[[2380], [504]]"
upper,rdr,2,attribute,Big_Lips,"[""Big_Lips""]",0.1319542268661597,0.0306197954980463,1.4158426450097263,1.9536163093634165,-9.54320971885414e-07,-7.0107633598492924e-06,"[[2363], [504]]"
upper,rdr,2,attribute,Big_Nose,"[""Big_Nose""]",0.1319777248331056,0.0304471715166525,1.420055126022618,1.952323975193053,2.2543645974010262e-05,0.0001656132180339,"[[2373], [505]]"
upper,rdr,2,attribute,Black_Hair,"[""Black_Hair""]",0.1320179457131352,0.0301516953819783,1.4132274790889423,1.9485521973609667,6.276452600359472e-05,0.0004610893527081,"[[2387], [505]]"
upper,rdr,2,attribute,Blond_Hair,"[""Blond_Hair""]",0.1319541753572886,0.0306201738995661,1.4158265048523209,1.953570481573312,-1.0058298429704848e-06,-7.389164879634258e-06,"[[2363], [504]]"
upper,rdr,2,attribute,Blurry,"[""Blurry""]",0.1319539891026336,0.0306215421890085,1.415846300341767,1.953599823814716,-1.192084497919632e-06,-8.757454322050329e-06,"[[2363], [504]]"
upper,rdr,2,attribute,Brown_Hair,"[""Brown_Hair""]",0.1321762000196366,0.0289891059322652,1.4320065573321827,1.9532147015816628,0.0002210188325049,0.0016236788024213,"[[2364], [504]]"
upper,rdr,2,attribute,Bushy_Eyebrows,"[""Bushy_Eyebrows""]",0.1319880720157994,0.03037115762673,1.416386249569101,1.9492657806281704,3.289082866789195e-05,0.0002416271079564,"[[2393], [504]]"
upper,rdr,2,attribute,Chubby,"[""Chubby""]",0.1319560565733643,0.0306063538525125,1.4133306427488934,1.952137066757881,8.753862327792739e-07,6.430882174002228e-06,"[[2383], [505]]"
upper,rdr,2,attribute,Double_Chin,"[""Double_Chin""]",0.1319409625117636,0.0307172399140562,1.4628468309021847,1.9515596744969717,-1.4218675367910771e-05,-0.0001044551793697,"[[2383], [504]]"
upper,rdr,2,attribute,Eyeglasses,"[""Eyeglasses""]",0.1323830406075067,0.0274695852914278,1.4937434848454902,1.9571416964841024,0.0004278594203751,0.0031431994432586,"[[2372], [505]]"
upper,rdr,2,attribute,Goatee,"[""Goatee""]",0.1320345744157307,0.0300295353306826,1.4587966259979253,1.9534116133300905,7.939322859912279e-05,0.0005832494040038,"[[2383], [509]]"
upper,rdr,2,attribute,Gray_Hair,"[""Gray_Hair""]",0.131947542641178,0.030668900066604,1.433924719928512,1.9514561236707275,-7.63854595350888e-06,-5.611533191751672e-05,"[[2363], [505]]"
upper,rdr,2,attribute,Heavy_Makeup,"[""Heavy_Makeup""]",0.13193351983326,0.0307719163377011,1.4322754040397097,1.9498241647355103,-2.166135387152157e-05,-0.0001591316030146,"[[2363], [505]]"
upper,rdr,2,attribute,High_Cheekbones,"[""High_Cheekbones""]",0.1319510357689383,0.0306432383732802,1.4647791067707248,1.9583011886518784,-4.145418193213235e-06,-3.045363859366379e-05,"[[2386], [504]]"
upper,rdr,2,attribute,Male,"[""Male""]",0.1319616173575987,0.0305655024581593,1.393516340206626,1.9535074068157845,6.436170467111202e-06,4.7282276527171874e-05,"[[2346], [505]]"
upper,rdr,2,attribute,Mouth_Slightly_Open,"[""Mouth_Slightly_Open""]",0.1319511021574248,0.0306427506610929,1.4190713376112667,1.950273839601874,-4.079029706727244e-06,-2.99659264063612e-05,"[[2306], [505]]"
upper,rdr,2,attribute,Mustache,"[""Mustache""]",0.1319486805296088,0.0306605407548494,1.41687240927453,1.949873257602096,-6.500657522751085e-06,-4.775602016293679e-05,"[[2371], [505]]"
upper,rdr,2,attribute,Narrow_Eyes,"[""Narrow_Eyes""]",0.1319643890352356,0.0305451407804904,1.4146692107665106,1.952934309001001,9.207848104042515e-06,6.764395419611713e-05,"[[2368], [505]]"
upper,rdr,2,attribute,No_Beard,"[""No_Beard""]",0.1319505539564986,0.0306467779297799,1.4155945783505222,1.9526868639228208,-4.627230632964219e-06,-3.3993195093451334e-05,"[[2368], [505]]"
upper,rdr,2,attribute,Oval_Face,"[""Oval_Face""]",0.1320053889774187,0.0302439413927788,1.420205710346445,1.948657971862068,5.02077902871656e-05,0.0003688433419076,"[[2370], [504]]"
upper,rdr,2,attribute,Pale_Skin,"[""Pale_Skin""]",0.1318728508886022,0.0312176108438647,1.4581597524330003,1.9538673138984837,-8.233029852933171e-05,-0.0006048261091782,"[[2360], [504]]"
upper,rdr,2,attribute,Pointy_Nose,"[""Pointy_Nose""]",0.1319440023168615,0.0306949084817305,1.4630413988080802,1.9514941083795192,-1.1178870270106556e-05,-8.212374704397174e-05,"[[2381], [504]]"
upper,rdr,2,attribute,Receding_Hairline,"[""Receding_Hairline""]",0.1319316885690692,0.0307853694213798,1.4152466957746164,1.953524537413212,-2.3492618062337375e-05,-0.0001725846866933,"[[2368], [505]]"
upper,rdr,2,attribute,Rosy_Cheeks,"[""Rosy_Cheeks""]",0.1319402457165133,0.030722505733446,1.4333699140000973,1.945466144975485,-1.4935470618288038e-05,-0.0001097209987594,"[[2373], [505]]"
upper,rdr,2,attribute,Sideburns,"[""Sideburns""]",0.1319540915302695,0.0306207897210891,1.4160534858981184,1.9536931582826969,-1.0896568621021618e-06,-8.004986402632142e-06,"[[2377], [504]]"
upper,rdr,2,attribute,Smiling,"[""Smiling""]",0.1319618955106695,0.0305634590519943,1.414451513394544,1.951482642941876,6.714323537937439e-06,4.932568269222504e-05,"[[2365], [505]]"
upper,rdr,2,attribute,Straight_Hair,"[""Straight_Hair""]",0.1319186498323905,0.0308811563736306,1.3955940385094756,1.9436178304400908,-3.653135474110392e-05,-0.0002683716389441,"[[2381], [511]]"
upper,rdr,2,attribute,Wavy_Hair,"[""Wavy_Hair""]",0.1319550818343115,0.0306135146139737,1.46345751101365,1.952377616693934,-9.935282008211033e-08,-7.298792872312276e-07,"[[2373], [504]]"
upper,rdr,2,attribute,Wearing_Earrings,"[""Wearing_Earrings""]",0.131928896548698,0.0308058805436278,1.4200201875380836,1.953913298650115,-2.628463843351581e-05,-0.0001930958089413,"[[2376], [504]]"
upper,rdr,2,attribute,Wearing_Hat,"[""Wearing_Hat""]",0.1323333681074226,0.0278344962111707,1.6199385845803762,1.9614332864544448,0.000378186920291,0.0027782885235158,"[[2405], [501]]"
upper,rdr,2,attribute,Wearing_Lipstick,"[""Wearing_Lipstick""]",0.1320272273070537,0.0300835096661848,1.4091190346735345,1.952046710856532,7.204611992212007e-05,0.0005292750685016,"[[2382], [505]]"
upper,rdr,2,attribute,Wearing_Necklace,"[""Wearing_Necklace""]",0.1320984255294596,0.0295604635384846,1.4149868037473667,1.9298877288248344,0.000143244342328,0.0010523211962019,"[[2360], [505]]"
upper,rdr,2,attribute,Wearing_Necktie,"[""Wearing_Necktie""]",0.1319390128919536,0.0307315624779864,1.4628788003279471,1.951119164838148,-1.616829517794849e-05,-0.0001187777432999,"[[2382], [504]]"
upper,rdr,2,attribute,Young,"[""Young""]",0.1318579696168835,0.0313269336792489,1.4474052140408165,1.950440255499216,-9.721157024805692e-05,-0.0007141489445624,"[[2366], [502]]"
upper,rdr,2,group,facial_hair,"[""5_o_Clock_Shadow"", ""Goatee"", ""Mustache"", ""No_Beard"", ""Sideburns""]",0.1322353121015133,0.0285548486645814,1.358206417678995,1.979242883912965,0.0002801309143817,0.002057936070105,"[[2132], [588]]"
upper,rdr,2,group,hair,"[""Bald"", ""Bangs"", ""Black_Hair"", ""Blond_Hair"", ""Brown_Hair"", ""Gray_Hair"", ""Receding_Hairline"", ""Straight_Hair"", ""Wavy_Hair""]",0.1323837308155515,0.0274645147906069,1.3540800259910857,1.9392727715215672,0.0004285496284199,0.0031482699440795,"[[1884], [532]]"
upper,rdr,2,group,cosmetics,"[""Heavy_Makeup"", ""Wearing_Lipstick"", ""Rosy_Cheeks""]",0.1320095714354778,0.0302132156468522,1.4162628729711406,1.9427192279788223,5.439024834624773e-05,0.0003995690878343,"[[2243], [504]]"
upper,rdr,2,group,accessories,"[""Eyeglasses"", ""Wearing_Hat"", ""Wearing_Earrings"", ""Wearing_Necklace"", ""Wearing_Necktie""]",0.1329545280270394,0.0232712461796477,1.665976371438632,1.9465065600878813,0.0009993468399078,0.0073415385550388,"[[2137], [501]]"
upper,rdr,2,group,expression,"[""Smiling"", ""Mouth_Slightly_Open""]",0.1319592471929957,0.0305829144858152,1.4631001151404828,1.9467636622126925,4.066005864167277e-06,2.9870248871244343e-05,"[[2238], [504]]"
upper,rdr,2,group,facial_structure,"[""Big_Lips"", ""Big_Nose"", ""Pointy_Nose"", ""Narrow_Eyes"", ""Arched_Eyebrows"", ""Bushy_Eyebrows"", ""High_Cheekbones"", ""Oval_Face"", ""Double_Chin"", ""Chubby""]",0.1321030490407949,0.0295264976666045,1.4337177344190342,1.9426515724046765,0.0001478678536633,0.001086287068082,"[[1839], [505]]"
upper,rdr,2,group,age_sex_annotations,"[""Male"", ""Young""]",0.1318734360643201,0.0312133119459022,1.4482620701958453,1.9475650576897452,-8.174512281150514e-05,-0.0006005272112157,"[[2305], [502]]"
upper,rdr,3,attribute,5_o_Clock_Shadow,"[""5_o_Clock_Shadow""]",0.1754340894470456,0.0134575361622506,1.5514502913667891,1.9499102034255416,0.0001605967149805,0.0009031054305383,"[[2590], [602]]"
upper,rdr,3,attribute,Arched_Eyebrows,"[""Arched_Eyebrows""]",0.1752828696576869,0.0143079110468876,1.540265226322015,1.9563924405214177,9.376925621890075e-06,5.273054590138049e-05,"[[2702], [573]]"
upper,rdr,3,attribute,Attractive,"[""Attractive""]",0.1752663828559918,0.0144006235294864,1.5491790534610463,1.9455835684529412,-7.109876073219112e-06,-3.998193669740857e-05,"[[2626], [574]]"
upper,rdr,3,attribute,Bags_Under_Eyes,"[""Bags_Under_Eyes""]",0.1752176673677497,0.0146745719847093,1.5496682012151586,1.9529956678795035,-5.5825364315337245e-05,-0.0003139303919202,"[[2467], [579]]"
upper,rdr,3,attribute,Bald,"[""Bald""]",0.1752176673677497,0.0146745719847093,1.5496682012151586,1.9529956678795035,-5.5825364315337245e-05,-0.0003139303919202,"[[2467], [579]]"
upper,rdr,3,attribute,Bangs,"[""Bangs""]",0.1752757394295158,0.0143480074323154,1.5660841538766337,1.946478795301166,2.246697450802859e-06,1.2634160473590228e-05,"[[2467], [557]]"
upper,rdr,3,attribute,Big_Lips,"[""Big_Lips""]",0.1752176673677497,0.0146745719847093,1.5496682012151586,1.9529956678795035,-5.5825364315337245e-05,-0.0003139303919202,"[[2467], [579]]"
upper,rdr,3,attribute,Big_Nose,"[""Big_Nose""]",0.1751781658982363,0.0148967059906015,1.5649660965715015,1.938745394276597,-9.53268338287072e-05,-0.0005360643978125,"[[2448], [577]]"
upper,rdr,3,attribute,Black_Hair,"[""Black_Hair""]",0.1752761406827867,0.0143457510100221,1.5633313248080831,1.9419870429026995,2.647950721634817e-06,1.4890582766935443e-05,"[[2488], [574]]"
upper,rdr,3,attribute,Blond_Hair,"[""Blond_Hair""]",0.1753438546982887,0.0139649655429544,1.5378680845552637,1.9525497888666212,7.03619662236199e-05,0.0003956760498345,"[[2450], [563]]"
upper,rdr,3,attribute,Blurry,"[""Blurry""]",0.175369454150659,0.0138210086478384,1.5849498287508286,1.927292824508864,9.59614185939428e-05,0.0005396329449506,"[[2462], [538]]"
upper,rdr,3,attribute,Brown_Hair,"[""Brown_Hair""]",0.1754766620890267,0.0132181316129722,1.5405617445802355,1.945775118659653,0.0002031693569616,0.0011425099798167,"[[2694], [581]]"
upper,rdr,3,attribute,Bushy_Eyebrows,"[""Bushy_Eyebrows""]",0.175319586533673,0.0141014360259045,1.5355920988421816,1.9624791840962803,4.6093801607971496e-05,0.0002592055668845,"[[2473], [574]]"
upper,rdr,3,attribute,Chubby,"[""Chubby""]",0.1752510056659807,0.0144870961812286,1.544225581481041,1.9524389553426529,-2.248706608432016e-05,-0.0001264545884396,"[[2569], [566]]"
upper,rdr,3,attribute,Double_Chin,"[""Double_Chin""]",0.1752176673677497,0.0146745719847093,1.5496682012151586,1.9529956678795035,-5.5825364315337245e-05,-0.0003139303919202,"[[2467], [579]]"
upper,rdr,3,attribute,Eyeglasses,"[""Eyeglasses""]",0.1754447635125903,0.0133975112323477,1.5436581832446985,1.9539494241258135,0.0001712707805252,0.0009631303604412,"[[2541], [588]]"
upper,rdr,3,attribute,Goatee,"[""Goatee""]",0.1752567270423666,0.0144549223843681,1.539558256920203,1.9571382587051864,-1.6765689698439168e-05,-9.428079157913773e-05,"[[2585], [596]]"
upper,rdr,3,attribute,Gray_Hair,"[""Gray_Hair""]",0.175211682600806,0.0147082269416494,1.5615328644041406,1.9482064799161412,-6.181013125908241e-05,-0.0003475853488603,"[[2467], [517]]"
upper,rdr,3,attribute,Heavy_Makeup,"[""Heavy_Makeup""]",0.1751878501263116,0.0148422473488641,1.5465943700926132,1.953587770211913,-8.564260575347205e-05,-0.0004816057560751,"[[2550], [553]]"
upper,rdr,3,attribute,High_Cheekbones,"[""High_Cheekbones""]",0.1753135966226711,0.0141351199101291,1.548636566294943,1.9634215441129104,4.0103890606074666e-05,0.0002255216826598,"[[2542], [573]]"
upper,rdr,3,attribute,Male,"[""Male""]",0.1753801639821344,0.0137607825904947,1.5528199279009651,1.9381056321144847,0.0001066712500693,0.0005998590022943,"[[2389], [596]]"
upper,rdr,3,attribute,Mouth_Slightly_Open,"[""Mouth_Slightly_Open""]",0.175339678486565,0.0139884502044383,1.566764376368184,1.9476962682640475,6.618575449993114e-05,0.0003721913883506,"[[2593], [559]]"
upper,rdr,3,attribute,Mustache,"[""Mustache""]",0.1752176673677497,0.0146745719847093,1.5496682012151586,1.9529956678795035,-5.5825364315337245e-05,-0.0003139303919202,"[[2467], [579]]"
upper,rdr,3,attribute,Narrow_Eyes,"[""Narrow_Eyes""]",0.1753958384595579,0.0136726381618639,1.560053249912539,1.945283342453288,0.0001223457274928,0.0006880034309251,"[[2565], [574]]"
upper,rdr,3,attribute,No_Beard,"[""No_Beard""]",0.1752176673677497,0.0146745719847093,1.5496682012151586,1.9529956678795035,-5.5825364315337245e-05,-0.0003139303919202,"[[2467], [579]]"
upper,rdr,3,attribute,Oval_Face,"[""Oval_Face""]",0.1754510744497125,0.0133620220781175,1.5381661328562102,1.9424844407604585,0.0001775817176474,0.0009986195146715,"[[2404], [574]]"
upper,rdr,3,attribute,Pale_Skin,"[""Pale_Skin""]",0.1750801998311618,0.0154476119490091,1.557131791956122,1.9469853746659824,-0.0001932929009032,-0.00108697035622,"[[2428], [586]]"
upper,rdr,3,attribute,Pointy_Nose,"[""Pointy_Nose""]",0.1752390895635444,0.0145541056267357,1.53953108755916,1.9531238707321703,-3.4403168520658056e-05,-0.0001934640339467,"[[2609], [577]]"
upper,rdr,3,attribute,Receding_Hairline,"[""Receding_Hairline""]",0.1751798577457241,0.0148871919936682,1.5668531579474052,1.9353180522647275,-9.363498634096246e-05,-0.0005265504008792,"[[2443], [556]]"
upper,rdr,3,attribute,Rosy_Cheeks,"[""Rosy_Cheeks""]",0.1751913633300796,0.0148224910705249,1.555082771049236,1.9452043928053109,-8.212940198540353e-05,-0.0004618494777358,"[[2603], [565]]"
upper,rdr,3,attribute,Sideburns,"[""Sideburns""]",0.1752468500417841,0.0145104650700609,1.5427956833383014,1.9586269505904712,-2.6642690280909157e-05,-0.0001498234772718,"[[2467], [569]]"
upper,rdr,3,attribute,Smiling,"[""Smiling""]",0.1752647706216391,0.0144096898270098,1.5482476630257598,1.956174721953257,-8.72211042599047e-06,-4.90482342208054e-05,"[[2488], [571]]"
upper,rdr,3,attribute,Straight_Hair,"[""Straight_Hair""]",0.1752442027665958,0.0145253518540093,1.550379693314255,1.9538494067591068,-2.928996546927576e-05,-0.0001647102612203,"[[2604], [558]]"
upper,rdr,3,attribute,Wavy_Hair,"[""Wavy_Hair""]",0.1752750557957217,0.0143518518035533,1.541359501513759,1.9530172014470384,1.563063656673247e-06,8.789789235685852e-06,"[[2455], [571]]"
upper,rdr,3,attribute,Wearing_Earrings,"[""Wearing_Earrings""]",0.1752250346421032,0.0146331425851248,1.5380207234113985,1.951078896824404,-4.845808996187251e-05,-0.0002725009923357,"[[2643], [572]]"
upper,rdr,3,attribute,Wearing_Hat,"[""Wearing_Hat""]",0.1751861417572939,0.0148518542535721,1.575760076481211,1.9462675064803063,-8.735097477113873e-05,-0.0004912126607831,"[[2596], [543]]"
upper,rdr,3,attribute,Wearing_Lipstick,"[""Wearing_Lipstick""]",0.1752840400827216,0.0143013292360143,1.5516992764362991,1.951440330116235,1.054735065658674e-05,5.931235677469893e-05,"[[2479], [562]]"
upper,rdr,3,attribute,Wearing_Necklace,"[""Wearing_Necklace""]",0.1753464617197485,0.0139503051232928,1.5435951561131385,1.941667763226007,7.296898768344162e-05,0.0004103364694961,"[[2510], [582]]"
upper,rdr,3,attribute,Wearing_Necktie,"[""Wearing_Necktie""]",0.1752498938068419,0.014493348650505,1.5597336080634276,1.9462549940879208,-2.3598925223189404e-05,-0.0001327070577159,"[[2429], [575]]"
upper,rdr,3,attribute,Young,"[""Young""]",0.1752858302643276,0.0142912622634105,1.5042022833175526,1.972580511419736,1.2337532262512996e-05,6.937932937844948e-05,"[[2743], [563]]"
upper,rdr,3,group,facial_hair,"[""5_o_Clock_Shadow"", ""Goatee"", ""Mustache"", ""No_Beard"", ""Sideburns""]",0.1754726000030583,0.0132409744955173,1.5322971367280969,1.9478774208336,0.0001991072709932,0.0011196670972717,"[[2462], [596]]"
upper,rdr,3,group,hair,"[""Bald"", ""Bangs"", ""Black_Hair"", ""Blond_Hair"", ""Brown_Hair"", ""Gray_Hair"", ""Receding_Hairline"", ""Straight_Hair"", ""Wavy_Hair""]",0.1757981080166618,0.0114105008472568,1.5592251443253098,1.9407502135414347,0.0005246152845967,0.0029501407455322,"[[2123], [509]]"
upper,rdr,3,group,cosmetics,"[""Heavy_Makeup"", ""Wearing_Lipstick"", ""Rosy_Cheeks""]",0.1751979062650615,0.0147856972910598,1.5615676594196093,1.9664910074906148,-7.55864670035078e-05,-0.0004250556982707,"[[2462], [537]]"
upper,rdr,3,group,accessories,"[""Eyeglasses"", ""Wearing_Hat"", ""Wearing_Earrings"", ""Wearing_Necklace"", ""Wearing_Necktie""]",0.1753937667296859,0.0136842884032662,1.5626250804458843,1.942808794085237,0.0001202739976208,0.0006763531895227,"[[2337], [561]]"
upper,rdr,3,group,expression,"[""Smiling"", ""Mouth_Slightly_Open""]",0.1753472568758627,0.013945833613368,1.5481285253567771,1.9458947257750283,7.376414379769991e-05,0.0004148079794209,"[[2609], [578]]"
upper,rdr,3,group,facial_structure,"[""Big_Lips"", ""Big_Nose"", ""Pointy_Nose"", ""Narrow_Eyes"", ""Arched_Eyebrows"", ""Bushy_Eyebrows"", ""High_Cheekbones"", ""Oval_Face"", ""Double_Chin"", ""Chubby""]",0.1757240919518107,0.0118267254887274,1.5559468315011715,1.9349642703955432,0.0004505992197456,0.0025339161040616,"[[2047], [600]]"
upper,rdr,3,group,age_sex_annotations,"[""Male"", ""Young""]",0.1753902928044754,0.0137038238011309,1.5212624521297873,1.9527136397662213,0.0001168000724103,0.000656817791658,"[[2352], [602]]"
upper,rdr,4,attribute,5_o_Clock_Shadow,"[""5_o_Clock_Shadow""]",0.160453560266237,0.0298417112374275,1.353643329913633,1.9729922675869536,0.0002101879220901,0.0012708696178208,"[[2700], [506]]"
upper,rdr,4,attribute,Arched_Eyebrows,"[""Arched_Eyebrows""]",0.160263648605234,0.0309899834960734,1.364056650317944,1.9699056392560463,2.027626108719316e-05,0.0001225973591749,"[[2536], [507]]"
upper,rdr,4,attribute,Attractive,"[""Attractive""]",0.1602644664340367,0.0309850386173785,1.3631663203787825,1.9579375236104568,2.1094089889844847e-05,0.0001275422378698,"[[2530], [507]]"
upper,rdr,4,attribute,Bags_Under_Eyes,"[""Bags_Under_Eyes""]",0.1602255248823077,0.0312204928455333,1.3427599644943675,1.973202386483232,-1.7847461839165524e-05,-0.0001079119902849,"[[2530], [507]]"
upper,rdr,4,attribute,Bald,"[""Bald""]",0.1602007941202431,0.0313700236740454,1.365118079324643,1.9700179104092448,-4.257822390368871e-05,-0.000257442818797,"[[2518], [507]]"
upper,rdr,4,attribute,Bangs,"[""Bangs""]",0.1602242173460465,0.0312283986666287,1.3419623223922597,1.9719577302413644,-1.915499810029031e-05,-0.0001158178113803,"[[2565], [507]]"
upper,rdr,4,attribute,Big_Lips,"[""Big_Lips""]",0.160232075145384,0.0311808876662742,1.3642256372585824,1.9708342859591448,-1.1297198762805216e-05,-6.830681102587555e-05,"[[2573], [507]]"
upper,rdr,4,attribute,Big_Nose,"[""Big_Nose""]",0.1602146181249084,0.0312864389116529,1.3740171478421588,1.9750161658074847,-2.8754219238452672e-05,-0.0001738580564045,"[[2491], [507]]"
upper,rdr,4,attribute,Black_Hair,"[""Black_Hair""]",0.1602315641327076,0.031183977427467,1.3629290627150077,1.964513834506348,-1.1808211439284788e-05,-7.139657221866269e-05,"[[2594], [507]]"
upper,rdr,4,attribute,Blond_Hair,"[""Blond_Hair""]",0.1602088119453223,0.0313215451021424,1.3663927165492546,1.96937412555464,-3.4560398824490246e-05,-0.000208964246894,"[[2504], [507]]"
upper,rdr,4,attribute,Blurry,"[""Blurry""]",0.1602645081683539,0.0309847862771145,1.341806467256531,1.9726929166191516,2.113582420704141e-05,0.0001277945781338,"[[2544], [507]]"
upper,rdr,4,attribute,Brown_Hair,"[""Brown_Hair""]",0.1604300213071947,0.0299840360084441,1.3547196355239588,1.9762746378713067,0.0001866489630479,0.0011285448468042,"[[2499], [509]]"
upper,rdr,4,attribute,Bushy_Eyebrows,"[""Bushy_Eyebrows""]",0.1602384746834381,0.031142193823164,1.3739295006584766,1.9668942506943208,-4.897660708741425e-06,-2.9612967915704225e-05,"[[2524], [507]]"
upper,rdr,4,attribute,Chubby,"[""Chubby""]",0.1602012703924529,0.0313671439658531,1.362624868495034,1.9707654502379064,-4.210195169396247e-05,-0.0002545631106047,"[[2562], [507]]"
upper,rdr,4,attribute,Double_Chin,"[""Double_Chin""]",0.1602059065390753,0.0313391122034776,1.3647825459764291,1.970476114475798,-3.746580507152375e-05,-0.0002265313482292,"[[2575], [507]]"
upper,rdr,4,attribute,Eyeglasses,"[""Eyeglasses""]",0.1613991879127738,0.0241241160787505,1.4290088394924816,1.9665057462363191,0.0011558155686269,0.0069884647764978,"[[2538], [510]]"
upper,rdr,4,attribute,Goatee,"[""Goatee""]",0.1604647777126781,0.0297738866368044,1.3710293874662498,1.9554423437323425,0.0002214053685312,0.0013386942184439,"[[2505], [511]]"
upper,rdr,4,attribute,Gray_Hair,"[""Gray_Hair""]",0.1602050462547753,0.0313443137829436,1.343260195334362,1.972121245915864,-3.832608937151538e-05,-0.0002317329276952,"[[2577], [507]]"
upper,rdr,4,attribute,Heavy_Makeup,"[""Heavy_Makeup""]",0.1601936785435647,0.0314130469368661,1.3638928751536916,1.9706020547218213,-4.969380058209016e-05,-0.0003004660816178,"[[2508], [507]]"
upper,rdr,4,attribute,High_Cheekbones,"[""High_Cheekbones""]",0.1602823916336075,0.030876656597606,1.366643868143466,1.9613629087104227,3.901928946065114e-05,0.0002359242576422,"[[2538], [507]]"
upper,rdr,4,attribute,Male,"[""Male""]",0.1602288235018967,0.0312005482389413,1.3426881537764568,1.971567966852415,-1.4548842250106109e-05,-8.79673836929884e-05,"[[2527], [507]]"
upper,rdr,4,attribute,Mouth_Slightly_Open,"[""Mouth_Slightly_Open""]",0.1602737066928432,0.0309291687840349,1.3472123744807438,1.9754341411739516,3.0334348696370302e-05,0.0001834120712134,"[[2518], [507]]"
upper,rdr,4,attribute,Mustache,"[""Mustache""]",0.1601961752106403,0.0313979512153778,1.3621128684282002,1.9705700345597987,-4.7197133506565736e-05,-0.0002853703601294,"[[2578], [507]]"
upper,rdr,4,attribute,Narrow_Eyes,"[""Narrow_Eyes""]",0.1602481351992278,0.0310837829692601,1.3555947598228275,1.9746079592003367,4.762855080941986e-06,2.8797885988196548e-05,"[[2595], [508]]"
upper,rdr,4,attribute,No_Beard,"[""No_Beard""]",0.1602426907742405,0.0311167018650462,1.3414471102096963,1.971263790308159,-6.815699062912017e-07,-4.121009797852793e-06,"[[2503], [507]]"
upper,rdr,4,attribute,Oval_Face,"[""Oval_Face""]",0.1603317124745607,0.0305784455602186,1.3649523485888542,1.9625708222465197,8.834013041386646e-05,0.0005341352950297,"[[2554], [507]]"
upper,rdr,4,attribute,Pale_Skin,"[""Pale_Skin""]",0.1601672993447424,0.0315725447899893,1.3663441839646049,1.9705226464924104,-7.607299940445844e-05,-0.000459963934741,"[[2533], [507]]"
upper,rdr,4,attribute,Pointy_Nose,"[""Pointy_Nose""]",0.1602379924485861,0.031145109583575,1.3429385050242653,1.971539908253364,-5.379895560764236e-06,-3.252872832670839e-05,"[[2531], [507]]"
upper,rdr,4,attribute,Receding_Hairline,"[""Receding_Hairline""]",0.1602220690878924,0.0312413877860425,1.3444990854338164,1.972949671303569,-2.1303256254462388e-05,-0.0001288069307942,"[[2512], [507]]"
upper,rdr,4,attribute,Rosy_Cheeks,"[""Rosy_Cheeks""]",0.1602059886568913,0.0313386156904695,1.3423764309016613,1.9734604735486123,-3.738368725550445e-05,-0.0002260348352212,"[[2504], [507]]"
upper,rdr,4,attribute,Sideburns,"[""Sideburns""]",0.1602225247036135,0.0312386329741979,1.3430093780595105,1.973150879950502,-2.0847640533339096e-05,-0.0001260521189495,"[[2578], [507]]"
upper,rdr,4,attribute,Smiling,"[""Smiling""]",0.1602369753694404,0.0311512591994631,1.3356665212885304,1.9729985265583871,-6.39697470644629e-06,-3.8678344214782e-05,"[[2518], [507]]"
upper,rdr,4,attribute,Straight_Hair,"[""Straight_Hair""]",0.1603771024057543,0.03030400217672,1.3147681458201406,1.9600315600806892,0.0001337300616074,0.0008085786785283,"[[2593], [508]]"
upper,rdr,4,attribute,Wavy_Hair,"[""Wavy_Hair""]",0.1601759000065924,0.0315205421833238,1.3644325078450714,1.9702841474925976,-6.747233755446946e-05,-0.0004079613280755,"[[2568], [507]]"
upper,rdr,4,attribute,Wearing_Earrings,"[""Wearing_Earrings""]",0.1601835210996638,0.0314744623917603,1.365426844895145,1.9702354453265645,-5.985124448301682e-05,-0.0003618815365119,"[[2493], [507]]"
upper,rdr,4,attribute,Wearing_Hat,"[""Wearing_Hat""]",0.1604416131552521,0.029913947644831,1.4998037928825032,1.9805770965421297,0.0001982408111052,0.0011986332104173,"[[2517], [501]]"
upper,rdr,4,attribute,Wearing_Lipstick,"[""Wearing_Lipstick""]",0.1602317872837432,0.0311826281783353,1.3420168170026203,1.971988080919824,-1.1585060403662696e-05,-7.004732308701911e-05,"[[2554], [507]]"
upper,rdr,4,attribute,Wearing_Necklace,"[""Wearing_Necklace""]",0.1602966691455304,0.0307903297718754,1.341487991163934,1.9725615748123355,5.32968013836066e-05,0.0003222510833729,"[[2511], [507]]"
upper,rdr,4,attribute,Wearing_Necktie,"[""Wearing_Necktie""]",0.1604165472746261,0.0300655047172579,1.3563918166554223,1.9607916183877847,0.0001731749304793,0.0010470761379903,"[[2532], [507]]"
upper,rdr,4,attribute,Young,"[""Young""]",0.1600310527551015,0.0323963392762967,1.3960777172487036,1.9746771912532108,-0.0002123195890453,-0.0012837584210483,"[[2668], [501]]"
upper,rdr,4,group,facial_hair,"[""5_o_Clock_Shadow"", ""Goatee"", ""Mustache"", ""No_Beard"", ""Sideburns""]",0.1608800824728624,0.0272628089468686,1.302669502381138,1.983228999927045,0.0006367101287155,0.0038497719083797,"[[2383], [588]]"
upper,rdr,4,group,hair,"[""Bald"", ""Bangs"", ""Black_Hair"", ""Blond_Hair"", ""Brown_Hair"", ""Gray_Hair"", ""Receding_Hairline"", ""Straight_Hair"", ""Wavy_Hair""]",0.1604654570244169,0.0297697792806762,1.3538101170099817,1.9547532233841471,0.00022208468027,0.0013428015745721,"[[2144], [507]]"
upper,rdr,4,group,cosmetics,"[""Heavy_Makeup"", ""Wearing_Lipstick"", ""Rosy_Cheeks""]",0.1601697763159525,0.0315575681565851,1.365912278134338,1.971343644218981,-7.359602819434485e-05,-0.0004449873013367,"[[2410], [507]]"
upper,rdr,4,group,accessories,"[""Eyeglasses"", ""Wearing_Hat"", ""Wearing_Earrings"", ""Wearing_Necklace"", ""Wearing_Necktie""]",0.1618819224522342,0.02120533438296,1.6070813776661048,1.973237511209597,0.0016385501080873,0.0099072464722883,"[[2285], [501]]"
upper,rdr,4,group,expression,"[""Smiling"", ""Mouth_Slightly_Open""]",0.160263454641453,0.0309911562688656,1.3449121332835003,1.9738410170888636,2.008229730615652e-05,0.0001214245863827,"[[2420], [507]]"
upper,rdr,4,group,facial_structure,"[""Big_Lips"", ""Big_Nose"", ""Pointy_Nose"", ""Narrow_Eyes"", ""Arched_Eyebrows"", ""Bushy_Eyebrows"", ""High_Cheekbones"", ""Oval_Face"", ""Double_Chin"", ""Chubby""]",0.1606813386682362,0.0284644834318622,1.334288747368331,1.9568515508704,0.0004379663240893,0.0026480974233861,"[[1967], [507]]"
upper,rdr,4,group,age_sex_annotations,"[""Male"", ""Young""]",0.1600362998980972,0.032364613216363,1.393302569221286,1.9779361150782169,-0.0002070724460496,-0.0012520323611147,"[[2624], [501]]"
upper,log_complement,0,attribute,5_o_Clock_Shadow,"[""5_o_Clock_Shadow""]",7.109756742205218,0.0702487862417592,-5.991021730733044,-1.4955228072396918,0.0137956315807663,0.0018040708946676,"[[3057], [656]]"
upper,log_complement,0,attribute,Arched_Eyebrows,"[""Arched_Eyebrows""]",7.103860313809878,0.0710198690869517,-5.66849123892514,-1.6710937935900452,0.0078992031854259,0.001032988049475,"[[2541], [617]]"
upper,log_complement,0,attribute,Attractive,"[""Attractive""]",7.121539023827324,0.068708003478551,-5.844869942893801,-1.591200733296791,0.0255779132028717,0.0033448536578758,"[[2694], [644]]"
upper,log_complement,0,attribute,Bags_Under_Eyes,"[""Bags_Under_Eyes""]",7.096046978381482,0.0720416281093002,-6.050187655867264,-1.5049113513628458,8.58677570301225e-05,1.1229027126580249e-05,"[[3138], [675]]"
upper,log_complement,0,attribute,Bald,"[""Bald""]",7.090773093290748,0.0727313002376339,-6.037900591249021,-1.7421553430681067,-0.0051880173337037,-0.0006784431012071,"[[2928], [643]]"
upper,log_complement,0,attribute,Bangs,"[""Bangs""]",7.103094459160216,0.071120020796202,-6.064670935057497,-1.4128068107367664,0.0071333485357643,0.0009328363402247,"[[2876], [715]]"
upper,log_complement,0,attribute,Big_Lips,"[""Big_Lips""]",7.095469246426816,0.0721171787934592,-6.04360611430501,-1.50217428761635,-0.0004918641976354,-6.432165703240678e-05,"[[2868], [669]]"
upper,log_complement,0,attribute,Big_Nose,"[""Big_Nose""]",7.099513064501343,0.0715883639690799,-5.906353691243291,-1.6035592540014774,0.0035519538768911,0.0004644931673468,"[[2461], [687]]"
upper,log_complement,0,attribute,Black_Hair,"[""Black_Hair""]",7.096366357597944,0.0719998625152129,-6.040430924549007,-1.5435014594918193,0.000405246973492,5.299462121388654e-05,"[[2816], [703]]"
upper,log_complement,0,attribute,Blond_Hair,"[""Blond_Hair""]",7.103916961792891,0.0710124611638859,-6.015061927031935,-1.532884220070542,0.0079558511684387,0.0010403959725409,"[[2478], [692]]"
upper,log_complement,0,attribute,Blurry,"[""Blurry""]",7.090902399769592,0.0727143906779947,-6.080940064461118,-1.4601764719668564,-0.0050587108548594,-0.0006615335415679,"[[2802], [709]]"
upper,log_complement,0,attribute,Brown_Hair,"[""Brown_Hair""]",7.114732796673618,0.0695980617726282,-5.810786077055306,-1.437197997210721,0.018771686049166,0.0024547953637985,"[[3325], [650]]"
upper,log_complement,0,attribute,Bushy_Eyebrows,"[""Bushy_Eyebrows""]",7.091045568782847,0.0726956682984996,-6.031908255523941,-1.5360432255876146,-0.0049155418416049,-0.0006428111620727,"[[2817], [637]]"
upper,log_complement,0,attribute,Chubby,"[""Chubby""]",7.0912084680396354,0.0726743657719559,-6.080975159874667,-1.4740406705853908,-0.0047526425848163,-0.0006215086355291,"[[3152], [692]]"
upper,log_complement,0,attribute,Double_Chin,"[""Double_Chin""]",7.091329597360733,0.0726585255488097,-6.085218286546992,-1.4723131893311017,-0.0046315132637184,-0.0006056684123828,"[[2914], [696]]"
upper,log_complement,0,attribute,Eyeglasses,"[""Eyeglasses""]",7.098512960894411,0.0717191486887468,-5.935146141819536,-1.6239801832290448,0.0025518502699588,0.0003337084476799,"[[2702], [636]]"
upper,log_complement,0,attribute,Goatee,"[""Goatee""]",7.099849652152735,0.0715443480078079,-5.926116258688493,-1.560507768427542,0.0038885415282834,0.0005085091286188,"[[2696], [655]]"
upper,log_complement,0,attribute,Gray_Hair,"[""Gray_Hair""]",7.091939484454492,0.0725787698994622,-6.035763129612239,-1.4957043794340517,-0.0040216261699601,-0.0005259127630353,"[[2786], [661]]"
upper,log_complement,0,attribute,Heavy_Makeup,"[""Heavy_Makeup""]",7.088893252142851,0.0729771292655885,-6.052163085674099,-1.50959886714353,-0.0070678584816006,-0.0009242721291616,"[[2691], [714]]"
upper,log_complement,0,attribute,High_Cheekbones,"[""High_Cheekbones""]",7.093386247271659,0.0723895750318942,-5.955693136420971,-1.469023643904107,-0.0025748633527928,-0.0003367178954674,"[[2811], [639]]"
upper,log_complement,0,attribute,Male,"[""Male""]",7.096965893737087,0.07192146047232,-5.953975701468742,-1.469243425839201,0.0010047831126351,0.0001313966641067,"[[3147], [615]]"
upper,log_complement,0,attribute,Mouth_Slightly_Open,"[""Mouth_Slightly_Open""]",7.093044483248849,0.0724342679133174,-6.024165915400232,-1.3778704071125731,-0.0029166273756029,-0.0003814107768905,"[[2774], [743]]"
upper,log_complement,0,attribute,Mustache,"[""Mustache""]",7.089910161379346,0.0728441468540666,-5.9872061828805645,-1.549730874542608,-0.0060509492451057,-0.0007912897176397,"[[2607], [698]]"
upper,log_complement,0,attribute,Narrow_Eyes,"[""Narrow_Eyes""]",7.102074588631838,0.0712533904593307,-6.080670194535798,-1.4160558569527786,0.0061134780073865,0.000799466677096,"[[3143], [691]]"
upper,log_complement,0,attribute,No_Beard,"[""No_Beard""]",7.092776198706339,0.0724693517970669,-6.056960198536039,-1.5165247812616958,-0.0031849119181126,-0.00041649466064,"[[2872], [686]]"
upper,log_complement,0,attribute,Oval_Face,"[""Oval_Face""]",7.096967511104642,0.0719212489672711,-5.984170044058901,-1.508848294259069,0.0010064004801906,0.0001316081691556,"[[2839], [706]]"
upper,log_complement,0,attribute,Pale_Skin,"[""Pale_Skin""]",7.1032780145140455,0.0710960170476628,-6.051345059844911,-1.7025104990646804,0.0073169038895937,0.0009568400887639,"[[2791], [730]]"
upper,log_complement,0,attribute,Pointy_Nose,"[""Pointy_Nose""]",7.090138543102372,0.0728142811087418,-5.995416543554457,-1.5416047003825812,-0.0058225675220802,-0.000761423972315,"[[2785], [696]]"
upper,log_complement,0,attribute,Receding_Hairline,"[""Receding_Hairline""]",7.089529889757792,0.0728938754192647,-5.997312857458811,-1.5423984021487267,-0.0064312208666601,-0.0008410182828378,"[[2782], [698]]"
upper,log_complement,0,attribute,Rosy_Cheeks,"[""Rosy_Cheeks""]",7.109529174190452,0.0702785455775022,-5.744598095560131,-1.4339462300524155,0.0135680635659998,0.0017743115589246,"[[2701], [718]]"
upper,log_complement,0,attribute,Sideburns,"[""Sideburns""]",7.0909229391146935,0.072711704723787,-5.964873354493587,-1.5828150912551888,-0.0050381715097582,-0.0006588475873602,"[[2759], [639]]"
upper,log_complement,0,attribute,Smiling,"[""Smiling""]",7.092436983524092,0.0725137113636252,-5.966402918473527,-1.559847460735643,-0.00352412710036,-0.0004608542271984,"[[2468], [687]]"
upper,log_complement,0,attribute,Straight_Hair,"[""Straight_Hair""]",7.089176976088847,0.0729400263529675,-6.0936995407656,-1.5078740997559383,-0.0067841345356045,-0.0008871692165407,"[[3259], [651]]"
upper,log_complement,0,attribute,Wavy_Hair,"[""Wavy_Hair""]",7.113074354761646,0.0698149381632718,-5.959108040179468,-1.6135702884562653,0.0171132441371941,0.0022379189731549,"[[2453], [678]]"
upper,log_complement,0,attribute,Wearing_Earrings,"[""Wearing_Earrings""]",7.0900440270561145,0.0728266410827767,-6.0933875466591365,-1.4625218715019894,-0.0059170835683373,-0.0007737839463498,"[[2938], [694]]"
upper,log_complement,0,attribute,Wearing_Hat,"[""Wearing_Hat""]",7.091024742204769,0.0726983918145001,-5.930898282184655,-1.553783344120013,-0.004936368419683,-0.0006455346780732,"[[2711], [648]]"
upper,log_complement,0,attribute,Wearing_Lipstick,"[""Wearing_Lipstick""]",7.108018507888474,0.0704760971786012,-6.053201959424765,-1.396277518072543,0.0120573972640221,0.0015767599578255,"[[2813], [741]]"
upper,log_complement,0,attribute,Wearing_Necklace,"[""Wearing_Necklace""]",7.115253625625799,0.0695299523607301,-5.602559535902334,-1.6162780545279634,0.0192925150013474,0.0025229047756967,"[[2470], [603]]"
upper,log_complement,0,attribute,Wearing_Necktie,"[""Wearing_Necktie""]",7.093453190439038,0.0723808207955145,-5.9941391759727445,-1.4579330062621103,-0.0025079201854136,-0.0003279636590877,"[[3175], [626]]"
upper,log_complement,0,attribute,Young,"[""Young""]",7.092978500109094,0.0724428966057606,-6.047342321963245,-1.5440720398481005,-0.0029826105153576,-0.0003900394693338,"[[3146], [686]]"
upper,log_complement,0,group,facial_hair,"[""5_o_Clock_Shadow"", ""Goatee"", ""Mustache"", ""No_Beard"", ""Sideburns""]",7.1214729769677625,0.0687166405037078,-5.948671776978621,-1.3982390069983213,0.0255118663433107,0.0033362166327189,"[[2816], [695]]"
upper,log_complement,0,group,hair,"[""Bald"", ""Bangs"", ""Black_Hair"", ""Blond_Hair"", ""Brown_Hair"", ""Gray_Hair"", ""Receding_Hairline"", ""Straight_Hair"", ""Wavy_Hair""]",7.180966363595985,0.0609366206754877,-5.361727245864141,-1.7278217829899347,0.0850052529715332,0.011116236460939,"[[2498], [529]]"
upper,log_complement,0,group,cosmetics,"[""Heavy_Makeup"", ""Wearing_Lipstick"", ""Rosy_Cheeks""]",7.122492092737045,0.0685833695413097,-5.836268236793208,-1.4332542068267564,0.0265309821125931,0.0034694875951171,"[[2557], [921]]"
upper,log_complement,0,group,accessories,"[""Eyeglasses"", ""Wearing_Hat"", ""Wearing_Earrings"", ""Wearing_Necklace"", ""Wearing_Necktie""]",7.116604758408797,0.0693532631447005,-5.625535049617229,-1.667482468159327,0.020643647784345,0.0026995939917262,"[[2376], [606]]"
upper,log_complement,0,group,expression,"[""Smiling"", ""Mouth_Slightly_Open""]",7.093796047266329,0.0723359850067699,-5.973978334177378,-1.35295396473206,-0.0021650633581229,-0.0002831278703431,"[[2755], [694]]"
upper,log_complement,0,group,facial_structure,"[""Big_Lips"", ""Big_Nose"", ""Pointy_Nose"", ""Narrow_Eyes"", ""Arched_Eyebrows"", ""Bushy_Eyebrows"", ""High_Cheekbones"", ""Oval_Face"", ""Double_Chin"", ""Chubby""]",7.122080735670792,0.068637163186508,-5.593477259349025,-1.6035060675299784,0.0261196250463404,0.0034156939499188,"[[2063], [621]]"
upper,log_complement,0,group,age_sex_annotations,"[""Male"", ""Young""]",7.097564568177676,0.0718431711147561,-5.936646302080373,-1.4624650670002015,0.0016034575532239,0.0002096860216707,"[[3106], [634]]"
upper,log_complement,1,attribute,5_o_Clock_Shadow,"[""5_o_Clock_Shadow""]",6.606503150019913,0.035766476847913,-5.454272535136318,-1.1174626420569769,0.0179906349955372,0.0026257723596844,"[[3618], [687]]"
upper,log_complement,1,attribute,Arched_Eyebrows,"[""Arched_Eyebrows""]",6.588904187322486,0.038335083782659,-5.347496005548061,-1.2483326777482515,0.0003916722981101,5.716542493838794e-05,"[[3189], [638]]"
upper,log_complement,1,attribute,Attractive,"[""Attractive""]",6.607687239506061,0.0355936564085627,-5.375274474680025,-1.370704749141273,0.0191747244816848,0.0027985927990347,"[[3291], [635]]"
upper,log_complement,1,attribute,Bags_Under_Eyes,"[""Bags_Under_Eyes""]",6.588284649750592,0.0384255066405775,-5.423282361699352,-1.2195146625336757,-0.0002278652737839,-3.325743298010497e-05,"[[3695], [646]]"
upper,log_complement,1,attribute,Bald,"[""Bald""]",6.5885650412506775,0.0383845828904709,-5.423140874043032,-1.2118065850145123,5.252622630180781e-05,7.666317126453492e-06,"[[3584], [642]]"
upper,log_complement,1,attribute,Bangs,"[""Bangs""]",6.58214746234747,0.0393212425083397,-5.297191939558867,-1.3192352774116447,-0.0063650526769061,-0.0009289933007423,"[[3327], [613]]"
upper,log_complement,1,attribute,Big_Lips,"[""Big_Lips""]",6.589432757766268,0.0382579377752071,-5.408703519167134,-1.2235910235037792,0.0009202427418921,0.0001343114323902,"[[3593], [645]]"
upper,log_complement,1,attribute,Big_Nose,"[""Big_Nose""]",6.583238678753624,0.0391619770972843,-5.427607321507555,-1.3109654781682698,-0.005273836270752,-0.0007697278896868,"[[3607], [657]]"
upper,log_complement,1,attribute,Black_Hair,"[""Black_Hair""]",6.59039940390754,0.0381168536656146,-5.424162288505542,-1.165367250250609,0.0018868888831642,0.0002753955419827,"[[3668], [656]]"
upper,log_complement,1,attribute,Blond_Hair,"[""Blond_Hair""]",6.608529774285759,0.035470686622496,-5.3031414188223565,-1.5331265735101849,0.0200172592613832,0.0029215625851013,"[[3114], [646]]"
upper,log_complement,1,attribute,Blurry,"[""Blurry""]",6.588851333957833,0.0383427978463402,-5.438408517112066,-1.1870663798317254,0.0003388189334572,4.945136125722449e-05,"[[3568], [649]]"
upper,log_complement,1,attribute,Brown_Hair,"[""Brown_Hair""]",6.5936920517134086,0.0376362845472389,-5.4025320757863335,-1.1437518198839838,0.0051795366890328,0.0007559646603584,"[[3599], [655]]"
upper,log_complement,1,attribute,Bushy_Eyebrows,"[""Bushy_Eyebrows""]",6.594050295468506,0.0375839980909578,-5.45176206140621,-1.172452939749856,0.0055377804441301,0.0008082511166396,"[[3744], [645]]"
upper,log_complement,1,attribute,Chubby,"[""Chubby""]",6.587525518463849,0.0385363035052015,-5.412388956706092,-1.208124269362036,-0.0009869965605266,-0.0001440542976041,"[[3638], [653]]"
upper,log_complement,1,attribute,Double_Chin,"[""Double_Chin""]",6.589317459060871,0.0382747658723706,-5.43955920167658,-1.2140621538171723,0.0008049440364956,0.0001174833352267,"[[3633], [650]]"
upper,log_complement,1,attribute,Eyeglasses,"[""Eyeglasses""]",6.610389612135433,0.0351992392377662,-5.454496190956983,-1.897569327645925,0.0218770971110568,0.0031930099698311,"[[3270], [694]]"
upper,log_complement,1,attribute,Goatee,"[""Goatee""]",6.592859081343865,0.0377578583868131,-5.419314161788644,-1.1898265037412763,0.004346566319489,0.0006343908207843,"[[3659], [634]]"
upper,log_complement,1,attribute,Gray_Hair,"[""Gray_Hair""]",6.576456661420711,0.0401518272976846,-5.415108841741551,-1.2790010362947255,-0.0120558536036643,-0.0017595780900871,"[[3698], [637]]"
upper,log_complement,1,attribute,Heavy_Makeup,"[""Heavy_Makeup""]",6.587745696020269,0.0385041681113138,-5.45050261936146,-1.1829113575097807,-0.0007668190041068,-0.0001119189037164,"[[3763], [634]]"
upper,log_complement,1,attribute,High_Cheekbones,"[""High_Cheekbones""]",6.586486690299444,0.0386879227382765,-5.420955007979264,-1.3050400487762732,-0.0020258247249316,-0.0002956735306791,"[[3656], [648]]"
upper,log_complement,1,attribute,Male,"[""Male""]",6.58117116434493,0.0394637353281051,-5.402401398943623,-1.5222796248700718,-0.0073413506794457,-0.0010714861205076,"[[3265], [687]]"
upper,log_complement,1,attribute,Mouth_Slightly_Open,"[""Mouth_Slightly_Open""]",6.5972985535682085,0.037109907746874,-5.282544537943603,-1.10964274300345,0.0087860385438327,0.0012823414607233,"[[3563], [643]]"
upper,log_complement,1,attribute,Mustache,"[""Mustache""]",6.587638027879222,0.0385198825109919,-5.409465878288562,-1.2167688580893443,-0.000874487145154,-0.0001276333033944,"[[3019], [648]]"
upper,log_complement,1,attribute,Narrow_Eyes,"[""Narrow_Eyes""]",6.601072215976719,0.0365591334996335,-5.458444009142161,-1.1484843439345087,0.0125597009523428,0.0018331157079638,"[[3836], [641]]"
upper,log_complement,1,attribute,No_Beard,"[""No_Beard""]",6.590331625481817,0.0381267460744646,-5.444285147570884,-1.188315538690369,0.0018191104574416,0.0002655031331327,"[[3661], [642]]"
upper,log_complement,1,attribute,Oval_Face,"[""Oval_Face""]",6.588617398113136,0.0383769412923662,-5.346004940295575,-1.209941029600385,0.0001048830887606,1.5307915231188574e-05,"[[3459], [650]]"
upper,log_complement,1,attribute,Pale_Skin,"[""Pale_Skin""]",6.595116944825592,0.0374283182942187,-5.503322747767535,-1.486249436688016,0.0066044298012162,0.0009639309133786,"[[3094], [712]]"
upper,log_complement,1,attribute,Pointy_Nose,"[""Pointy_Nose""]",6.587919554028828,0.0384787931563167,-5.413520943755726,-1.2409786164885452,-0.0005929609955481,-8.654394871931981e-05,"[[3228], [659]]"
upper,log_complement,1,attribute,Receding_Hairline,"[""Receding_Hairline""]",6.582728969993022,0.0392363702009967,-5.412795765949477,-1.3034618769589923,-0.0057835450313534,-0.0008441209933993,"[[3536], [646]]"
upper,log_complement,1,attribute,Rosy_Cheeks,"[""Rosy_Cheeks""]",6.589656487307918,0.0382252839613391,-5.356772334747452,-1.1724211624439635,0.0011439722835424,0.0001669652462582,"[[3547], [646]]"
upper,log_complement,1,attribute,Sideburns,"[""Sideburns""]",6.587910001406311,0.0384801873823779,-5.417408554778617,-1.2001934438817856,-0.0006025136180651,-8.79381747804775e-05,"[[3694], [644]]"
upper,log_complement,1,attribute,Smiling,"[""Smiling""]",6.588447828948526,0.0384016902812484,-5.412837121753476,-1.199819601891463,-6.468607584952935e-05,-9.44107365097313e-06,"[[3618], [647]]"
upper,log_complement,1,attribute,Straight_Hair,"[""Straight_Hair""]",6.586938346768426,0.0386220024929588,-5.447853962794652,-1.0984668394324948,-0.0015741682559493,-0.0002297532853614,"[[3703], [678]]"
upper,log_complement,1,attribute,Wavy_Hair,"[""Wavy_Hair""]",6.585598413927795,0.0388175686093097,-5.44496861736043,-1.3115824817227195,-0.0029141010965805,-0.0004253194017123,"[[3607], [674]]"
upper,log_complement,1,attribute,Wearing_Earrings,"[""Wearing_Earrings""]",6.5820729645847615,0.0393321156190568,-5.415694600708346,-1.3247962300270577,-0.0064395504396141,-0.0009398664114593,"[[3547], [759]]"
upper,log_complement,1,attribute,Wearing_Hat,"[""Wearing_Hat""]",6.600457788519719,0.0366488105251537,-5.524258409403018,-1.7118634721030004,0.0119452734953435,0.0017434386824436,"[[3523], [657]]"
upper,log_complement,1,attribute,Wearing_Lipstick,"[""Wearing_Lipstick""]",6.5891898920029135,0.0382933845623099,-5.449630247105091,-1.2564981640134496,0.0006773769785377,9.886464528752192e-05,"[[2964], [664]]"
upper,log_complement,1,attribute,Wearing_Necklace,"[""Wearing_Necklace""]",6.594773806575964,0.0374784000690781,-5.228469991179112,-1.3693923165022843,0.0062612915515884,0.0009138491385193,"[[3385], [728]]"
upper,log_complement,1,attribute,Wearing_Necktie,"[""Wearing_Necktie""]",6.58459258822604,0.0389643710610844,-5.419368118317143,-1.3376490739962597,-0.0039199267983356,-0.0005721218534869,"[[3177], [657]]"
upper,log_complement,1,attribute,Young,"[""Young""]",6.580515134718922,0.0395594842807981,-5.381258243225734,-1.2993031567661664,-0.0079973803054533,-0.0011672350732007,"[[3647], [742]]"
upper,log_complement,1,group,facial_hair,"[""5_o_Clock_Shadow"", ""Goatee"", ""Mustache"", ""No_Beard"", ""Sideburns""]",6.615834897511482,0.0344044879777595,-5.43011426453311,-1.1512450452385925,0.0273223824871058,0.0039877612298379,"[[2841], [643]]"
upper,log_complement,1,group,hair,"[""Bald"", ""Bangs"", ""Black_Hair"", ""Blond_Hair"", ""Brown_Hair"", ""Gray_Hair"", ""Receding_Hairline"", ""Straight_Hair"", ""Wavy_Hair""]",6.618823604359368,0.0339682797041591,-5.275692296623604,-1.2661433916948104,0.030311089334992,0.0044239695034382,"[[2854], [538]]"
upper,log_complement,1,group,cosmetics,"[""Heavy_Makeup"", ""Wearing_Lipstick"", ""Rosy_Cheeks""]",6.592507300682526,0.037809201540484,-5.393936187503831,-1.248112036919213,0.0039947856581505,0.0005830476671133,"[[3205], [687]]"
upper,log_complement,1,group,accessories,"[""Eyeglasses"", ""Wearing_Hat"", ""Wearing_Earrings"", ""Wearing_Necklace"", ""Wearing_Necktie""]",6.627929841252328,0.0326392045970156,-5.463862748959005,-2.0552568021331075,0.0394173262279524,0.0057530446105817,"[[2900], [732]]"
upper,log_complement,1,group,expression,"[""Smiling"", ""Mouth_Slightly_Open""]",6.596700120013415,0.037197250427534,-5.285010658138264,-1.1009466628794589,0.0081876049890388,0.0011949987800633,"[[3491], [648]]"
upper,log_complement,1,group,facial_structure,"[""Big_Lips"", ""Big_Nose"", ""Pointy_Nose"", ""Narrow_Eyes"", ""Arched_Eyebrows"", ""Bushy_Eyebrows"", ""High_Cheekbones"", ""Oval_Face"", ""Double_Chin"", ""Chubby""]",6.609152504855731,0.0353797977395539,-5.199657217826813,-1.2578078167021434,0.0206399898313556,0.0030124514680435,"[[2559], [656]]"
upper,log_complement,1,group,age_sex_annotations,"[""Male"", ""Young""]",6.57330244140556,0.0406121925785211,-5.39982103611161,-1.518129399909467,-0.0152100736188156,-0.0022199433709236,"[[3147], [711]]"
upper,log_complement,2,attribute,5_o_Clock_Shadow,"[""5_o_Clock_Shadow""]",7.232774745227482,0.0680851670755882,-6.322207725555515,-1.3183876282088978,0.0166448605496274,0.0021446254009764,"[[3374], [566]]"
upper,log_complement,2,attribute,Arched_Eyebrows,"[""Arched_Eyebrows""]",7.212383105494796,0.0707125503695419,-6.343825448717185,-1.2976650641664582,-0.0037467791830589,-0.0004827578929772,"[[3092], [588]]"
upper,log_complement,2,attribute,Attractive,"[""Attractive""]",7.2258850144805455,0.0689728820265014,-6.316963200365178,-1.3140256283344884,0.0097551298026905,0.0012569104500632,"[[3126], [591]]"
upper,log_complement,2,attribute,Bags_Under_Eyes,"[""Bags_Under_Eyes""]",7.214509918144017,0.0704385188499002,-6.298636748910784,-1.33970660079168,-0.0016199665338376,-0.0002087263733355,"[[3398], [555]]"
upper,log_complement,2,attribute,Bald,"[""Bald""]",7.214725842277627,0.0704106978669463,-6.318629845482834,-1.282747034086678,-0.0014040424002281,-0.0001809053903816,"[[3437], [559]]"
upper,log_complement,2,attribute,Bangs,"[""Bangs""]",7.213932214602349,0.0705129536993843,-6.283172940756353,-1.3358621646043871,-0.0021976700755059,-0.0002831612228196,"[[3085], [554]]"
upper,log_complement,2,attribute,Big_Lips,"[""Big_Lips""]",7.215288408193105,0.0703382134415909,-6.297276579242337,-1.3321833573951722,-0.0008414764847497,-0.0001084209650262,"[[3367], [559]]"
upper,log_complement,2,attribute,Big_Nose,"[""Big_Nose""]",7.214105328586552,0.0704906486373095,-6.305755628453632,-1.2770988258548268,-0.0020245560913032,-0.0002608561607448,"[[3223], [563]]"
upper,log_complement,2,attribute,Black_Hair,"[""Black_Hair""]",7.216391504513047,0.0701960837805814,-6.307937770172652,-1.33451645889216,0.0002616198351921,3.370869598329218e-05,"[[3426], [551]]"
upper,log_complement,2,attribute,Blond_Hair,"[""Blond_Hair""]",7.225514004461773,0.0690206852212416,-6.189306335434466,-1.366532859576295,0.0093841197839177,0.001209107255323,"[[3302], [503]]"
upper,log_complement,2,attribute,Blurry,"[""Blurry""]",7.21442658999128,0.0704492553575714,-6.32247335972124,-1.3264693854086205,-0.0017032946865747,-0.0002194628810067,"[[3374], [562]]"
upper,log_complement,2,attribute,Brown_Hair,"[""Brown_Hair""]",7.228786244796725,0.0685990698091139,-6.270555199549449,-1.3078273001242455,0.0126563601188705,0.0016307226674507,"[[3315], [586]]"
upper,log_complement,2,attribute,Bushy_Eyebrows,"[""Bushy_Eyebrows""]",7.217630190252027,0.0700364839514494,-6.306951074071986,-1.3097480172022309,0.0015003055741722,0.0001933085251152,"[[3390], [559]]"
upper,log_complement,2,attribute,Chubby,"[""Chubby""]",7.215801503328835,0.0702721031333716,-6.357629933018623,-1.3259305886405368,-0.0003283813490195,-4.231065680693202e-05,"[[3452], [580]]"
upper,log_complement,2,attribute,Double_Chin,"[""Double_Chin""]",7.215176325521257,0.0703526548569659,-6.340219351360308,-1.3318764556610247,-0.0009535591565983,-0.0001228623804012,"[[3442], [572]]"
upper,log_complement,2,attribute,Eyeglasses,"[""Eyeglasses""]",7.240161904672788,0.0671333603758427,-6.313988514083431,-1.5153173711323156,0.0240320199949328,0.0030964321007219,"[[3281], [564]]"
upper,log_complement,2,attribute,Goatee,"[""Goatee""]",7.216647928709653,0.0701630445223775,-6.211648312524492,-1.3804851749805105,0.0005180440317982,6.674795418715185e-05,"[[2868], [558]]"
upper,log_complement,2,attribute,Gray_Hair,"[""Gray_Hair""]",7.216609672819132,0.0701679736447515,-6.3030750309137735,-1.329345550626115,0.000479788141277,6.181883181310965e-05,"[[3190], [554]]"
upper,log_complement,2,attribute,Heavy_Makeup,"[""Heavy_Makeup""]",7.213637054533939,0.0705509839236796,-6.360283584014976,-1.3178421438640957,-0.0024928301439155,-0.0003211914471149,"[[3122], [562]]"
upper,log_complement,2,attribute,High_Cheekbones,"[""High_Cheekbones""]",7.215970997498879,0.0702502644702414,-6.305909317965085,-1.3393872014352288,-0.0001588871789763,-2.047199367671837e-05,"[[3440], [564]]"
upper,log_complement,2,attribute,Male,"[""Male""]",7.215097884984916,0.0703627616143162,-6.343331333706527,-1.3174579018926478,-0.0010319996929393,-0.0001329691377515,"[[3276], [573]]"
upper,log_complement,2,attribute,Mouth_Slightly_Open,"[""Mouth_Slightly_Open""]",7.224286310988606,0.0691788687397707,-6.251825519236791,-1.3927949369272858,0.0081564263107507,0.0010509237367939,"[[3313], [622]]"
upper,log_complement,2,attribute,Mustache,"[""Mustache""]",7.216295940087754,0.0702083968842749,-6.356793020718337,-1.3415489722479434,0.000166055409899,2.1395592289752408e-05,"[[3092], [579]]"
upper,log_complement,2,attribute,Narrow_Eyes,"[""Narrow_Eyes""]",7.223078954526721,0.0693344319136688,-6.333682163230748,-1.3031186908061445,0.0069490698488658,0.0008953605628958,"[[3299], [558]]"
upper,log_complement,2,attribute,No_Beard,"[""No_Beard""]",7.216382185765641,0.0701972844648606,-6.356044365955068,-1.311623552503566,0.0002523010877863,3.2508011704068807e-05,"[[3398], [572]]"
upper,log_complement,2,attribute,Oval_Face,"[""Oval_Face""]",7.218755870738436,0.0698914444086226,-6.146080691473406,-1.374375601726971,0.0026259860605808,0.000338348067942,"[[3244], [555]]"
upper,log_complement,2,attribute,Pale_Skin,"[""Pale_Skin""]",7.217312936647209,0.0700773608417913,-6.348306573202037,-1.3283607390233043,0.0011830519693543,0.0001524316347732,"[[3327], [580]]"
upper,log_complement,2,attribute,Pointy_Nose,"[""Pointy_Nose""]",7.213669648694929,0.0705467842930865,-6.308905666497195,-1.3382041217895813,-0.0024602359829257,-0.0003169918165218,"[[3337], [569]]"
upper,log_complement,2,attribute,Receding_Hairline,"[""Receding_Hairline""]",7.214576777360258,0.0704299043005015,-6.348801107154412,-1.3539778262542428,-0.0015531073175969,-0.0002001118239368,"[[3051], [608]]"
upper,log_complement,2,attribute,Rosy_Cheeks,"[""Rosy_Cheeks""]",7.2262310722103615,0.0689282938369305,-6.139579101448353,-1.314546557974854,0.0101011875325065,0.0013014986396341,"[[3105], [598]]"
upper,log_complement,2,attribute,Sideburns,"[""Sideburns""]",7.214486648646227,0.0704415170339871,-6.303210218731634,-1.3374401252433867,-0.0016432360316276,-0.0002117245574224,"[[3319], [554]]"
upper,log_complement,2,attribute,Smiling,"[""Smiling""]",7.221601547175157,0.069524790092057,-6.445664290865363,-1.3195683767906026,0.0054716624973023,0.0007050023845076,"[[3330], [614]]"
upper,log_complement,2,attribute,Straight_Hair,"[""Straight_Hair""]",7.22043035955385,0.069675693051831,-6.330931615510531,-1.32036950807454,0.0043004748759951,0.0005540994247336,"[[3438], [565]]"
upper,log_complement,2,attribute,Wavy_Hair,"[""Wavy_Hair""]",7.218721960410014,0.0698958136222589,-6.270249648436827,-1.349025640126594,0.0025920757321591,0.0003339788543057,"[[3062], [559]]"
upper,log_complement,2,attribute,Wearing_Earrings,"[""Wearing_Earrings""]",7.21478734585591,0.0704027733706224,-6.264252473778686,-1.3338515585566384,-0.0013425388219445,-0.0001729808940577,"[[3447], [568]]"
upper,log_complement,2,attribute,Wearing_Hat,"[""Wearing_Hat""]",7.241027890491844,0.0670217814786272,-6.296658392401381,-1.8383813859072855,0.0248980058139887,0.0032080109979374,"[[2795], [574]]"
upper,log_complement,2,attribute,Wearing_Lipstick,"[""Wearing_Lipstick""]",7.222876531921987,0.0693605132772555,-6.392503596068173,-1.3031925942937472,0.0067466472441317,0.0008692791993091,"[[3231], [585]]"
upper,log_complement,2,attribute,Wearing_Necklace,"[""Wearing_Necklace""]",7.237337979272105,0.067497212156199,-6.115953668817728,-1.3489061138165557,0.0212080945942503,0.0027325803203656,"[[3089], [551]]"
upper,log_complement,2,attribute,Wearing_Necktie,"[""Wearing_Necktie""]",7.217057268898952,0.070110302634574,-6.333864568977701,-1.4376492707072912,0.0009273842210975,0.0001194898419906,"[[3374], [548]]"
upper,log_complement,2,attribute,Young,"[""Young""]",7.212872290415381,0.0706495207993432,-6.2903854629706935,-1.3758238331420944,-0.0032575942624744,-0.0004197283227785,"[[3346], [570]]"
upper,log_complement,2,group,facial_hair,"[""5_o_Clock_Shadow"", ""Goatee"", ""Mustache"", ""No_Beard"", ""Sideburns""]",7.242498750495236,0.0668322669005296,-6.37001799654917,-1.2862782690770245,0.026368865817381,0.003397525576035,"[[3053], [595]]"
upper,log_complement,2,group,hair,"[""Bald"", ""Bangs"", ""Black_Hair"", ""Blond_Hair"", ""Brown_Hair"", ""Gray_Hair"", ""Receding_Hairline"", ""Straight_Hair"", ""Wavy_Hair""]",7.254030738102819,0.0653464152484097,-5.956585841634805,-1.382297331166797,0.037900853424964,0.0048833772281549,"[[2312], [501]]"
upper,log_complement,2,group,cosmetics,"[""Heavy_Makeup"", ""Wearing_Lipstick"", ""Rosy_Cheeks""]",7.232662200391391,0.0680996680390243,-6.138809555939119,-1.2705489623467057,0.0165323157135359,0.0021301244375403,"[[2926], [559]]"
upper,log_complement,2,group,accessories,"[""Eyeglasses"", ""Wearing_Hat"", ""Wearing_Earrings"", ""Wearing_Necklace"", ""Wearing_Necktie""]",7.297202241015627,0.059783935378477,-6.2234619098817525,-1.8510978851246824,0.0810723563377724,0.0104458570980876,"[[2730], [733]]"
upper,log_complement,2,group,expression,"[""Smiling"", ""Mouth_Slightly_Open""]",7.225892444757087,0.0689719246643318,-6.222867193480231,-1.3139795353927313,0.0097625600792321,0.0012578678122328,"[[3213], [563]]"
upper,log_complement,2,group,facial_structure,"[""Big_Lips"", ""Big_Nose"", ""Pointy_Nose"", ""Narrow_Eyes"", ""Arched_Eyebrows"", ""Bushy_Eyebrows"", ""High_Cheekbones"", ""Oval_Face"", ""Double_Chin"", ""Chubby""]",7.232520190916309,0.0681179654063427,-6.173243405654242,-1.2406046953194751,0.0163903062384545,0.0021118270702219,"[[2448], [559]]"
upper,log_complement,2,group,age_sex_annotations,"[""Male"", ""Young""]",7.212640473778079,0.0706793894694497,-6.30274526953247,-1.3468635222287428,-0.0034894108997756,-0.000449596992885,"[[3329], [598]]"
upper,log_complement,3,attribute,5_o_Clock_Shadow,"[""5_o_Clock_Shadow""]",7.798830584860124,0.0337026996255531,-6.066793463552216,-1.608931843106387,0.021705262763028,0.0026893438168215,"[[3779], [605]]"
upper,log_complement,3,attribute,Arched_Eyebrows,"[""Arched_Eyebrows""]",7.768803068972637,0.0374231942847597,-5.748790138524847,-1.733657015898042,-0.008322253124458,-0.001031150842385,"[[3298], [589]]"
upper,log_complement,3,attribute,Attractive,"[""Attractive""]",7.782661350948098,0.0357061137154354,-5.89892303762543,-1.7523301029674432,0.0055360288510026,0.0006859297269392,"[[3357], [577]]"
upper,log_complement,3,attribute,Bags_Under_Eyes,"[""Bags_Under_Eyes""]",7.778205381554688,0.0362582210023615,-5.930371445635594,-1.7114660469840932,0.0010800594575925,0.0001338224400131,"[[3144], [599]]"
upper,log_complement,3,attribute,Bald,"[""Bald""]",7.777340524382718,0.0363653792668462,-5.924820415974702,-1.6813615135295057,0.0002152022856227,2.6664175528434697e-05,"[[3389], [598]]"
upper,log_complement,3,attribute,Bangs,"[""Bangs""]",7.776819363682174,0.0364299525605622,-5.804992079795418,-1.7931169351157306,-0.0003059584149216,-3.790911818757348e-05,"[[3140], [558]]"
upper,log_complement,3,attribute,Big_Lips,"[""Big_Lips""]",7.778367655388636,0.0362381148125989,-5.931795392597898,-1.6806875785758324,0.0012423332915405,0.0001539286297757,"[[3450], [597]]"
upper,log_complement,3,attribute,Big_Nose,"[""Big_Nose""]",7.77711308180801,0.036393560049021,-5.918599035268592,-1.708208855548428,-1.2240289085418963e-05,-1.5166066463789818e-06,"[[3141], [618]]"
upper,log_complement,3,attribute,Black_Hair,"[""Black_Hair""]",7.779252568225427,0.0361284715941762,-5.960108976759265,-1.649985569200998,0.0021272461283317,0.0002635718481984,"[[3201], [599]]"
upper,log_complement,3,attribute,Blond_Hair,"[""Blond_Hair""]",7.801662560135324,0.0333518098308106,-5.815896910628908,-1.945136170633476,0.0245372380382287,0.003040233611564,"[[3267], [561]]"
upper,log_complement,3,attribute,Blurry,"[""Blurry""]",7.778813007949948,0.0361829343630395,-5.947911943494407,-1.6776622369595198,0.0016876858528522,0.0002091090793351,"[[3211], [599]]"
upper,log_complement,3,attribute,Brown_Hair,"[""Brown_Hair""]",7.7839420874105025,0.0355474268235166,-5.865538702033718,-1.6326847058422893,0.006816765313407,0.000844616618858,"[[3368], [601]]"
upper,log_complement,3,attribute,Bushy_Eyebrows,"[""Bushy_Eyebrows""]",7.78051150765152,0.0359724854170779,-5.923937051021102,-1.705702486808244,0.003386185554425,0.0004195580252966,"[[3313], [604]]"
upper,log_complement,3,attribute,Chubby,"[""Chubby""]",7.778768408330968,0.0361884603827356,-5.993932247483663,-1.705762608717321,0.0016430862338721,0.000203583059639,"[[3397], [611]]"
upper,log_complement,3,attribute,Double_Chin,"[""Double_Chin""]",7.778324568950327,0.0362434533449042,-5.949304352476068,-1.693231295015114,0.0011992468532318,0.0001485900974704,"[[3372], [598]]"
upper,log_complement,3,attribute,Eyeglasses,"[""Eyeglasses""]",7.78318960381825,0.0356406616817249,-5.899544288460452,-1.8081362422271396,0.0060642817211542,0.0007513817606497,"[[3381], [592]]"
upper,log_complement,3,attribute,Goatee,"[""Goatee""]",7.782645617554851,0.0357080631276267,-5.961102770478963,-1.6687848194480508,0.0055202954577557,0.0006839803147479,"[[3365], [592]]"
upper,log_complement,3,attribute,Gray_Hair,"[""Gray_Hair""]",7.774075556136108,0.0367699181227911,-5.948630555612114,-1.7272187433378483,-0.0030497659609878,-0.0003778746804165,"[[3369], [604]]"
upper,log_complement,3,attribute,Heavy_Makeup,"[""Heavy_Makeup""]",7.7731327960772445,0.036886728776628,-5.814595382453667,-1.7119022910716972,-0.003992526019851,-0.0004946853342533,"[[3375], [571]]"
upper,log_complement,3,attribute,High_Cheekbones,"[""High_Cheekbones""]",7.784163213317503,0.0355200286944443,-5.967630609783708,-1.6638588454573338,0.0070378912204072,0.0008720147479303,"[[3424], [598]]"
upper,log_complement,3,attribute,Male,"[""Male""]",7.782396934867562,0.0357388756201872,-6.109663440907855,-1.7419028137050128,0.0052716127704668,0.0006531678221873,"[[3278], [740]]"
upper,log_complement,3,attribute,Mouth_Slightly_Open,"[""Mouth_Slightly_Open""]",7.782582955523552,0.0357158271316041,-5.802268726732421,-1.6134088677813443,0.0054576334264568,0.0006762163107705,"[[3323], [593]]"
upper,log_complement,3,attribute,Mustache,"[""Mustache""]",7.778799452532183,0.0361846139178714,-5.957722290066116,-1.689894612390105,0.0016741304350871,0.0002074295245032,"[[3329], [590]]"
upper,log_complement,3,attribute,Narrow_Eyes,"[""Narrow_Eyes""]",7.795634447307142,0.0340987101627056,-5.930402583254466,-1.6707170844890733,0.0185091252100466,0.002293333279669,"[[3354], [593]]"
upper,log_complement,3,attribute,No_Beard,"[""No_Beard""]",7.777914527091189,0.0362942586979906,-5.943006546028571,-1.6981778153958995,0.0007892049940938,9.778474438404404e-05,"[[3349], [598]]"
upper,log_complement,3,attribute,Oval_Face,"[""Oval_Face""]",7.783501384513402,0.0356020311664501,-5.827426819969454,-1.713398229539428,0.0063760624163062,0.0007900122759245,"[[3238], [603]]"
upper,log_complement,3,attribute,Pale_Skin,"[""Pale_Skin""]",7.784219893697851,0.0355130058340399,-5.970403514767529,-2.358276686483799,0.0070945716007555,0.0008790376083347,"[[3149], [622]]"
upper,log_complement,3,attribute,Pointy_Nose,"[""Pointy_Nose""]",7.778362310854807,0.0362387770155477,-5.9458017777568,-1.6933228897816974,0.0012369887577117,0.0001532664268268,"[[3320], [599]]"
upper,log_complement,3,attribute,Receding_Hairline,"[""Receding_Hairline""]",7.77413169719825,0.0367629620854471,-5.884269057338177,-1.7327352597580203,-0.0029936248988455,-0.0003709186430724,"[[3318], [654]]"
upper,log_complement,3,attribute,Rosy_Cheeks,"[""Rosy_Cheeks""]",7.791955240181712,0.0345545743944178,-5.759836153698116,-1.6732775316064417,0.0148299180846169,0.0018374690479567,"[[3193], [637]]"
upper,log_complement,3,attribute,Sideburns,"[""Sideburns""]",7.777935022692072,0.0362917192347227,-5.936412285903411,-1.67532558542363,0.0008097005949769,0.0001003242076519,"[[3336], [603]]"
upper,log_complement,3,attribute,Smiling,"[""Smiling""]",7.780856188497921,0.0359297784794487,-6.029426656814491,-1.5972724147950386,0.0037308664008257,0.0004622649629258,"[[3307], [591]]"
upper,log_complement,3,attribute,Straight_Hair,"[""Straight_Hair""]",7.780597973140629,0.0359617720969472,-6.018952438228664,-1.6600157805659577,0.0034726510435332,0.0004302713454273,"[[3672], [622]]"
upper,log_complement,3,attribute,Wavy_Hair,"[""Wavy_Hair""]",7.779909663715284,0.0360470555932734,-5.8186668886369,-1.684386040849493,0.0027843416181889,0.0003449878491011,"[[3382], [574]]"
upper,log_complement,3,attribute,Wearing_Earrings,"[""Wearing_Earrings""]",7.783110640761283,0.0356504454291658,-5.998769692162313,-1.819529460419444,0.0059853186641873,0.0007415980132088,"[[3461], [647]]"
upper,log_complement,3,attribute,Wearing_Hat,"[""Wearing_Hat""]",7.777729455321835,0.0363171896168196,-5.985843145028421,-1.908596850540444,0.0006041332247397,7.48538255550546e-05,"[[3390], [635]]"
upper,log_complement,3,attribute,Wearing_Lipstick,"[""Wearing_Lipstick""]",7.781867497737996,0.035804474387009,-5.957272537807021,-1.751453805903374,0.0047421756409002,0.0005875690553656,"[[3146], [599]]"
upper,log_complement,3,attribute,Wearing_Necklace,"[""Wearing_Necklace""]",7.796546990695095,0.0339856434403735,-5.796494606907964,-1.8383570607888216,0.0194216685979995,0.002406400002001,"[[3403], [607]]"
upper,log_complement,3,attribute,Wearing_Necktie,"[""Wearing_Necktie""]",7.777497855074484,0.0363458855464652,-5.9679837883027655,-1.6769406987318782,0.0003725329773889,4.615789590944885e-05,"[[3493], [586]]"
upper,log_complement,3,attribute,Young,"[""Young""]",7.778379323944073,0.0362366690453784,-5.976884510052047,-1.6718725859199317,0.0012540018469771,0.0001553743969961,"[[3413], [592]]"
upper,log_complement,3,group,facial_hair,"[""5_o_Clock_Shadow"", ""Goatee"", ""Mustache"", ""No_Beard"", ""Sideburns""]",7.806567569214607,0.0327440652491005,-6.168251400616381,-1.6808204724284104,0.0294422471175117,0.0036479781932741,"[[3266], [639]]"
upper,log_complement,3,group,hair,"[""Bald"", ""Bangs"", ""Black_Hair"", ""Blond_Hair"", ""Brown_Hair"", ""Gray_Hair"", ""Receding_Hairline"", ""Straight_Hair"", ""Wavy_Hair""]",7.832464964323595,0.029535304306258,-5.608400143228854,-1.9238637934977647,0.0553396422264995,0.0068567391361166,"[[2688], [553]]"
upper,log_complement,3,group,cosmetics,"[""Heavy_Makeup"", ""Wearing_Lipstick"", ""Rosy_Cheeks""]",7.803413028199117,0.0331349218568984,-5.781956930114362,-1.7421854438551487,0.0262877061020212,0.0032571215854761,"[[3205], [629]]"
upper,log_complement,3,group,accessories,"[""Eyeglasses"", ""Wearing_Hat"", ""Wearing_Earrings"", ""Wearing_Necklace"", ""Wearing_Necktie""]",7.794388279686482,0.0342531138767695,-5.7365104106347165,-1.870401407879472,0.017262957589387,0.0021389295656051,"[[3181], [609]]"
upper,log_complement,3,group,expression,"[""Smiling"", ""Mouth_Slightly_Open""]",7.783085871375669,0.0356535144265225,-5.908511599668236,-1.5484075516401514,0.0059605492785737,0.0007385290158521,"[[3225], [631]]"
upper,log_complement,3,group,facial_structure,"[""Big_Lips"", ""Big_Nose"", ""Pointy_Nose"", ""Narrow_Eyes"", ""Arched_Eyebrows"", ""Bushy_Eyebrows"", ""High_Cheekbones"", ""Oval_Face"", ""Double_Chin"", ""Chubby""]",7.81135224260641,0.0321512306014744,-5.682528086425695,-1.812755748095921,0.0342269205093144,0.0042408128409002,"[[2567], [657]]"
upper,log_complement,3,group,age_sex_annotations,"[""Male"", ""Young""]",7.783219295606311,0.0356369827846987,-6.151658323021211,-1.6717682366542972,0.0060939735092153,0.0007550606576759,"[[3275], [729]]"
upper,log_complement,4,attribute,5_o_Clock_Shadow,"[""5_o_Clock_Shadow""]",5.994159407828601,0.05064924312821,-5.33194794285789,-0.5715592122379967,0.0195061347591147,0.0030893679225519,"[[3109], [792]]"
upper,log_complement,4,attribute,Arched_Eyebrows,"[""Arched_Eyebrows""]",5.976374509350755,0.0534660028574858,-5.073755503131473,-0.7136754407425818,0.001721236281269,0.0002726081932762,"[[2934], [619]]"
upper,log_complement,4,attribute,Attractive,"[""Attractive""]",5.991082692889901,0.0511365310791976,-5.200149614990798,-0.6781207288363711,0.0164294198204144,0.0026020799715643,"[[3084], [620]]"
upper,log_complement,4,attribute,Bags_Under_Eyes,"[""Bags_Under_Eyes""]",5.9738917535200855,0.0538592199821247,-5.065206994160255,-0.7060453782293887,-0.0007615195494006,-0.0001206089313626,"[[3253], [654]]"
upper,log_complement,4,attribute,Bald,"[""Bald""]",5.976708807721444,0.0534130569163384,-5.141726090708231,-0.7885329971943227,0.0020555346519577,0.0003255541344235,"[[3218], [624]]"
upper,log_complement,4,attribute,Bangs,"[""Bangs""]",5.974662946105616,0.0537370790420939,-5.07185292947813,-0.7233527341881931,9.673036129420607e-06,1.532008668148066e-06,"[[2976], [611]]"
upper,log_complement,4,attribute,Big_Lips,"[""Big_Lips""]",5.977951808699236,0.053216191294527,-5.088596532237841,-0.7003390655034645,0.0032985356297494,0.000522419756235,"[[3039], [633]]"
upper,log_complement,4,attribute,Big_Nose,"[""Big_Nose""]",5.975909289051582,0.0535396841217102,-5.022605307777828,-0.6571560873093905,0.0012560159820962,0.0001989269290517,"[[2911], [671]]"
upper,log_complement,4,attribute,Black_Hair,"[""Black_Hair""]",5.98194428715861,0.0525838653603433,-5.140858171913394,-0.7232708364221483,0.007291014089124,0.0011547456904187,"[[3227], [634]]"
upper,log_complement,4,attribute,Blond_Hair,"[""Blond_Hair""]",5.989027662868065,0.0514620052906568,-5.181441973922871,-0.7606481021696014,0.0143743897985793,0.0022766057601052,"[[2941], [634]]"
upper,log_complement,4,attribute,Blurry,"[""Blurry""]",5.983048195795934,0.0524090290857203,-5.179160870579468,-0.7659285009199581,0.0083949227264481,0.0013295819650417,"[[3168], [579]]"
upper,log_complement,4,attribute,Brown_Hair,"[""Brown_Hair""]",5.9797907092827804,0.0529249475117007,-5.085725839675767,-0.6634692024046207,0.0051374362132943,0.0008136635390613,"[[3051], [637]]"
upper,log_complement,4,attribute,Bushy_Eyebrows,"[""Bushy_Eyebrows""]",5.978606908539173,0.0531124370420027,-5.092870214708798,-0.693582678513998,0.0039536354696867,0.0006261740087593,"[[3217], [592]]"
upper,log_complement,4,attribute,Chubby,"[""Chubby""]",5.973478545396195,0.05392466359456,-5.256911612829676,-0.6810974005703936,-0.0011747276732911,-0.0001860525437979,"[[3174], [746]]"
upper,log_complement,4,attribute,Double_Chin,"[""Double_Chin""]",5.97422474764973,0.0538064806057579,-5.069793366057276,-0.699751569371418,-0.000428525419756,-6.786955499593628e-05,"[[3108], [661]]"
upper,log_complement,4,attribute,Eyeglasses,"[""Eyeglasses""]",6.014994081945802,0.0473494620752555,-5.406141922892216,-1.419992557428138,0.0403408088763157,0.0063891489755064,"[[3107], [697]]"
upper,log_complement,4,attribute,Goatee,"[""Goatee""]",5.980021461677873,0.0528884011094404,-5.186535160723918,-0.7190649475686683,0.0053681886083865,0.0008502099413215,"[[3218], [671]]"
upper,log_complement,4,attribute,Gray_Hair,"[""Gray_Hair""]",5.974083966088431,0.0538287774905552,-5.059143408927559,-0.728080120968122,-0.0005693069810552,-9.016643979320448e-05,"[[3076], [610]]"
upper,log_complement,4,attribute,Heavy_Makeup,"[""Heavy_Makeup""]",5.9732382761331975,0.0539627172716747,-5.068578279754551,-0.6978455567303565,-0.0014149969362886,-0.0002241062209127,"[[3322], [660]]"
upper,log_complement,4,attribute,High_Cheekbones,"[""High_Cheekbones""]",5.981479976236348,0.0526574025980913,-5.293691141036192,-0.6788462155993429,0.0068267031668618,0.0010812084526706,"[[3212], [609]]"
upper,log_complement,4,attribute,Male,"[""Male""]",5.9759341220998,0.0535357510809756,-5.22644361295465,-0.8780082963339693,0.001280849030314,0.0002028599697864,"[[3033], [668]]"
upper,log_complement,4,attribute,Mouth_Slightly_Open,"[""Mouth_Slightly_Open""]",5.973548606049295,0.0539135674375307,-5.05450896982374,-0.73100660320589,-0.0011046670201908,-0.0001749563867686,"[[3174], [589]]"
upper,log_complement,4,attribute,Mustache,"[""Mustache""]",5.973922496171767,0.0538543509825443,-5.064270995822952,-0.7020449327078997,-0.0007307768977193,-0.0001157399317822,"[[3151], [693]]"
upper,log_complement,4,attribute,Narrow_Eyes,"[""Narrow_Eyes""]",5.980984430845624,0.0527358867290161,-5.104161950535917,-0.7572772406111778,0.0063311577761382,0.0010027243217458,"[[3217], [630]]"
upper,log_complement,4,attribute,No_Beard,"[""No_Beard""]",5.978622487067251,0.0531099697256676,-5.203408450199239,-0.6804117890848569,0.0039692139977649,0.0006286413250944,"[[3229], [704]]"
upper,log_complement,4,attribute,Oval_Face,"[""Oval_Face""]",5.981563489364702,0.0526441758474801,-5.045022311889767,-0.7132139485038569,0.0069102162952159,0.0010944352032818,"[[3125], [720]]"
upper,log_complement,4,attribute,Pale_Skin,"[""Pale_Skin""]",5.983291302372687,0.0523705260368458,-5.183161876127728,-0.6939013890464039,0.0086380293032011,0.0013680850139161,"[[2859], [710]]"
upper,log_complement,4,attribute,Pointy_Nose,"[""Pointy_Nose""]",5.973359873934543,0.0539434586973047,-5.0781992764497925,-0.7031497233183179,-0.0012933991349433,-0.0002048476465427,"[[2919], [642]]"
upper,log_complement,4,attribute,Receding_Hairline,"[""Receding_Hairline""]",5.977869932278394,0.0532291588245521,-5.199520063836074,-0.6663953473091446,0.003216659208908,0.0005094522262099,"[[2962], [669]]"
upper,log_complement,4,attribute,Rosy_Cheeks,"[""Rosy_Cheeks""]",5.982002971050063,0.052574571046833,-5.092742502942714,-0.5961534059927867,0.0073496979805769,0.001164040003929,"[[2970], [642]]"
upper,log_complement,4,attribute,Sideburns,"[""Sideburns""]",5.97791508672825,0.0532220072944992,-5.196121144294969,-0.6926215315231259,0.0032618136587636,0.0005166037562628,"[[3237], [708]]"
upper,log_complement,4,attribute,Smiling,"[""Smiling""]",5.975166447023065,0.053657334920434,-5.133647090437643,-0.6806765001755437,0.0005131739535793,8.127613032804515e-05,"[[2934], [578]]"
upper,log_complement,4,attribute,Straight_Hair,"[""Straight_Hair""]",5.975552751394405,0.0535961523054313,-5.076495938839997,-0.5565696012280674,0.0008994783249187,0.0001424587453306,"[[3329], [638]]"
upper,log_complement,4,attribute,Wavy_Hair,"[""Wavy_Hair""]",5.974748768953013,0.0537234864798028,-5.165102689484354,-0.707013797702071,9.549588352708582e-05,1.5124570959201831e-05,"[[3192], [640]]"
upper,log_complement,4,attribute,Wearing_Earrings,"[""Wearing_Earrings""]",5.967768115167285,0.0548290775233586,-5.174540086257741,-0.6900163325541198,-0.0068851579022011,-0.0010904664725965,"[[3189], [751]]"
upper,log_complement,4,attribute,Wearing_Hat,"[""Wearing_Hat""]",5.997272788047857,0.0501561481558407,-5.405190989981991,-1.0750911925744655,0.0226195149783707,0.0035824628949212,"[[3042], [883]]"
upper,log_complement,4,attribute,Wearing_Lipstick,"[""Wearing_Lipstick""]",5.973613126235898,0.053903348775694,-5.1870286108606285,-0.732195916754828,-0.0010401468335885,-0.0001647377249319,"[[3125], [649]]"
upper,log_complement,4,attribute,Wearing_Necklace,"[""Wearing_Necklace""]",5.983877238424516,0.0522777258965033,-5.0151062588365525,-0.8017420128057671,0.0092239653550301,0.0014608851542586,"[[3135], [527]]"
upper,log_complement,4,attribute,Wearing_Necktie,"[""Wearing_Necktie""]",5.976873713275712,0.0533869392904788,-5.099249039684594,-0.8598393358217091,0.0022204402062255,0.0003516717602831,"[[2813], [573]]"
upper,log_complement,4,attribute,Young,"[""Young""]",5.968394748623696,0.0547298317566632,-5.234310439248182,-0.6581952600091845,-0.0062585244457906,-0.0009912207059011,"[[3283], [677]]"
upper,log_complement,4,group,facial_hair,"[""5_o_Clock_Shadow"", ""Goatee"", ""Mustache"", ""No_Beard"", ""Sideburns""]",6.00587132067534,0.0487943185976834,-5.07870502101965,-0.6046373645072909,0.0312180476058534,0.0049442924530785,"[[2967], [735]]"
upper,log_complement,4,group,hair,"[""Bald"", ""Bangs"", ""Black_Hair"", ""Blond_Hair"", ""Brown_Hair"", ""Gray_Hair"", ""Receding_Hairline"", ""Straight_Hair"", ""Wavy_Hair""]",6.003296865467703,0.0492020590052393,-4.9591874574858,-0.6778695362668694,0.0286435923982164,0.0045365520455227,"[[2555], [533]]"
upper,log_complement,4,group,cosmetics,"[""Heavy_Makeup"", ""Wearing_Lipstick"", ""Rosy_Cheeks""]",5.983466080636475,0.0523428447781868,-5.17873582484739,-0.5731334064284841,0.0088128075669891,0.0013957662725752,"[[2922], [723]]"
upper,log_complement,4,group,accessories,"[""Eyeglasses"", ""Wearing_Hat"", ""Wearing_Earrings"", ""Wearing_Necklace"", ""Wearing_Necktie""]",6.046833913042544,0.0423066919896144,-5.332011423492994,-1.87669126001552,0.072180639973058,0.0114319190611476,"[[2614], [666]]"
upper,log_complement,4,group,expression,"[""Smiling"", ""Mouth_Slightly_Open""]",5.976098408824237,0.0535097314649499,-5.1034161151646025,-0.6334723042727033,0.0014451357547509,0.000228879585812,"[[3086], [633]]"
upper,log_complement,4,group,facial_structure,"[""Big_Lips"", ""Big_Nose"", ""Pointy_Nose"", ""Narrow_Eyes"", ""Arched_Eyebrows"", ""Bushy_Eyebrows"", ""High_Cheekbones"", ""Oval_Face"", ""Double_Chin"", ""Chubby""]",6.009097342023639,0.0482833836024124,-5.13461220330195,-0.6802744059516717,0.0344440689541531,0.0054552274483495,"[[2506], [661]]"
upper,log_complement,4,group,age_sex_annotations,"[""Male"", ""Young""]",5.967167975025846,0.0549241272974371,-5.270237823547744,-0.884537948334982,-0.0074852980436403,-0.001185516246675,"[[3044], [676]]"
